"SQFT","NFLOOR","NELVTR","NESLTR","EDSEAT","COURT","MONUSE","OPNWE","WKHRS","NWKER","COOK","HEATP","COOLP","SNACK","FASTFD","CAF","FDPREP","KITCHN","BREAKRM","OTFDRM","LABEQP","POOL","HTPOOL","RFGRES","RFGCOMPN","RFGWIN","RFGOPN","RFGCLN","RFGVNN","RFGICN","PCTERMN","LAPTPN","PRNTRN","SERVERN","TRNGRM","STDNRM","WBOARDS","TVVIDEON","RGSTRN","COPIERN","HDD65","CDD65","PBAPLUS","PBA","FINALWT","MFBTU","ELBTU","NGBTU","FKBTU","DHBTU","ONEACT","ACT1","ACT2","ACT3","ACT1PCT","ACT2PCT","ACT3PCT","PRAMTC","PRUNIT","CWUSED","WOUSED","COUSED","SOUSED","PRUSED","ELBTU0","NGBTU0","FKBTU0","DHBTU0","SOURCE_ENERGY","SOURCE_EUI","SITE_EUI","NGBTU_PERCENT","SUMBTU"
370000,2,2,NA,2500,NA,12,2,50,300,1,100,100,1,2,1,1,1,1,2,2,2,NA,1,6,2,NA,NA,NA,NA,1400,20,200,10,1,1,1,5,2,4,1316,3548,29,14,90.622000825,29320511,22989496,6331015,NA,NA,1,NA,NA,NA,NA,NA,NA,NA,NA,2,2,2,2,2,64370588.8,6647565.75,NA,NA,71018154.55,191.94,79.24,8.91,29320511
104000,3,1,NA,900,NA,12,1,50,71,1,100,100,1,2,1,1,2,1,2,2,2,NA,2,NA,2,NA,3,6,NA,250,200,50,2,2,1,1,995,6,3,3674,1894,28,14,139.16995492,8310298,4621220,3689078,NA,NA,1,NA,NA,NA,NA,NA,NA,NA,NA,2,2,2,2,2,12939416,3873531.9,NA,NA,16812947.9,161.66,79.91,21.94,8310298
41500,1,NA,NA,300,NA,9,2,45,22,1,100,45,2,2,1,2,2,2,2,2,2,NA,1,NA,1,NA,NA,NA,NA,80,12,12,0,2,1,1,NA,NA,4,5569,178,28,14,311.1344891,2415265,994922,1420343,NA,NA,1,NA,NA,NA,NA,NA,NA,NA,NA,2,2,2,2,2,2785781.6,1491360.15,NA,NA,4277141.75,103.06,58.2,33.21,2415265
81000,2,NA,NA,500,NA,12,2,45,40,1,100,100,2,2,2,1,2,1,2,2,2,NA,2,4,2,NA,NA,3,2,100,88,6,5,2,1,1,4,1,2,2867,1811,29,14,242.08690218,4779341,1694911,3084430,NA,NA,1,NA,NA,NA,NA,NA,NA,NA,NA,2,2,2,2,2,4745750.8,3238651.5,NA,NA,7984402.3,98.57,59,38.63,4779341
49500,1,NA,NA,450,NA,12,1,40,55,1,100,100,2,2,2,1,2,1,2,2,2,NA,2,NA,1,NA,NA,NA,1,100,0,5,1,1,1,2,1,NA,1,6297,308,28,14,311.1344891,3659400,1149687,2509713,NA,NA,1,NA,NA,NA,NA,NA,NA,NA,NA,2,2,2,2,2,3219123.6,2635198.65,NA,NA,5854322.25,118.27,73.93,42.87,3659400
48000,2,1,NA,450,NA,9,2,90,37,1,100,100,2,2,1,1,2,2,2,2,2,NA,2,NA,2,NA,NA,1,NA,130,40,3,5,1,2,1,17,1,1,4504,1036,28,14,239.38538189,5340528,2042488,3298040,NA,NA,1,NA,NA,NA,NA,NA,NA,NA,NA,2,2,2,2,2,5718966.4,3462942,NA,NA,9181908.4,191.29,111.26,35.92,5340528
126000,3,1,NA,225,NA,12,2,50,48,2,90,100,NA,NA,NA,NA,NA,NA,NA,2,2,NA,NA,NA,NA,NA,NA,NA,NA,1,227,15,1,2,1,2,3,1,3,3069,1970,28,14,239.38538189,2602186,2200488,401698,NA,NA,1,NA,NA,NA,NA,NA,NA,NA,NA,2,2,2,2,2,6161366.4,421782.9,NA,NA,6583149.3,52.25,20.65,6.1,2602186
36000,2,1,NA,300,NA,12,2,40,43,1,100,NA,2,2,1,2,2,1,2,2,2,NA,1,NA,NA,NA,NA,1,NA,20,6,4,0,2,1,1,NA,1,2,4460,1114,28,14,139.16995492,1286338,1286338,NA,NA,NA,1,NA,NA,NA,NA,NA,NA,NA,NA,2,2,2,2,2,3601746.4,NA,NA,NA,3601746.4,100.05,35.73,NA,1286338
18750,1,NA,NA,175,NA,9,2,40,8,2,NA,NA,NA,NA,NA,NA,NA,NA,NA,2,2,NA,NA,NA,NA,NA,NA,NA,NA,12,4,2,0,2,2,2,2,NA,NA,402,3830,29,14,1849.1849629,172159,172159,NA,NA,NA,1,NA,NA,NA,NA,NA,NA,NA,NA,2,2,2,2,2,482045.2,NA,NA,NA,482045.2,25.71,9.18,NA,172159
250000,4,1,NA,1250,NA,12,1,60,115,2,100,80,NA,NA,NA,NA,NA,NA,NA,1,2,NA,1,NA,1,NA,3,2,NA,300,8,22,3,2,1,1,3,2,3,6075,606,29,14,84.055763395,16873435,8145662,8727773,NA,NA,1,NA,NA,NA,NA,NA,NA,NA,NA,2,2,2,2,2,22807853.6,9164161.65,NA,NA,31972015.25,127.89,67.49,27.3,16873435
73000,1,NA,NA,500,NA,9,2,50,83,1,100,100,2,2,1,1,2,1,2,2,2,NA,1,24,1,2,2,4,2,346,0,60,0,1,1,1,10,NA,2,1644,3043,28,14,316.26326145,2693760,2518895,174865,NA,NA,1,NA,NA,NA,NA,NA,NA,NA,NA,2,2,2,2,2,7052906,183608.25,NA,NA,7236514.25,99.13,36.9,2.42,2693760
235000,2,2,NA,1250,NA,12,1,60,169,1,100,100,1,2,1,1,1,1,2,2,2,NA,1,8,2,NA,4,3,1,335,694,50,1,2,1,1,8,5,10,2786,1723,28,14,84.055763395,29809070,12331487,17477583,NA,NA,1,NA,NA,NA,NA,NA,NA,NA,NA,2,2,2,2,2,34528163.6,18351462.15,NA,NA,52879625.75,225.02,126.85,33.05,29809070
64000,2,NA,NA,400,NA,12,2,50,30,1,75,75,1,2,2,2,1,1,2,2,2,NA,1,NA,NA,NA,1,1,1,90,2,5,2,1,2,2,NA,NA,2,6692,169,29,14,138.56608864,3766944,1461206,2305738,NA,NA,1,NA,NA,NA,NA,NA,NA,NA,NA,2,2,2,2,2,4091376.8,2421024.9,NA,NA,6512401.7,101.76,58.86,35.41,3766944
88000,1,NA,NA,60,NA,11,2,50,75,1,100,100,2,2,2,1,2,2,2,2,2,NA,2,NA,2,NA,2,NA,1,200,60,6,2,1,1,1,1,1,1,3634,1692,28,14,138.56608864,2907900,2624487,283413,NA,NA,1,NA,NA,NA,NA,NA,NA,NA,NA,2,2,2,2,2,7348563.6,297583.65,NA,NA,7646147.25,86.89,33.04,3.71,2907900
54000,3,1,NA,400,NA,12,1,85,45,1,100,100,2,2,1,2,2,2,2,2,2,NA,1,NA,NA,NA,NA,1,NA,60,40,45,0,1,2,1,25,2,3,1454,3954,28,14,385.90781293,2943452,2030792,912660,NA,NA,1,NA,NA,NA,NA,NA,NA,NA,NA,2,2,2,2,2,5686217.6,958293,NA,NA,6644510.6,123.05,54.51,13.74,2943452
26500,1,NA,NA,200,NA,12,2,60,30,2,100,100,NA,NA,NA,NA,NA,NA,NA,2,2,NA,1,NA,NA,NA,NA,NA,NA,0,60,4,1,2,1,1,15,NA,1,6194,1052,28,14,583.35116997,1257373,716070,541303,NA,NA,1,NA,NA,NA,NA,NA,NA,NA,NA,2,2,2,2,2,2004996,568368.15,NA,NA,2573364.15,97.11,47.45,21.03,1257373
205000,1,NA,NA,1000,NA,12,1,85,130,1,100,90,1,2,1,1,2,1,2,2,2,NA,1,6,3,1,3,NA,1,325,400,24,8,1,1,1,NA,NA,6,7296,592,29,14,179.59592524,10778895,3719002,7059893,NA,NA,1,NA,NA,NA,NA,NA,NA,NA,NA,2,2,2,2,2,10413205.6,7412887.65,NA,NA,17826093.25,86.96,52.58,39.6,10778895
230000,3,3,NA,800,NA,12,1,85,60,1,100,100,2,2,1,2,2,2,2,1,2,NA,1,20,2,NA,3,3,1,50,50,50,75,1,2,1,10,2,3,6164,649,29,14,84.055763395,13553175,5558687,7994488,NA,NA,1,NA,NA,NA,NA,NA,NA,NA,NA,2,2,2,2,2,15564323.6,8394212.4,NA,NA,23958536,104.17,58.93,33.37,13553175
26500,1,NA,NA,150,NA,9,2,42,33,2,100,80,NA,NA,NA,NA,NA,NA,NA,2,2,NA,2,NA,NA,NA,3,NA,NA,40,44,8,2,2,1,1,11,1,2,6091,451,28,14,499.1203535,1089114,1089114,NA,NA,NA,1,NA,NA,NA,NA,NA,NA,NA,NA,2,2,2,2,2,3049519.2,NA,NA,NA,3049519.2,115.08,41.1,NA,1089114
142000,2,1,NA,900,NA,12,1,60,87,1,100,15,2,2,1,1,2,1,2,1,1,1,1,3,3,NA,NA,2,1,150,20,100,80,1,1,1,20,6,3,7628,565,28,14,125.65044,9297386,3392053,5905333,NA,NA,1,NA,NA,NA,NA,NA,NA,NA,NA,2,2,2,2,2,9497748.4,6200599.65,NA,NA,15698348.05,110.55,65.47,37.62,9297386
64000,2,NA,NA,300,NA,12,1,45,24,2,100,100,NA,NA,NA,NA,NA,NA,NA,2,2,NA,NA,NA,NA,NA,NA,NA,NA,65,1,12,2,2,1,2,NA,NA,2,2746,2155,28,14,299.39484032,2989702,2089137,900565,NA,NA,1,NA,NA,NA,NA,NA,NA,NA,NA,2,2,2,2,2,5849583.6,945593.25,NA,NA,6795176.85,106.17,46.71,13.25,2989702
55000,3,1,NA,600,NA,9,1,38,40,1,100,5,2,2,1,1,1,1,2,2,2,NA,2,NA,1,NA,1,4,NA,115,25,10,0,1,1,1,10,1,NA,4747,887,29,14,84.055763395,2338151,947021,1391130,NA,NA,1,NA,NA,NA,NA,NA,NA,NA,NA,2,2,2,2,2,2651658.8,1460686.5,NA,NA,4112345.3,74.77,42.51,33.83,2338151
22000,1,NA,NA,350,NA,9,1,60,30,1,100,100,2,2,1,2,1,1,2,2,2,NA,1,11,NA,2,NA,NA,1,20,6,2,0,2,1,1,5,1,2,5610,583,28,14,503.86330813,2890121,1306291,1583830,NA,NA,1,NA,NA,NA,NA,NA,NA,NA,NA,2,2,2,2,2,3657614.8,1663021.5,NA,NA,5320636.3,241.85,131.37,29.77,2890121
17250,1,NA,NA,175,NA,10,2,50,16,2,100,100,NA,NA,NA,NA,NA,NA,NA,2,2,NA,NA,NA,NA,NA,NA,NA,NA,24,12,12,0,2,2,1,12,NA,NA,2285,2161,29,14,583.35116997,1816848,619145,229703,NA,968000,1,NA,NA,NA,NA,NA,NA,NA,NA,2,2,2,2,2,1733606,241188.15,NA,1161600,3136394.15,181.82,105.32,7.32,1816848
275000,2,1,NA,1750,NA,12,2,45,202,1,100,70,2,2,1,1,2,2,2,1,1,1,1,2,2,NA,5,6,2,310,440,94,5,1,1,1,88,1,2,5594,618,29,14,125.65044,15671668,7937940,7733728,NA,NA,1,NA,NA,NA,NA,NA,NA,NA,NA,2,2,2,2,2,22226232,8120414.4,NA,NA,30346646.4,110.35,56.99,25.48,15671668
126000,1,NA,NA,700,NA,12,1,72,80,1,100,100,2,2,1,2,1,1,2,2,2,NA,1,20,2,6,6,3,3,400,40,100,2,1,1,2,10,2,6,914,3244,29,14,171.86695171,6212596,5461681,750915,NA,NA,1,NA,NA,NA,NA,NA,NA,NA,NA,2,2,2,2,2,15292706.8,788460.75,NA,NA,16081167.55,127.63,49.31,4.67,6212596
68000,3,NA,NA,600,NA,12,1,60,100,1,100,100,2,2,1,2,2,1,2,2,2,NA,1,4,2,NA,NA,1,NA,142,36,13,0,1,1,1,4,2,1,6714,878,28,14,242.08690218,3569026,1318741,2250285,NA,NA,1,NA,NA,NA,NA,NA,NA,NA,NA,2,2,2,2,2,3692474.8,2362799.25,NA,NA,6055274.05,89.05,52.49,37.16,3569026
68000,1,NA,NA,600,NA,9,2,40,50,1,100,100,2,2,1,1,2,1,2,2,2,NA,2,NA,2,NA,NA,NA,NA,67,0,1,2,1,2,1,3,NA,2,3545,1990,28,14,201.21025436,2487216,2081828,405388,NA,NA,1,NA,NA,NA,NA,NA,NA,NA,NA,2,2,2,2,2,5829118.4,425657.4,NA,NA,6254775.8,91.98,36.58,6.48,2487216
67000,1,NA,NA,600,NA,10,2,60,65,1,100,100,2,2,1,1,2,2,2,2,2,NA,2,NA,1,NA,3,1,1,30,40,10,1,2,1,1,30,1,3,3234,1425,28,14,360.21806967,1150032,1150032,NA,NA,NA,1,NA,NA,NA,NA,NA,NA,NA,NA,2,2,2,2,2,3220089.6,NA,NA,NA,3220089.6,48.06,17.16,NA,1150032
84000,1,NA,NA,800,NA,10,2,40,82,1,100,100,2,2,1,2,2,1,2,2,2,NA,1,4,1,2,2,2,1,174,100,57,1,1,1,1,20,2,7,3557,1779,28,14,316.08389453,7733974,5126271,2607703,NA,NA,1,NA,NA,NA,NA,NA,NA,NA,NA,2,2,2,2,2,14353558.8,2738088.15,NA,NA,17091646.95,203.47,92.07,15.26,7733974
500000,2,3,NA,3000,NA,12,1,80,235,1,75,15,2,2,1,2,2,2,2,2,1,1,1,50,6,3,12,6,1,600,150,500,20,2,1,1,995,8,12,4253,1110,29,14,84.055763395,10492458,9094747,709505,688206,NA,1,NA,NA,NA,NA,NA,NA,NA,NA,2,2,2,2,2,25465291.6,744980.25,695088.06,NA,26905359.91,53.81,20.98,2.64,10492458
210000,2,1,NA,2500,NA,12,1,60,140,1,100,100,1,2,1,2,2,1,2,2,2,NA,1,NA,2,NA,8,4,1,100,30,20,5,1,1,1,50,2,6,4103,1541,28,14,84.055763395,12667647,9412862,3254785,NA,NA,1,NA,NA,NA,NA,NA,NA,NA,NA,2,2,2,2,2,26356013.6,3417524.25,NA,NA,29773537.85,141.78,60.32,10.93,12667647
67000,1,NA,NA,600,NA,10,1,60,45,2,100,100,NA,NA,NA,NA,NA,NA,NA,2,2,NA,2,NA,NA,2,NA,NA,NA,80,2,4,0,1,1,1,12,NA,2,4216,1745,28,14,484.85166373,3824738,2452058,1372680,NA,NA,1,NA,NA,NA,NA,NA,NA,NA,NA,2,2,2,2,2,6865762.4,1441314,NA,NA,8307076.4,123.99,57.09,16.52,3824738
73000,2,1,NA,700,NA,12,2,40,50,1,90,75,2,2,1,2,1,1,2,2,2,NA,2,NA,1,NA,NA,1,NA,50,35,15,5,1,1,1,4,NA,3,3859,1509,28,14,356.19828827,4132089,2325950,1622883,183256,NA,1,NA,NA,NA,NA,NA,NA,NA,NA,2,2,2,2,2,6512660,1704027.15,185088.56,NA,8401775.71,115.09,56.6,19.32,4132089
142000,2,1,NA,800,NA,12,1,60,125,1,95,30,1,2,1,2,2,1,2,2,2,NA,1,8,2,NA,NA,2,NA,220,60,12,0,1,1,1,50,2,NA,6045,534,28,14,160.42583102,13203072,2968037,10235035,NA,NA,1,NA,NA,NA,NA,NA,NA,NA,NA,2,2,2,2,2,8310503.6,10746786.75,NA,NA,19057290.35,134.21,92.98,53.71,13203072
79000,2,1,NA,600,NA,12,2,40,50,1,100,100,1,2,2,2,1,2,2,2,2,NA,2,10,NA,NA,10,8,1,167,20,10,27,1,1,1,24,1,1,5152,865,29,14,239.38538189,2505811,2501549,NA,4262,NA,1,NA,NA,NA,NA,NA,NA,NA,NA,2,2,2,2,2,7004337.2,NA,4304.62,NA,7008641.82,88.72,31.72,NA,2505811
260000,3,1,NA,1000,NA,10,2,50,100,1,100,80,1,2,1,2,2,2,2,1,1,1,1,NA,2,NA,6,4,1,500,1420,50,10,1,1,1,50,3,10,6409,961,29,14,84.055763395,10918589,8556989,2361600,NA,NA,1,NA,NA,NA,NA,NA,NA,NA,NA,2,2,2,2,2,23959569.2,2479680,NA,NA,26439249.2,101.69,41.99,8.93,10918589
116000,2,1,NA,1250,NA,11,2,50,85,1,100,100,2,2,1,2,2,2,2,2,2,NA,1,20,2,NA,NA,NA,1,290,7,14,3,2,1,1,68,1,3,365,3383,28,14,171.86695171,4256136,4158761,97375,NA,NA,1,NA,NA,NA,NA,NA,NA,NA,NA,2,2,2,2,2,11644530.8,102243.75,NA,NA,11746774.55,101.27,36.69,0.83,4256136
37500,2,1,NA,600,NA,12,2,50,20,2,90,95,NA,NA,NA,NA,NA,NA,NA,2,2,NA,NA,NA,NA,NA,NA,NA,NA,80,3,3,1,2,1,1,15,NA,2,1123,4892,28,14,624.95414063,2877474,2693794,183680,NA,NA,1,NA,NA,NA,NA,NA,NA,NA,NA,2,2,2,2,2,7542623.2,192864,NA,NA,7735487.2,206.28,76.73,2.37,2877474
335000,2,NA,NA,2500,NA,12,1,80,300,1,85,85,2,2,1,1,2,2,2,2,2,NA,2,NA,2,NA,NA,NA,NA,420,58,30,9,2,1,1,NA,2,8,296,3581,29,14,90.622000825,13616622,13080854,535768,NA,NA,1,NA,NA,NA,NA,NA,NA,NA,NA,2,2,2,2,2,36626391.2,562556.4,NA,NA,37188947.6,111.01,40.65,1.44,13616622
136000,2,1,NA,1000,NA,12,2,40,83,1,100,90,2,2,1,1,2,1,2,2,2,NA,1,NA,2,4,5,8,3,550,100,75,0,2,2,1,50,4,7,4366,1211,28,14,271.01509096,5614179,5344809,269370,NA,NA,1,NA,NA,NA,NA,NA,NA,NA,NA,2,2,2,2,2,14965465.2,282838.5,NA,NA,15248303.7,112.12,41.28,1.77,5614179
3100,1,NA,NA,45,NA,10,2,35,3,2,90,90,NA,NA,NA,NA,NA,NA,NA,2,2,NA,NA,NA,NA,NA,NA,NA,NA,6,1,2,0,2,1,1,NA,NA,NA,2367,1051,28,14,1849.1849629,60444,60444,NA,NA,NA,1,NA,NA,NA,NA,NA,NA,NA,NA,2,2,2,2,2,169243.2,NA,NA,NA,169243.2,54.59,19.5,NA,60444
136000,1,NA,NA,1500,NA,10,1,45,124,1,100,100,2,2,1,2,2,1,2,2,2,NA,1,4,1,2,2,2,1,174,100,57,1,1,1,1,100,2,7,3944,1524,28,14,366.15594072,13172594,7695404,5477190,NA,NA,1,NA,NA,NA,NA,NA,NA,NA,NA,2,2,2,2,2,21547131.2,5751049.5,NA,NA,27298180.7,200.72,96.86,20.06,13172594
22000,1,NA,NA,350,NA,12,2,50,20,2,100,100,NA,NA,NA,NA,NA,NA,NA,2,2,NA,NA,NA,NA,NA,NA,NA,NA,70,14,2,0,2,2,1,14,NA,2,1370,1366,28,14,316.26326145,1059851,819283,240568,NA,NA,1,NA,NA,NA,NA,NA,NA,NA,NA,2,2,2,2,2,2293992.4,252596.4,NA,NA,2546588.8,115.75,48.18,9.45,1059851
172000,2,1,NA,1250,NA,9,1,70,60,1,100,100,1,2,1,1,2,1,2,2,2,NA,1,NA,1,3,NA,NA,1,400,60,15,1,2,1,1,NA,3,6,2049,2409,28,14,362.06989684,6318824,3859951,2458873,NA,NA,1,NA,NA,NA,NA,NA,NA,NA,NA,2,2,2,2,2,10807862.8,2581816.65,NA,NA,13389679.45,77.85,36.74,18.36,6318824
225000,2,1,NA,1250,NA,12,1,65,60,1,95,95,2,2,1,2,2,2,2,1,2,NA,2,NA,2,NA,NA,6,NA,600,50,20,1,2,1,1,2,2,5,2850,2096,29,14,15.945623796,7071980,3360967,3711013,NA,NA,1,NA,NA,NA,NA,NA,NA,NA,NA,2,2,2,2,2,9410707.6,3896563.65,NA,NA,13307271.25,59.14,31.43,27.89,7071980
80000,3,NA,NA,250,NA,12,1,105,47,1,33,66,1,2,2,1,2,1,2,2,2,NA,2,NA,NA,NA,5,NA,NA,50,8,50,60,1,1,1,4,NA,2,1432,770,28,14,336.40197304,2223864,681956,1541908,NA,NA,1,NA,NA,NA,NA,NA,NA,NA,NA,2,2,2,2,2,1909476.8,1619003.4,NA,NA,3528480.2,44.11,27.8,43.7,2223864
116000,1,NA,NA,900,NA,12,2,40,92,1,100,100,2,2,1,1,2,1,2,2,2,NA,1,30,2,NA,NA,1,NA,150,120,50,2,1,2,1,50,4,3,2810,2377,28,14,138.56608864,3996508,3010868,985640,NA,NA,1,NA,NA,NA,NA,NA,NA,NA,NA,2,2,2,2,2,8430430.4,1034922,NA,NA,9465352.4,81.6,34.45,10.41,3996508
67000,1,NA,NA,800,NA,12,2,50,65,1,100,100,2,2,1,1,2,2,2,2,2,NA,1,14,2,2,3,4,2,180,12,6,3,1,1,1,60,3,2,1999,2802,28,14,209.09996186,2555195,2271065,284130,NA,NA,1,NA,NA,NA,NA,NA,NA,NA,NA,2,2,2,2,2,6358982,298336.5,NA,NA,6657318.5,99.36,38.14,4.27,2555195
33500,1,NA,NA,350,NA,10,2,50,20,2,100,100,NA,NA,NA,NA,NA,NA,NA,1,2,NA,1,NA,NA,NA,NA,4,NA,10,12,1,1,2,2,2,NA,NA,NA,2773,2016,29,14,84.055763395,2126552,935297,1191255,NA,NA,1,NA,NA,NA,NA,NA,NA,NA,NA,2,2,2,2,2,2618831.6,1250817.75,NA,NA,3869649.35,115.51,63.48,30.78,2126552
77000,6,NA,NA,800,NA,10,1,59,80,1,100,100,2,2,1,1,2,2,2,2,2,NA,1,2,NA,NA,NA,NA,NA,80,60,30,0,2,1,2,NA,NA,3,3713,1278,28,14,212.42624205,6326359,1347245,4635973,343141,NA,1,NA,NA,NA,NA,NA,NA,NA,NA,2,2,2,2,2,3772286,4867771.65,346572.41,NA,8986630.06,116.71,82.16,51.59,6326359
67000,1,NA,NA,350,NA,12,1,96,42,1,100,82,1,2,1,2,1,1,2,2,2,NA,2,NA,3,NA,NA,NA,1,100,200,6,6,2,1,2,22,NA,1,5564,1049,29,14,139.16995492,5517834,2988134,2529700,NA,NA,1,NA,NA,NA,NA,NA,NA,NA,NA,2,2,2,2,2,8366775.2,2656185,NA,NA,11022960.2,164.52,82.36,22.95,5517834
38000,2,NA,NA,600,NA,12,1,85,25,2,NA,100,NA,NA,NA,NA,NA,NA,NA,1,2,NA,1,NA,NA,NA,NA,1,NA,40,25,5,0,1,2,2,2,NA,1,93,4295,29,14,259.35186162,1898594,1898594,NA,NA,NA,1,NA,NA,NA,NA,NA,NA,1,1,2,2,2,2,1,5316063.2,NA,NA,NA,5316063.2,139.9,49.96,NA,1898594
95000,2,1,NA,500,NA,11,2,50,64,1,100,100,2,2,1,2,2,2,2,2,2,NA,1,20,2,NA,NA,NA,NA,255,35,13,3,2,1,1,41,2,3,422,3739,28,14,392.2691563,4041371,4041371,NA,NA,NA,1,NA,NA,NA,NA,NA,NA,3,1,2,2,2,2,1,11315838.8,NA,NA,NA,11315838.8,119.11,42.54,NA,4041371
215000,1,NA,NA,1500,NA,12,1,60,60,1,90,95,2,2,1,1,2,2,2,2,2,NA,1,NA,2,NA,NA,6,3,100,40,50,4,1,1,1,60,2,5,5692,406,29,14,84.58932707,9949413,4095185,5852853,1375,NA,1,NA,NA,NA,NA,NA,NA,NA,NA,2,2,2,2,2,11466518,6145495.65,1388.75,NA,17613402.4,81.92,46.28,33.23,9949413
176000,3,2,NA,600,NA,12,1,80,100,2,100,100,NA,NA,NA,NA,NA,NA,NA,2,2,NA,1,NA,NA,NA,2,4,NA,200,50,4,1,1,2,1,2,NA,1,7155,861,28,14,125.65044,19323724,4625584,14643150,54990,NA,1,NA,NA,NA,NA,NA,NA,NA,NA,2,2,2,2,2,12951635.2,15375307.5,55539.9,NA,28382482.6,161.26,109.79,51.59,19323724
63000,1,NA,NA,800,NA,12,2,80,33,1,100,100,2,2,1,1,2,1,2,2,2,NA,1,1,2,3,2,NA,1,98,6,28,0,1,2,1,2,3,1,3622,1285,28,14,84.58932707,10838270,1662265,9176005,NA,NA,1,NA,NA,NA,NA,NA,NA,NA,NA,2,2,2,2,2,4654342,9634805.25,NA,NA,14289147.25,226.81,172.04,64.22,10838270
54000,1,NA,NA,600,NA,12,2,40,40,1,100,100,2,2,1,1,2,2,2,2,2,NA,1,NA,2,NA,2,NA,NA,300,0,50,1,2,1,1,3,1,2,3536,1450,28,14,653.05875273,4400683,2226555,2174128,NA,NA,1,NA,NA,NA,NA,NA,NA,NA,NA,2,2,2,2,2,6234354,2282834.4,NA,NA,8517188.4,157.73,81.49,25.53,4400683
78000,2,1,NA,500,NA,12,2,45,40,1,100,20,2,2,1,1,2,1,2,2,2,NA,2,1,2,NA,1,NA,1,60,5,5,1,2,1,2,10,1,NA,5612,791,28,14,242.08690218,2381592,901856,1228155,251581,NA,1,NA,NA,NA,NA,NA,NA,NA,NA,2,2,2,2,2,2525196.8,1289562.75,254096.81,NA,4068856.36,52.16,30.53,30.18,2381592
108000,1,NA,NA,500,NA,10,1,72,45,1,100,100,1,2,1,2,2,1,2,1,2,NA,1,2,2,NA,1,2,2,250,200,30,2,1,1,1,20,NA,2,4850,847,29,14,133.33774762,6357425,1966837,4390588,NA,NA,1,NA,NA,NA,NA,NA,NA,NA,NA,2,2,2,2,2,5507143.6,4610117.4,NA,NA,10117261,93.68,58.87,43.4,6357425
37500,1,NA,NA,200,NA,9,2,50,19,2,100,95,NA,NA,NA,NA,NA,NA,NA,2,2,NA,2,NA,NA,NA,NA,3,NA,25,25,3,1,2,2,1,NA,1,2,2132,2146,29,14,583.35116997,682226,562608,119618,NA,NA,1,NA,NA,NA,NA,NA,NA,NA,NA,2,2,2,2,2,1575302.4,125598.9,NA,NA,1700901.3,45.36,18.19,7.03,682226
88000,2,1,NA,600,NA,10,2,60,125,1,100,100,2,2,1,2,2,2,2,2,2,NA,2,NA,2,NA,NA,NA,1,230,50,200,0,2,1,1,50,NA,NA,2138,2028,29,14,583.35116997,6007694,4500534,1507160,NA,NA,1,NA,NA,NA,NA,NA,NA,NA,NA,2,2,2,2,2,12601495.2,1582518,NA,NA,14184013.2,161.18,68.27,10.63,6007694
17500,1,NA,NA,225,NA,12,2,40,25,2,100,100,NA,NA,NA,NA,NA,NA,NA,2,2,NA,NA,NA,NA,NA,NA,NA,NA,25,30,10,0,2,1,1,NA,NA,2,2923,2444,28,14,503.86330813,638512,475844,162668,NA,NA,1,NA,NA,NA,NA,NA,NA,NA,NA,2,2,2,2,2,1332363.2,170801.4,NA,NA,1503164.6,85.9,36.49,10.82,638512
94000,1,NA,NA,600,NA,12,2,60,74,1,100,100,2,2,1,1,2,1,2,2,2,NA,1,2,2,NA,2,2,1,142,294,20,1,1,1,1,20,2,5,2796,1756,28,14,356.19828827,5816401,3944197,1633133,239071,NA,1,NA,NA,NA,NA,NA,NA,NA,NA,2,2,2,2,2,11043751.6,1714789.65,241461.71,NA,13000002.96,138.3,61.88,12.56,5816401
178000,3,1,NA,1250,NA,12,2,45,139,1,100,95,2,2,1,1,2,1,2,2,2,NA,1,20,2,4,4,1,2,7,250,6,0,1,1,1,60,3,4,6456,944,28,14,15.945623796,9091762,5008622,3401258,681882,NA,1,NA,NA,NA,NA,NA,NA,NA,NA,2,2,2,2,2,14024141.6,3571320.9,688700.82,NA,18284163.32,102.72,51.08,18.6,9091762
250000,5,1,NA,2000,NA,12,1,73,210,1,100,10,2,2,1,2,2,2,2,1,2,NA,1,45,1,NA,NA,NA,NA,363,850,114,1,1,1,1,15,1,26,4083,1129,29,14,84.055763395,20051365,5927674,14028970,94721,NA,1,NA,NA,NA,NA,NA,NA,NA,NA,2,2,2,2,2,16597487.2,14730418.5,95668.21,NA,31423573.91,125.69,80.21,44.64,20051365
80000,3,NA,NA,400,NA,12,1,72,30,1,100,95,2,2,2,1,2,2,2,1,2,NA,2,NA,1,NA,5,NA,1,80,4,10,1,1,1,1,5,NA,2,4622,1578,28,14,120.94951517,2465697,1336044,1129653,NA,NA,2,17,18,NA,55,45,NA,NA,NA,2,2,2,2,2,3740923.2,1186135.65,NA,NA,4927058.85,61.59,30.82,22.93,2465697
90000,2,1,NA,700,NA,10,2,55,40,1,100,100,2,2,1,1,2,2,2,2,2,NA,2,20,2,NA,NA,2,1,111,10,33,1,2,1,1,25,1,3,2835,1512,28,14,227.79159189,2585934,2585934,NA,NA,NA,1,NA,NA,NA,NA,NA,NA,NA,NA,2,2,2,2,2,7240615.2,NA,NA,NA,7240615.2,80.45,28.73,NA,2585934
112000,1,NA,NA,900,NA,9,2,35,45,1,100,100,2,2,1,1,2,1,2,2,2,NA,1,10,2,NA,NA,3,1,70,170,6,2,1,1,1,25,2,6,5952,998,29,14,141.92588364,5811461,2636244,2895728,279489,NA,1,NA,NA,NA,NA,NA,NA,NA,NA,2,2,2,2,2,7381483.2,3040514.4,282283.89,NA,10704281.49,95.57,51.89,27.05,5811461
275000,2,2,NA,1250,NA,12,2,47,158,1,100,85,1,2,1,1,1,1,2,2,2,NA,1,25,4,2,6,15,3,260,50,90,4,1,1,1,35,4,12,3762,1429,29,14,48.841044419,15698722,11293682,4405040,NA,NA,1,NA,NA,NA,NA,NA,NA,NA,NA,2,2,2,2,2,31622309.6,4625292,NA,NA,36247601.6,131.81,57.09,12.15,15698722
69000,1,NA,NA,900,NA,9,2,45,57,1,100,100,2,2,1,2,2,2,2,2,2,NA,2,NA,1,NA,2,2,1,148,10,12,1,2,1,1,5,2,3,4747,1577,28,14,160.42583102,3343868,1990458,1353410,NA,NA,1,NA,NA,NA,NA,NA,NA,NA,NA,2,2,2,2,2,5573282.4,1421080.5,NA,NA,6994362.9,101.37,48.46,19.35,3343868
43500,1,NA,NA,300,NA,12,2,35,55,1,100,100,2,2,1,2,2,1,2,2,2,NA,1,NA,2,NA,2,1,2,70,5,20,0,2,1,1,NA,1,2,2185,2965,28,14,1162.262962,1720135,779390,940745,NA,NA,1,NA,NA,NA,NA,NA,NA,NA,NA,2,2,2,2,2,2182292,987782.25,NA,NA,3170074.25,72.88,39.54,29.68,1720135
62000,1,NA,NA,400,NA,12,2,45,30,1,100,100,1,2,1,1,2,1,2,2,2,NA,1,NA,1,1,1,2,1,90,15,9,1,1,1,1,NA,2,2,3949,1548,28,14,366.15594072,2110503,2110503,NA,NA,NA,1,NA,NA,NA,NA,NA,NA,NA,NA,2,2,2,2,2,5909408.4,NA,NA,NA,5909408.4,95.31,34.04,NA,2110503
6800,1,NA,NA,20,NA,8,2,37,3,2,NA,100,NA,NA,NA,NA,NA,NA,NA,2,2,NA,NA,NA,NA,NA,NA,NA,NA,2,0,1,0,NA,NA,2,NA,NA,NA,175,3800,28,14,366.15594072,201332,201332,NA,NA,NA,1,NA,NA,NA,NA,NA,NA,NA,NA,2,2,2,2,2,563729.6,NA,NA,NA,563729.6,82.9,29.61,NA,201332
68000,2,1,NA,400,NA,12,2,40,35,1,100,100,2,2,1,1,2,2,2,2,2,NA,2,NA,1,NA,NA,NA,NA,137,59,17,2,2,1,1,6,NA,1,5137,1003,28,14,316.08389453,3725783,2273358,1452425,NA,NA,1,NA,NA,NA,NA,NA,NA,NA,NA,2,2,2,2,2,6365402.4,1525046.25,NA,NA,7890448.65,116.04,54.79,18.41,3725783
62000,1,NA,NA,900,NA,9,2,50,66,2,100,100,NA,NA,NA,NA,NA,NA,NA,2,2,NA,1,4,1,NA,NA,2,NA,304,19,28,0,1,1,1,2,1,6,4816,1505,28,14,583.35116997,2991498,1597498,1394000,NA,NA,1,NA,NA,NA,NA,NA,NA,NA,NA,2,2,2,2,2,4472994.4,1463700,NA,NA,5936694.4,95.75,48.25,23.48,2991498
42000,3,NA,NA,300,NA,12,2,50,50,1,100,1,2,2,2,2,1,2,2,1,2,NA,2,NA,NA,NA,3,1,NA,30,0,2,1,1,1,2,1,NA,3,4413,1276,28,14,308.205725,2148282,288829,1859453,NA,NA,1,NA,NA,NA,NA,NA,NA,NA,NA,2,2,2,2,2,808721.2,1952425.65,NA,NA,2761146.85,65.74,51.15,67.34,2148282
51000,1,NA,NA,450,NA,12,2,50,40,1,100,15,2,2,1,2,1,1,2,2,2,NA,2,NA,NA,NA,5,2,NA,55,15,15,1,2,1,1,25,1,3,3348,2213,28,14,242.08690218,3268167,1322102,1946065,NA,NA,1,NA,NA,NA,NA,NA,NA,NA,NA,2,2,2,2,2,3701885.6,2043368.25,NA,NA,5745253.85,112.65,64.08,33.87,3268167
61000,2,NA,NA,600,NA,12,2,55,40,1,100,100,2,2,1,2,2,1,2,2,2,NA,1,NA,2,NA,2,NA,NA,175,10,4,2,2,1,1,NA,1,2,4832,995,28,14,207.13166685,4747514,1316121,3431393,NA,NA,1,NA,NA,NA,NA,NA,NA,NA,NA,2,2,2,2,2,3685138.8,3602962.65,NA,NA,7288101.45,119.48,77.83,47.08,4747514
20000,1,NA,NA,300,NA,12,2,50,15,2,100,100,NA,NA,NA,NA,NA,NA,NA,2,2,NA,NA,NA,NA,NA,NA,NA,NA,84,12,2,0,2,1,1,12,NA,2,1351,1189,28,14,316.26326145,1051891,828543,223348,NA,NA,1,NA,NA,NA,NA,NA,NA,NA,NA,2,2,2,2,2,2319920.4,234515.4,NA,NA,2554435.8,127.72,52.59,8.74,1051891
104000,3,1,NA,800,NA,11,2,45,80,1,100,100,2,2,2,1,2,1,2,2,2,NA,1,NA,3,NA,NA,NA,NA,150,225,20,1,2,1,1,NA,NA,3,5051,1435,28,14,84.055763395,7710593,3520290,4190303,NA,NA,1,NA,NA,NA,NA,NA,NA,NA,NA,2,2,2,2,2,9856812,4399818.15,NA,NA,14256630.15,137.08,74.14,29.39,7710593
106000,2,1,NA,700,NA,11,1,45,62,1,100,100,1,1,2,1,1,1,2,2,2,NA,1,NA,3,2,4,3,1,40,700,8,1,1,2,1,42,2,3,4905,1052,28,14,139.16995492,7096946,2388506,4708440,NA,NA,1,NA,NA,NA,NA,NA,NA,NA,NA,2,2,2,2,2,6687816.8,4943862,NA,NA,11631678.8,109.73,66.95,40.48,7096946
79000,5,1,NA,500,NA,12,1,50,65,1,100,96,2,2,1,2,2,2,2,2,2,NA,2,NA,NA,NA,8,3,NA,30,100,40,2,1,1,1,4,NA,NA,4753,1360,28,14,139.16995492,7062397,3492117,3570280,NA,NA,1,NA,NA,NA,NA,NA,NA,NA,NA,2,2,2,2,2,9777927.6,3748794,NA,NA,13526721.6,171.22,89.4,26.39,7062397
158000,2,NA,NA,900,NA,12,1,70,51,1,100,NA,1,2,2,2,2,1,2,2,2,NA,2,NA,1,NA,NA,2,NA,60,30,100,2,2,1,1,NA,1,1,10744,16,28,14,125.65044,16898528,5116014,11381908,400606,NA,1,NA,NA,NA,NA,NA,NA,NA,NA,2,2,2,2,2,14324839.2,11951003.4,404612.06,NA,26680454.66,168.86,106.95,42.66,16898528
31500,1,NA,NA,500,NA,12,2,40,54,1,100,100,1,2,2,2,1,1,2,2,2,NA,1,6,NA,NA,2,NA,1,233,7,50,1,1,1,1,NA,NA,4,678,4379,28,14,311.1344891,2534655,2534655,NA,NA,NA,1,NA,NA,NA,NA,NA,NA,NA,NA,2,2,2,2,2,7097034,NA,NA,NA,7097034,225.3,80.47,NA,2534655
75000,1,NA,NA,250,NA,12,2,60,35,1,100,100,2,2,2,1,2,2,2,2,2,NA,1,NA,NA,NA,NA,1,NA,100,35,20,6,2,2,1,30,NA,3,6143,920,28,14,271.01509096,2007924,711504,1296420,NA,NA,1,NA,NA,NA,NA,NA,NA,NA,NA,2,2,2,2,2,1992211.2,1361241,NA,NA,3353452.2,44.71,26.77,38.66,2007924
87000,4,1,NA,700,NA,10,2,45,65,1,80,40,2,2,1,1,2,2,2,2,2,NA,1,NA,NA,NA,2,2,NA,125,100,50,4,2,1,1,10,NA,4,4068,1180,28,14,84.055763395,6831380,1907404,4869673,54303,NA,1,NA,NA,NA,NA,NA,NA,NA,NA,2,2,2,2,2,5340731.2,5113156.65,54846.03,NA,10508733.88,120.79,78.52,46.34,6831380
88000,2,NA,NA,1000,NA,12,1,35,78,1,100,100,2,2,1,2,2,1,2,2,2,NA,2,NA,1,NA,4,1,1,63,50,50,0,2,1,1,70,3,3,4400,1003,28,14,160.42583102,5829962,3331470,NA,2498492,NA,1,NA,NA,NA,NA,NA,NA,1,2,2,2,2,2,1,9328116,NA,2523476.92,NA,11851592.92,134.68,66.25,NA,5829962
24000,2,NA,NA,150,NA,9,2,50,20,2,100,100,NA,NA,NA,NA,NA,NA,NA,1,2,NA,NA,NA,NA,NA,NA,NA,NA,15,10,5,1,2,1,1,NA,NA,2,2286,2122,29,14,751.72654486,667121,667121,NA,NA,NA,1,NA,NA,NA,NA,NA,NA,NA,NA,2,2,2,2,2,1867938.8,NA,NA,NA,1867938.8,77.83,27.8,NA,667121
55000,2,NA,NA,350,NA,12,2,55,60,1,100,100,2,2,1,2,2,1,2,2,2,NA,1,NA,1,NA,NA,2,1,110,12,10,1,2,1,2,25,1,2,3787,1146,28,14,239.38538189,3280877,2873644,407233,NA,NA,1,NA,NA,NA,NA,NA,NA,NA,NA,2,2,2,2,2,8046203.2,427594.65,NA,NA,8473797.85,154.07,59.65,4.81,3280877
55000,3,1,NA,500,NA,12,2,50,97,1,100,30,2,2,1,1,2,1,2,2,2,NA,1,NA,NA,NA,NA,1,NA,213,43,11,6,2,1,1,2,1,4,6956,484,28,14,239.38538189,3704361,1091021,2613340,NA,NA,1,NA,NA,NA,NA,NA,NA,NA,NA,2,2,2,2,2,3054858.8,2744007,NA,NA,5798865.8,105.43,67.35,45.07,3704361
48000,1,NA,NA,600,NA,12,2,45,50,2,100,15,NA,NA,NA,NA,NA,NA,NA,2,2,NA,1,6,1,NA,NA,NA,NA,100,47,5,21,1,1,1,28,2,5,6091,768,28,14,84.055763395,3271069,554614,2716455,NA,NA,1,NA,NA,NA,NA,NA,NA,NA,NA,2,2,2,2,2,1552919.2,2852277.75,NA,NA,4405196.95,91.77,68.15,61.66,3271069
52000,2,NA,NA,700,NA,11,2,50,98,1,100,5,2,2,2,2,1,1,2,2,2,NA,1,10,NA,NA,NA,2,NA,150,70,0,1,2,2,1,25,2,5,5216,947,28,14,125.65044,2833350,674085,2159265,NA,NA,1,NA,NA,NA,NA,NA,NA,NA,NA,2,2,2,2,2,1887438,2267228.25,NA,NA,4154666.25,79.9,54.49,51.97,2833350
106000,2,1,NA,500,NA,12,1,54,60,1,100,80,2,2,1,2,2,1,2,2,2,NA,2,NA,1,NA,2,1,NA,100,25,35,1,2,1,1,10,3,1,5810,1009,28,14,125.65044,4462770,2479497,1983273,NA,NA,1,NA,NA,NA,NA,NA,NA,NA,NA,2,2,2,2,2,6942591.6,2082436.65,NA,NA,9025028.25,85.14,42.1,21.98,4462770
280000,3,2,NA,2500,NA,12,1,55,125,1,100,100,1,2,1,1,1,1,2,1,2,NA,1,NA,2,NA,NA,4,3,50,1420,9,5,1,1,2,5,4,5,4104,1667,29,14,84.055763395,15348086,14202648,1145438,NA,NA,1,NA,NA,NA,NA,NA,NA,NA,NA,2,2,2,2,2,39767414.4,1202709.9,NA,NA,40970124.3,146.32,54.81,2.8,15348086
280000,2,1,NA,1250,NA,12,1,70,225,1,100,98,2,2,1,2,1,2,2,1,1,1,2,5,1,NA,3,5,3,342,181,45,6,2,1,1,13,3,7,4485,831,28,14,15.945623796,20825218,6048715,14776503,NA,NA,1,NA,NA,NA,NA,NA,NA,NA,NA,2,2,2,2,2,16936402,15515328.15,NA,NA,32451730.15,115.9,74.38,45.53,20825218
200001,2,1,NA,1750,NA,12,1,70,182,1,100,100,2,2,1,1,2,1,2,1,2,NA,1,4,2,NA,2,6,1,476,1420,25,1,1,1,1,25,3,10,2523,1913,29,14,139.16995492,7410263,7410263,NA,NA,NA,1,NA,NA,NA,NA,NA,NA,NA,NA,2,2,2,2,2,20748736.4,NA,NA,NA,20748736.4,103.74,37.05,NA,7410263
114000,2,NA,NA,700,NA,12,1,65,50,1,100,85,1,2,1,2,2,1,2,2,2,NA,2,NA,2,1,9,7,1,75,30,15,1,1,2,1,50,2,3,5479,836,28,14,84.055763395,4865758,4865758,NA,NA,NA,1,NA,NA,NA,NA,NA,NA,2,1,2,2,2,2,1,13624122.4,NA,NA,NA,13624122.4,119.51,42.68,NA,4865758
23500,1,NA,NA,300,NA,12,2,40,18,2,100,100,NA,NA,NA,NA,NA,NA,NA,2,2,NA,NA,NA,NA,NA,NA,NA,NA,13,1,0,3,2,2,2,NA,NA,NA,1404,2657,28,14,503.86330813,391814,391814,NA,NA,NA,1,NA,NA,NA,NA,NA,NA,NA,NA,2,2,2,2,2,1097079.2,NA,NA,NA,1097079.2,46.68,16.67,NA,391814
138000,2,1,NA,450,NA,10,2,40,40,1,100,100,1,2,1,1,2,1,2,2,2,NA,2,40,4,2,1,4,1,110,1,33,1,2,1,2,32,2,4,3309,1418,28,14,207.13166685,3655648,2508673,1146975,NA,NA,1,NA,NA,NA,NA,NA,NA,NA,NA,2,2,2,2,2,7024284.4,1204323.75,NA,NA,8228608.15,59.63,26.49,13.94,3655648
22500,1,NA,NA,250,NA,10,2,40,17,2,100,100,NA,NA,NA,NA,NA,NA,NA,2,2,NA,1,6,NA,NA,NA,1,NA,50,2,14,1,2,2,1,3,NA,2,1684,2416,28,14,484.85166373,1014714,733249,281465,NA,NA,1,NA,NA,NA,NA,NA,NA,NA,NA,2,2,2,2,2,2053097.2,295538.25,NA,NA,2348635.45,104.38,45.1,11.98,1014714
72000,1,NA,NA,700,NA,9,2,40,50,1,20,45,2,2,1,2,2,1,2,2,2,NA,2,2,1,NA,2,NA,1,32,20,4,2,2,2,1,30,2,2,1086,3844,28,14,209.09996186,2267981,2115563,152418,NA,NA,1,NA,NA,NA,NA,NA,NA,NA,NA,2,2,2,2,2,5923576.4,160038.9,NA,NA,6083615.3,84.49,31.5,2.51,2267981
385000,2,2,NA,2250,NA,12,1,55,50,1,100,100,1,2,1,1,2,1,2,2,2,NA,1,NA,2,3,3,15,3,1000,200,100,3,1,1,1,100,5,3,2747,1416,29,14,239.38538189,19486579,19484939,1640,NA,NA,1,NA,NA,NA,NA,NA,NA,NA,NA,2,2,2,2,2,54557829.2,1722,NA,NA,54559551.2,141.71,50.61,0,19486579
67000,1,NA,NA,500,NA,12,2,48,83,1,100,100,2,2,1,1,2,1,2,2,2,NA,1,2,NA,NA,2,2,1,183,289,20,1,1,1,1,20,2,5,2872,1500,28,14,242.08690218,4175453,4007182,NA,168271,NA,1,NA,NA,NA,NA,NA,NA,NA,NA,2,2,2,2,2,11220109.6,NA,169953.71,NA,11390063.31,170,62.32,NA,4175453
92000,1,NA,NA,1000,NA,12,1,35,75,1,100,100,2,2,1,2,2,2,2,2,2,NA,2,NA,NA,NA,2,NA,1,250,100,3,1,2,1,1,10,1,2,1165,3973,28,14,84.58932707,3100689,3100689,NA,NA,NA,1,NA,NA,NA,NA,NA,NA,NA,NA,2,2,2,2,2,8681929.2,NA,NA,NA,8681929.2,94.37,33.7,NA,3100689
97000,2,NA,NA,600,NA,12,2,45,50,1,100,10,2,2,1,2,2,1,2,2,2,NA,1,10,1,NA,NA,1,NA,80,0,25,1,2,1,1,15,2,4,5216,728,29,14,207.13166685,5012377,1588262,3424115,NA,NA,1,NA,NA,NA,NA,NA,NA,NA,NA,2,2,2,2,2,4447133.6,3595320.75,NA,NA,8042454.35,82.91,51.67,42.58,5012377
10250,1,NA,NA,90,NA,11,2,40,8,2,NA,95,NA,NA,NA,NA,NA,NA,NA,2,2,NA,2,3,NA,NA,NA,NA,NA,13,0,5,0,2,2,1,6,NA,NA,191,3971,28,14,583.35116997,349710,349710,NA,NA,NA,1,NA,NA,NA,NA,NA,NA,NA,NA,2,2,2,2,2,979188,NA,NA,NA,979188,95.53,34.12,NA,349710
168000,2,NA,NA,600,NA,12,2,40,70,1,100,75,2,2,1,2,2,1,2,2,2,NA,1,NA,1,NA,NA,2,NA,96,0,10,1,2,1,1,1,NA,3,2244,2649,28,14,259.35186162,5759571,4042183,1717388,NA,NA,1,NA,NA,NA,NA,NA,NA,NA,NA,2,2,2,2,2,11318112.4,1803257.4,NA,NA,13121369.8,78.1,34.28,13.09,5759571
25500,2,1,NA,250,NA,12,1,80,25,2,80,80,NA,NA,NA,NA,NA,NA,NA,2,2,NA,2,6,NA,NA,NA,NA,NA,50,0,3,1,2,1,2,13,NA,1,2711,2901,28,14,751.72654486,1112660,1112660,NA,NA,NA,1,NA,NA,NA,NA,NA,NA,NA,NA,2,2,2,2,2,3115448,NA,NA,NA,3115448,122.17,43.63,NA,1112660
182000,2,1,NA,800,NA,12,1,60,140,1,100,95,1,2,1,2,2,1,2,2,2,NA,1,12,1,NA,NA,2,NA,450,84,10,5,2,1,1,10,NA,6,6704,1034,29,14,84.055763395,10966409,5396658,5342915,226836,NA,1,NA,NA,NA,NA,NA,NA,NA,NA,2,2,2,2,2,15110642.4,5610060.75,229104.36,NA,20949807.51,115.11,60.25,25.5,10966409
54000,3,1,NA,400,NA,10,2,80,25,1,100,100,2,2,1,2,2,2,2,2,2,NA,1,5,2,2,NA,1,1,70,25,6,1,2,2,2,NA,2,3,1054,1297,28,14,196.22661191,1761736,1164161,597575,NA,NA,1,NA,NA,NA,NA,NA,NA,NA,NA,2,2,2,2,2,3259650.8,627453.75,NA,NA,3887104.55,71.98,32.62,15.37,1761736
79000,4,1,NA,800,NA,12,2,40,65,1,100,65,2,2,1,2,2,1,2,2,2,NA,1,6,2,NA,NA,1,NA,145,10,6,0,2,1,1,4,1,NA,4250,1223,28,14,84.055763395,3586927,1546759,124025,1916143,NA,1,NA,NA,NA,NA,NA,NA,NA,NA,2,2,2,2,2,4330925.2,130226.25,1935304.43,NA,6396455.88,80.97,45.4,1.94,3586927
27000,1,NA,NA,175,NA,10,2,40,23,1,100,NA,2,2,2,1,2,2,2,2,2,NA,1,5,NA,NA,4,1,NA,38,62,6,1,1,2,2,9,NA,2,5987,246,28,14,308.205725,1375708,486930,888778,NA,NA,1,NA,NA,NA,NA,NA,NA,NA,NA,2,2,2,2,2,1363404,933216.9,NA,NA,2296620.9,85.06,50.95,38.7,1375708
36000,1,NA,NA,350,NA,12,2,50,39,1,100,55,2,2,1,2,2,2,2,2,2,NA,1,NA,1,NA,NA,NA,1,180,75,20,0,2,2,1,2,NA,4,2907,2663,28,14,311.1344891,2858985,1217037,1641948,NA,NA,1,NA,NA,NA,NA,NA,NA,NA,NA,2,2,2,2,2,3407703.6,1724045.4,NA,NA,5131749,142.55,79.42,32,2858985
255000,2,3,NA,2000,NA,12,1,97,130,1,100,50,1,2,1,1,2,1,2,2,2,NA,1,6,2,6,6,10,3,10,500,90,1,1,1,1,NA,4,16,6041,876,29,14,84.055763395,19407307,9838522,9568785,0,NA,1,NA,NA,NA,NA,NA,NA,NA,NA,2,2,2,2,2,27547861.6,10047224.25,0,NA,37595085.85,147.43,76.11,25.45,19407307
150000,4,1,NA,1000,NA,10,2,43,160,1,90,20,2,2,1,1,2,2,2,2,2,NA,1,3,2,3,6,2,NA,100,350,8,1,1,2,2,24,3,4,5936,839,28,14,84.055763395,4649460,1967240,2682220,NA,NA,1,NA,NA,NA,NA,NA,NA,NA,NA,2,2,2,2,2,5508272,2816331,NA,NA,8324603,55.5,31,32.22,4649460
122000,2,NA,NA,600,NA,12,2,45,77,1,100,90,2,2,1,1,2,1,2,2,2,NA,2,NA,2,1,3,2,NA,236,428,27,11,1,1,1,30,2,4,6619,722,28,14,179.59592524,3946847,1022317,2924530,NA,NA,1,NA,NA,NA,NA,NA,NA,NA,NA,2,2,2,2,2,2862487.6,3070756.5,NA,NA,5933244.1,48.63,32.35,49.29,3946847
295000,2,1,NA,1500,NA,12,2,55,125,1,95,95,1,2,2,1,2,1,2,2,2,NA,1,60,3,NA,NA,12,2,338,270,100,0,1,1,1,75,3,10,4296,1398,29,14,15.945623796,18541030,9528870,8272263,739897,NA,1,NA,NA,NA,NA,NA,NA,NA,NA,2,2,2,2,2,26680836,8685876.15,747295.97,NA,36114008.12,122.42,62.85,22.91,18541030
138000,4,3,NA,1500,NA,10,2,80,85,1,100,90,2,2,1,2,2,2,2,2,2,NA,1,NA,1,3,NA,3,NA,250,100,8,3,2,1,1,4,2,6,4484,1418,28,14,139.16995492,7043270,3607675,3435595,NA,NA,1,NA,NA,NA,NA,NA,NA,NA,NA,2,2,2,2,2,10101490,3607374.75,NA,NA,13708864.75,99.34,51.04,25.06,7043270
42500,1,NA,NA,500,NA,10,2,50,50,2,100,100,NA,NA,NA,NA,NA,NA,NA,2,2,NA,2,NA,NA,NA,NA,2,NA,220,30,3,1,2,1,1,1,NA,3,2867,2173,28,14,299.39484032,1202267,973897,228370,NA,NA,1,NA,NA,NA,NA,NA,NA,NA,NA,2,2,2,2,2,2726911.6,239788.5,NA,NA,2966700.1,69.8,28.29,7.7,1202267
64000,1,NA,NA,700,NA,9,2,40,62,1,100,100,2,2,1,2,2,1,2,2,2,NA,2,NA,3,NA,4,3,1,250,50,5,0,2,1,1,5,2,5,3161,1599,29,14,242.08690218,5283723,3196720,2087003,NA,NA,1,NA,NA,NA,NA,NA,NA,NA,NA,2,2,2,2,2,8950816,2191353.15,NA,NA,11142169.15,174.1,82.56,18.73,5283723
112000,1,NA,NA,1250,NA,12,2,40,65,1,100,80,1,2,1,1,2,2,2,2,2,NA,2,NA,2,2,1,3,2,229,84,53,0,1,2,1,50,1,4,3507,1862,28,14,209.09996186,4271918,2544383,1727535,NA,NA,1,NA,NA,NA,NA,NA,NA,NA,NA,2,2,2,2,2,7124272.4,1813911.75,NA,NA,8938184.15,79.81,38.14,19.33,4271918
45500,1,NA,NA,500,NA,12,2,40,40,1,100,100,2,2,1,2,2,2,2,2,2,NA,2,NA,1,NA,NA,NA,1,60,0,20,1,1,2,2,24,1,6,2527,2294,28,14,209.09996186,1396153,993943,402210,NA,NA,1,NA,NA,NA,NA,NA,NA,NA,NA,2,2,2,2,2,2783040.4,422320.5,NA,NA,3205360.9,70.45,30.68,12.55,1396153
22500,1,NA,NA,300,NA,10,2,45,13,2,80,80,NA,NA,NA,NA,NA,NA,NA,2,2,NA,NA,NA,NA,NA,NA,NA,NA,40,12,2,0,2,1,1,NA,NA,NA,1293,2714,28,14,311.1344891,2261658,1444323,817335,NA,NA,1,NA,NA,NA,NA,NA,NA,NA,NA,2,2,2,2,2,4044104.4,858201.75,NA,NA,4902306.15,217.88,100.52,16.67,2261658
22000,1,NA,NA,350,NA,12,2,50,20,2,100,100,NA,NA,NA,NA,NA,NA,NA,2,2,NA,NA,NA,NA,NA,NA,NA,NA,48,10,2,0,2,2,1,14,NA,2,1349,1287,28,14,316.26326145,930244,753329,176915,NA,NA,1,NA,NA,NA,NA,NA,NA,NA,NA,2,2,2,2,2,2109321.2,185760.75,NA,NA,2295081.95,104.32,42.28,7.71,930244
110000,2,1,NA,700,NA,12,1,80,90,1,100,100,2,2,1,1,2,1,2,2,2,NA,2,NA,2,NA,3,2,NA,300,100,50,10,2,1,1,12,2,6,6173,511,28,14,139.16995492,6394243,4634830,1759413,NA,NA,1,NA,NA,NA,NA,NA,NA,NA,NA,2,2,2,2,2,12977524,1847383.65,NA,NA,14824907.65,134.77,58.13,11.87,6394243
92000,2,1,NA,1000,NA,12,1,39,84,1,100,100,2,2,1,1,2,1,2,2,2,NA,1,11,2,2,NA,1,1,49,40,5,3,1,1,1,40,3,3,1037,4009,28,14,90.622000825,5393157,5393157,NA,NA,NA,1,NA,NA,NA,NA,NA,NA,NA,NA,2,2,2,2,2,15100839.6,NA,NA,NA,15100839.6,164.14,58.62,NA,5393157
25001,1,NA,NA,150,NA,10,2,50,7,1,100,100,2,2,2,2,2,2,1,1,2,NA,1,2,NA,NA,NA,NA,NA,80,75,5,0,1,1,2,4,NA,1,4817,984,29,14,918.02992474,2763515,1332922,1430593,NA,NA,1,NA,NA,NA,NA,NA,NA,NA,NA,2,2,2,2,2,3732181.6,1502122.65,NA,NA,5234304.25,209.36,110.54,27.33,2763515
69000,4,NA,NA,700,NA,10,2,45,90,1,100,NA,2,2,1,2,1,1,2,2,2,NA,1,NA,NA,1,NA,NA,NA,50,50,30,1,1,2,1,6,NA,5,3622,1221,28,14,751.72654486,6520205,1455767,4232020,832418,NA,1,NA,NA,NA,NA,NA,NA,NA,NA,2,2,2,2,2,4076147.6,4443621,840742.18,NA,9360510.78,135.66,94.5,45.21,6520205
99000,2,1,NA,700,NA,12,1,45,104,1,100,75,2,2,1,1,1,1,2,2,2,NA,1,NA,2,1,1,NA,1,102,157,60,5,1,1,1,1,2,2,4701,781,28,14,362.06989684,7823382,3716514,4106868,NA,NA,1,NA,NA,NA,NA,NA,NA,NA,NA,2,2,2,2,2,10406239.2,4312211.4,NA,NA,14718450.6,148.67,79.02,27.9,7823382
140000,2,1,NA,500,NA,12,1,40,35,1,100,98,1,2,1,1,2,1,2,1,2,NA,1,5,2,NA,4,5,2,100,25,7,10,1,1,1,10,3,2,5050,975,29,14,139.16995492,9921911,5333191,4588720,NA,NA,1,NA,NA,NA,NA,NA,NA,NA,NA,2,2,2,2,2,14932934.8,4818156,NA,NA,19751090.8,141.08,70.87,23.23,9921911
70000,1,NA,NA,500,NA,12,2,60,70,1,100,100,2,2,1,1,2,1,2,2,2,NA,1,5,2,NA,NA,2,1,146,263,20,1,1,1,1,20,2,5,3064,1705,28,14,360.21806967,2235822,2235822,NA,NA,NA,1,NA,NA,NA,NA,NA,NA,NA,NA,2,2,2,2,2,6260301.6,NA,NA,NA,6260301.6,89.43,31.94,NA,2235822
410000,2,3,NA,2000,NA,12,1,90,220,1,100,100,2,2,1,2,2,2,2,2,2,NA,1,10,1,NA,4,8,1,1500,700,300,0,2,1,1,NA,4,4,5528,1102,29,14,84.055763395,18876407,10339694,8536713,NA,NA,1,NA,NA,NA,NA,NA,NA,NA,NA,2,2,2,2,2,28951143.2,8963548.65,NA,NA,37914691.85,92.47,46.04,22.52,18876407
142000,1,NA,NA,600,NA,12,2,40,65,1,100,100,2,2,1,1,2,2,2,2,2,NA,2,NA,2,NA,8,NA,1,199,10,7,3,1,1,1,6,2,4,889,3269,28,14,209.09996186,7749255,6511157,1238098,NA,NA,1,NA,NA,NA,NA,NA,NA,NA,NA,2,2,2,2,2,18231239.6,1300002.9,NA,NA,19531242.5,137.54,54.57,6.34,7749255
19000,2,NA,NA,200,NA,12,1,44,12,2,100,75,NA,NA,NA,NA,NA,NA,NA,2,2,NA,1,NA,NA,NA,NA,NA,NA,10,60,3,0,2,2,2,8,NA,1,4935,1029,28,14,751.72654486,823664,199029,624635,NA,NA,1,NA,NA,NA,NA,NA,NA,NA,NA,2,2,2,2,2,557281.2,655866.75,NA,NA,1213147.95,63.85,43.35,51.49,823664
48000,1,NA,NA,600,NA,12,2,60,45,1,100,90,1,2,1,1,2,2,2,2,2,NA,2,NA,2,NA,4,NA,1,60,25,15,4,1,1,1,5,NA,3,7932,621,28,14,904.01813769,3663343,3524630,NA,138713,NA,1,NA,NA,NA,NA,NA,NA,3,1,2,2,2,2,1,9868964,NA,140100.13,NA,10009064.13,208.52,76.32,NA,3663343
54000,1,NA,NA,400,NA,12,2,40,37,1,100,100,1,2,1,2,1,1,2,1,2,NA,1,4,1,NA,4,2,1,28,19,12,7,1,1,1,2,NA,3,4190,1610,29,14,242.08690218,2793415,1191955,1601460,NA,NA,1,NA,NA,NA,NA,NA,NA,NA,NA,2,2,2,2,2,3337474,1681533,NA,NA,5019007,92.94,51.73,31.91,2793415
47500,2,1,NA,400,NA,12,2,45,57,1,100,95,2,2,1,2,2,1,2,2,2,NA,1,4,2,NA,3,2,NA,92,40,30,1,1,1,1,15,1,2,5300,778,28,14,139.16995492,3061277,1589869,NA,1471408,NA,1,NA,NA,NA,NA,NA,NA,3,1,2,2,2,2,1,4451633.2,NA,1486122.08,NA,5937755.28,125.01,64.45,NA,3061277
480000,1,NA,NA,1750,NA,12,1,120,250,1,100,100,1,2,1,1,2,2,2,1,1,1,1,NA,2,NA,6,14,2,50,250,200,50,1,1,1,100,5,5,5305,931,29,14,21.599296197,36428567,12119052,24309515,NA,NA,1,NA,NA,NA,NA,NA,NA,NA,NA,2,2,2,2,2,33933345.6,25524990.75,NA,NA,59458336.35,123.87,75.89,40.88,36428567
230000,3,1,NA,800,NA,12,2,48,95,1,95,90,1,2,1,1,2,1,2,1,2,NA,1,2,3,NA,1,NA,1,177,25,20,9,1,1,1,50,NA,5,4179,1658,29,14,356.19828827,21234761,5496510,15728215,10036,NA,1,NA,NA,NA,NA,NA,NA,NA,NA,2,2,2,2,2,15390228,16514625.75,10136.36,NA,31914990.11,138.76,92.33,49.28,21234761
38000,2,NA,NA,400,NA,9,2,40,40,1,95,90,2,2,1,1,2,2,2,2,2,NA,2,NA,2,NA,NA,NA,1,40,13,4,0,1,2,2,26,1,2,2778,2243,28,14,299.39484032,1931937,1174052,757885,NA,NA,1,NA,NA,NA,NA,NA,NA,NA,NA,2,2,2,2,2,3287345.6,795779.25,NA,NA,4083124.85,107.45,50.84,18.56,1931937
146000,2,1,NA,800,NA,12,1,70,100,1,100,99,1,2,1,1,2,1,2,2,2,NA,1,NA,4,NA,3,4,3,85,50,15,5,1,1,1,30,3,4,6168,1372,29,14,84.055763395,13861306,7275988,6585318,NA,NA,1,NA,NA,NA,NA,NA,NA,NA,NA,2,2,2,2,2,20372766.4,6914583.9,NA,NA,27287350.3,186.9,94.94,24.13,13861306
25500,1,NA,NA,350,NA,10,2,70,44,1,100,15,2,2,2,2,1,1,2,2,2,NA,1,NA,NA,NA,NA,NA,NA,88,8,24,1,2,1,1,11,3,3,4814,1039,28,14,583.35116997,2486783,707485,1779298,NA,NA,1,NA,NA,NA,NA,NA,NA,NA,NA,2,2,2,2,2,1980958,1868262.9,NA,NA,3849220.9,150.95,97.52,46.22,2486783
205000,2,1,NA,1750,NA,12,1,50,116,1,100,100,2,2,1,2,2,1,2,2,2,NA,2,NA,2,NA,NA,4,1,200,75,20,1,2,1,1,30,4,5,3901,1036,29,14,84.58932707,13118703,5766788,7351915,NA,NA,1,NA,NA,NA,NA,NA,NA,NA,NA,2,2,2,2,2,16147006.4,7719510.75,NA,NA,23866517.15,116.42,63.99,30.8,13118703
295000,2,1,NA,2000,NA,12,1,84,194,1,100,100,1,2,1,1,2,1,2,1,2,NA,1,10,3,NA,2,10,1,635,1420,25,1,1,1,1,25,3,15,2968,2002,29,14,139.16995492,14595454,12812712,1041195,741547,NA,1,NA,NA,NA,NA,NA,NA,NA,NA,2,2,2,2,2,35875593.6,1093254.75,748962.47,NA,37717810.82,127.86,49.48,2.76,14595454
46000,2,1,NA,350,NA,12,1,50,26,1,100,100,2,2,1,2,1,2,2,2,2,NA,2,NA,1,NA,2,2,1,70,60,7,2,1,1,1,2,1,NA,3576,1851,28,14,207.13166685,3030385,2745537,284848,NA,NA,1,NA,NA,NA,NA,NA,NA,NA,NA,2,2,2,2,2,7687503.6,299090.4,NA,NA,7986594,173.62,65.88,3.57,3030385
52000,2,NA,NA,300,NA,9,2,40,60,1,100,100,2,2,1,2,2,1,2,2,2,NA,2,NA,1,3,NA,NA,1,20,40,5,3,2,1,1,20,1,2,1100,3772,28,14,311.1344891,1707594,1477174,230420,NA,NA,1,NA,NA,NA,NA,NA,NA,NA,NA,2,2,2,2,2,4136087.2,241941,NA,NA,4378028.2,84.19,32.84,5.26,1707594
62000,3,1,NA,450,NA,12,2,45,50,1,100,20,2,2,1,2,2,2,2,2,2,NA,1,NA,2,NA,NA,NA,1,50,25,20,1,1,1,1,NA,1,3,4152,770,29,14,499.1203535,3458919,839448,NA,2619471,NA,1,NA,NA,NA,NA,NA,NA,2,1,2,2,2,2,1,2350454.4,NA,2645665.71,NA,4996120.11,80.58,55.79,NA,3458919
57000,1,NA,NA,600,NA,10,1,80,42,2,100,100,NA,NA,NA,NA,NA,NA,NA,2,2,NA,1,NA,NA,NA,NA,1,NA,150,42,7,1,2,1,1,NA,NA,3,5354,1140,28,14,271.01509096,3447617,1979202,1468415,NA,NA,1,NA,NA,NA,NA,NA,NA,NA,NA,2,2,2,2,2,5541765.6,1541835.75,NA,NA,7083601.35,124.27,60.48,20.73,3447617
55000,2,NA,NA,450,NA,12,2,50,30,1,100,100,2,2,1,1,2,1,2,2,2,NA,1,NA,2,NA,NA,NA,1,58,6,5,0,1,2,2,NA,2,1,2489,1793,28,14,356.19828827,1982420,1495340,487080,NA,NA,1,NA,NA,NA,NA,NA,NA,NA,NA,2,2,2,2,2,4186952,511434,NA,NA,4698386,85.43,36.04,10.37,1982420
124000,3,2,NA,700,NA,12,1,90,80,1,100,100,2,2,1,2,2,2,2,2,2,NA,2,NA,NA,NA,2,NA,NA,100,50,4,1,1,2,1,NA,NA,1,6816,880,28,14,125.65044,9538876,4039225,5485903,13748,NA,1,NA,NA,NA,NA,NA,NA,NA,NA,2,2,2,2,2,11309830,5760198.15,13885.48,NA,17083913.63,137.77,76.93,32.11,9538876
76000,3,NA,NA,600,NA,12,2,35,40,1,100,NA,2,2,2,2,1,2,2,2,2,NA,2,NA,1,NA,NA,NA,NA,70,40,2,0,2,1,1,NA,NA,2,4220,1685,28,14,212.42624205,3764424,1122794,2641630,NA,NA,1,NA,NA,NA,NA,NA,NA,NA,NA,2,2,2,2,2,3143823.2,2773711.5,NA,NA,5917534.7,77.86,49.53,44.64,3764424
98000,1,NA,NA,500,NA,12,2,45,56,1,100,100,2,2,1,1,2,2,2,2,2,NA,1,NA,2,NA,3,1,1,250,72,37,0,2,1,1,56,2,2,2706,2008,28,14,73.063122805,2951654,2201559,750095,NA,NA,1,NA,NA,NA,NA,NA,NA,NA,NA,2,2,2,2,2,6164365.2,787599.75,NA,NA,6951964.95,70.94,30.12,10.79,2951654
64000,3,NA,NA,225,NA,12,1,70,24,1,100,10,2,2,1,2,2,2,2,2,2,NA,2,NA,NA,NA,4,NA,NA,60,15,4,0,2,1,1,NA,NA,1,5263,970,28,14,825.40232224,2086704,2086704,NA,NA,NA,1,NA,NA,NA,NA,NA,NA,NA,NA,2,2,2,2,2,5842771.2,NA,NA,NA,5842771.2,91.29,32.6,NA,2086704
75000,1,NA,NA,900,NA,9,1,60,53,1,100,100,2,2,1,2,2,2,2,2,2,NA,2,NA,2,NA,NA,2,2,187,88,56,12,2,1,1,53,1,2,1596,3297,28,14,311.1344891,2431320,1871567,559753,NA,NA,1,NA,NA,NA,NA,NA,NA,NA,NA,2,2,2,2,2,5240387.6,587740.65,NA,NA,5828128.25,77.71,32.42,9.6,2431320
74000,2,1,NA,400,NA,12,2,60,45,1,100,75,2,2,1,1,2,1,2,2,2,NA,2,NA,2,1,NA,NA,1,111,36,33,4,2,2,1,24,2,3,3556,1404,28,14,179.59592524,3706212,2144009,1562203,NA,NA,1,NA,NA,NA,NA,NA,NA,NA,NA,2,2,2,2,2,6003225.2,1640313.15,NA,NA,7643538.35,103.29,50.08,20.44,3706212
65000,2,NA,NA,200,NA,12,1,50,20,2,100,100,NA,NA,NA,NA,NA,NA,NA,2,2,NA,1,8,NA,NA,NA,NA,NA,150,30,5,2,2,2,1,NA,NA,5,4748,1796,29,14,201.21025436,5338210,1958375,3379835,NA,NA,1,NA,NA,NA,NA,NA,NA,NA,NA,2,2,2,2,2,5483450,3548826.75,NA,NA,9032276.75,138.96,82.13,37.42,5338210
136000,2,1,NA,900,NA,12,2,40,90,1,80,75,2,2,1,2,2,2,2,1,2,NA,2,NA,2,NA,4,2,1,212,1,3,0,1,2,1,10,2,3,3353,1892,29,14,139.16995492,5098800,3673127,1425673,NA,NA,1,NA,NA,NA,NA,NA,NA,NA,NA,2,2,2,2,2,10284755.6,1496956.65,NA,NA,11781712.25,86.63,37.49,12.1,5098800
215000,1,NA,NA,800,NA,12,2,40,60,1,100,100,2,2,1,2,2,1,2,2,2,NA,1,30,3,NA,2,3,2,120,2,15,2,1,1,1,10,1,4,2711,2408,28,14,138.56608864,4744620,4063610,681010,NA,NA,1,NA,NA,NA,NA,NA,NA,NA,NA,2,2,2,2,2,11378108,715060.5,NA,NA,12093168.5,56.25,22.07,5.63,4744620
84000,5,NA,NA,800,NA,9,2,55,125,1,100,59,2,2,2,2,1,2,2,2,2,NA,2,NA,NA,NA,6,78,NA,60,120,50,4,1,2,1,5,NA,10,3538,1474,29,14,212.42624205,9567940,1883772,80360,7603808,NA,1,NA,NA,NA,NA,NA,NA,NA,NA,2,2,2,2,2,5274561.6,84378,7679846.08,NA,13038785.68,155.22,113.9,0.62,9567940
88000,2,1,NA,700,NA,12,2,50,60,1,100,100,2,2,1,2,1,1,2,2,2,NA,1,3,1,NA,NA,NA,NA,280,6,10,0,2,1,1,1,NA,1,6889,788,28,14,239.38538189,4138978,1938405,2200573,NA,NA,1,NA,NA,NA,NA,NA,NA,NA,NA,2,2,2,2,2,5427534,2310601.65,NA,NA,7738135.65,87.93,47.03,28.44,4138978
104000,2,1,NA,500,NA,12,2,40,81,1,100,100,2,2,1,1,2,2,2,2,2,NA,1,5,1,NA,4,1,1,7,285,7,1,1,1,1,3,2,5,4130,1389,28,14,366.15594072,5876010,5876010,NA,NA,NA,1,NA,NA,NA,NA,NA,NA,NA,NA,2,2,2,2,2,16452828,NA,NA,NA,16452828,158.2,56.5,NA,5876010
440000,5,1,NA,3500,NA,12,1,105,298,1,100,10,1,2,1,1,1,1,2,2,1,1,1,6,5,NA,7,6,2,850,40,25,68,1,1,1,20,10,20,4721,1643,29,14,84.055763395,59548666,18878511,40670155,NA,NA,1,NA,NA,NA,NA,NA,NA,NA,NA,2,2,2,2,2,52859830.8,42703662.75,NA,NA,95563493.55,217.19,135.34,42.56,59548666
73000,1,NA,NA,700,NA,12,2,60,84,1,100,100,2,2,1,1,2,1,2,2,2,NA,1,NA,2,NA,4,1,1,119,31,10,1,1,1,1,10,1,NA,2547,1510,28,14,160.42583102,3140065,2397247,742818,NA,NA,1,NA,NA,NA,NA,NA,NA,NA,NA,2,2,2,2,2,6712291.6,779958.9,NA,NA,7492250.5,102.63,43.01,9.91,3140065
134000,1,NA,NA,900,NA,12,2,45,80,1,100,100,2,2,1,2,2,2,2,1,2,NA,1,NA,2,NA,4,2,2,150,50,20,1,1,2,1,10,3,3,1634,3223,28,14,90.622000825,5763306,4997631,765675,NA,NA,1,NA,NA,NA,NA,NA,NA,NA,NA,2,2,2,2,2,13993366.8,803958.75,NA,NA,14797325.55,110.43,43.01,5.17,5763306
61000,1,NA,NA,400,NA,12,2,40,40,1,100,100,2,2,1,1,2,2,2,2,2,NA,2,NA,2,NA,NA,NA,1,100,40,5,2,2,1,1,NA,1,1,2321,1731,28,14,583.35116997,2168261,1228951,939310,NA,NA,1,NA,NA,NA,NA,NA,NA,NA,NA,2,2,2,2,2,3441062.8,986275.5,NA,NA,4427338.3,72.58,35.55,21.22,2168261
7000,2,NA,NA,80,NA,12,2,60,6,1,100,100,2,2,2,2,1,2,2,2,2,NA,1,NA,NA,NA,NA,NA,NA,25,0,6,1,2,2,2,1,NA,1,6107,971,29,14,1559.8286174,296402,120512,175890,NA,NA,1,NA,NA,NA,NA,NA,NA,NA,NA,2,2,2,2,2,337433.6,184684.5,NA,NA,522118.1,74.59,42.34,33.69,296402
230000,2,3,NA,1000,NA,12,1,50,75,1,100,95,1,2,1,1,1,2,2,2,2,NA,1,3,2,3,13,1,3,356,35,40,14,1,1,1,50,NA,5,4641,1109,28,14,84.055763395,11173557,7954208,3208763,10586,NA,1,NA,NA,NA,NA,NA,NA,NA,NA,2,2,2,2,2,22271782.4,3369201.15,10691.86,NA,25651675.41,111.53,48.58,12.51,11173557
37500,2,NA,NA,250,NA,12,1,70,22,1,100,15,2,2,2,1,1,1,2,2,2,NA,1,4,NA,NA,2,1,NA,40,10,3,1,2,1,1,25,NA,2,6434,765,28,14,271.01509096,2477928,549390,1928538,NA,NA,1,NA,NA,NA,NA,NA,NA,NA,NA,2,2,2,2,2,1538292,2024964.9,NA,NA,3563256.9,95.02,66.08,54.12,2477928
196000,2,1,NA,600,NA,12,2,40,94,1,100,100,1,2,1,1,2,2,2,2,2,NA,2,NA,2,NA,12,NA,4,86,118,40,5,1,1,1,30,4,7,779,3873,28,14,138.56608864,12062937,9403779,2659158,NA,NA,1,NA,NA,NA,NA,NA,NA,NA,NA,2,2,2,2,2,26330581.2,2792115.9,NA,NA,29122697.1,148.59,61.55,9.13,12062937
37000,3,1,NA,500,NA,12,1,72,12,2,100,100,NA,NA,NA,NA,NA,NA,NA,2,2,NA,NA,NA,NA,NA,NA,NA,NA,50,12,3,0,1,2,1,1,NA,1,6409,652,29,14,356.19828827,1341971,989473,352498,NA,NA,1,NA,NA,NA,NA,NA,NA,NA,NA,2,2,2,2,2,2770524.4,370122.9,NA,NA,3140647.3,84.88,36.27,11.22,1341971
54000,2,NA,NA,450,NA,12,2,45,60,1,100,70,2,2,1,2,2,2,2,2,2,NA,1,NA,NA,NA,NA,NA,NA,200,30,5,2,1,1,1,25,1,4,5554,600,28,14,583.35116997,2479865,746703,NA,1733162,NA,1,NA,NA,NA,NA,NA,NA,2,2,2,2,2,2,1,2090768.4,NA,1750493.62,NA,3841262.02,71.13,45.92,NA,2479865
23500,1,NA,NA,300,NA,12,1,60,12,2,100,100,NA,NA,NA,NA,NA,NA,NA,2,2,NA,NA,NA,NA,NA,NA,NA,NA,12,5,5,0,2,2,2,2,NA,NA,833,3525,29,14,1134.749884,1879602,1802932,76670,NA,NA,1,NA,NA,NA,NA,NA,NA,NA,NA,2,2,2,2,2,5048209.6,80503.5,NA,NA,5128713.1,218.24,79.98,1.49,1879602
63000,1,NA,NA,600,NA,9,2,40,62,1,100,100,2,2,1,2,2,1,2,2,2,NA,2,NA,1,NA,3,NA,1,99,30,15,4,2,1,1,15,1,NA,1316,3314,28,14,209.09996186,1597195,1432272,164923,NA,NA,1,NA,NA,NA,NA,NA,NA,NA,NA,2,2,2,2,2,4010361.6,173169.15,NA,NA,4183530.75,66.41,25.35,3.94,1597195
59000,2,1,NA,500,NA,12,1,35,25,1,100,75,2,2,1,1,2,2,2,2,2,NA,1,NA,2,4,NA,1,NA,160,20,30,0,2,1,1,23,1,3,5891,1058,28,14,362.06989684,3714393,1947703,1766690,NA,NA,1,NA,NA,NA,NA,NA,NA,NA,NA,2,2,2,2,2,5453568.4,1855024.5,NA,NA,7308592.9,123.87,62.96,24.17,3714393
500001,2,1,NA,6000,NA,12,2,50,850,1,100,100,1,2,1,1,2,2,2,2,1,1,1,NA,4,NA,6,30,2,890,350,250,1,1,1,1,36,25,14,1076,3382,29,14,90.622000825,30072681,21532688,8539993,NA,NA,1,NA,NA,NA,NA,NA,NA,NA,NA,2,2,2,2,2,60291526.4,8966992.65,NA,NA,69258519.05,138.52,60.15,12.33,30072681
57000,1,NA,NA,800,NA,12,2,60,40,1,100,100,1,2,1,1,2,1,2,2,2,NA,1,3,2,NA,NA,1,NA,76,6,21,1,1,1,1,NA,1,NA,4015,1489,28,14,179.59592524,3092882,1584799,1508083,NA,NA,1,NA,NA,NA,NA,NA,NA,NA,NA,2,2,2,2,2,4437437.2,1583487.15,NA,NA,6020924.35,105.63,54.26,25.05,3092882
66000,1,NA,NA,300,NA,9,2,50,26,1,100,NA,2,2,1,2,2,2,2,2,2,NA,1,NA,1,NA,NA,6,1,125,12,18,0,2,1,1,NA,NA,3,6794,105,29,14,209.09996186,8389631,1489631,NA,NA,6900000,1,NA,NA,NA,NA,NA,NA,NA,NA,2,2,2,2,2,4170966.8,NA,NA,8280000,12450966.8,188.65,127.12,NA,8389631
56000,1,NA,NA,175,NA,9,2,40,18,2,100,100,NA,NA,NA,NA,NA,NA,NA,2,2,NA,2,NA,2,NA,NA,NA,1,49,70,7,2,2,1,2,15,NA,2,2722,2065,28,14,201.21025436,1986633,1215218,771415,NA,NA,1,NA,NA,NA,NA,NA,NA,NA,NA,2,2,2,2,2,3402610.4,809985.75,NA,NA,4212596.15,75.22,35.48,18.31,1986633
355000,2,2,NA,2000,NA,12,1,110,167,1,100,90,1,2,1,1,2,1,2,1,2,NA,1,7,4,NA,NA,8,3,250,500,80,20,1,1,1,15,8,4,5906,744,29,14,84.055763395,21990116,8207863,13782253,NA,NA,1,NA,NA,NA,NA,NA,NA,NA,NA,2,2,2,2,2,22982016.4,14471365.65,NA,NA,37453382.05,105.5,61.94,36.8,21990116
118000,3,1,NA,600,NA,12,2,42,120,1,100,10,1,2,1,2,1,1,2,2,2,NA,1,NA,2,NA,1,2,1,155,59,45,16,1,1,1,38,2,4,6625,375,28,14,84.055763395,9643749,4517812,NA,5125937,NA,1,NA,NA,NA,NA,NA,NA,1,1,2,2,2,2,1,12649873.6,NA,5177196.37,NA,17827069.97,151.08,81.73,NA,9643749
69000,1,NA,NA,600,NA,9,2,50,81,1,100,NA,2,2,1,1,2,1,2,2,2,NA,1,NA,2,NA,NA,NA,1,125,50,20,3,1,1,1,15,2,4,6447,807,28,14,403.26234933,6682985,2504060,4178925,NA,NA,1,NA,NA,NA,NA,NA,NA,NA,NA,2,2,2,2,2,7011368,4387871.25,NA,NA,11399239.25,165.21,96.85,36.66,6682985
184000,3,1,NA,1250,NA,10,1,68,100,1,100,90,2,2,1,2,2,2,2,2,2,NA,1,10,4,NA,2,9,1,200,100,80,30,1,1,1,NA,2,4,4183,1360,28,14,84.055763395,7998957,5401861,522443,2074653,NA,1,NA,NA,NA,NA,NA,NA,NA,NA,2,2,2,2,2,15125210.8,548565.15,2095399.53,NA,17769175.48,96.57,43.47,2.94,7998957
35500,2,NA,NA,250,NA,9,2,40,22,1,100,30,2,2,1,2,2,2,2,2,2,NA,2,6,NA,NA,NA,NA,NA,32,0,3,4,2,1,1,3,NA,2,6699,459,28,14,308.205725,1421806,446000,NA,975806,NA,1,NA,NA,NA,NA,NA,NA,NA,NA,2,2,2,2,2,1248800,NA,985564.06,NA,2234364.06,62.94,40.05,NA,1421806
20000,1,NA,NA,300,NA,10,2,45,17,2,100,100,NA,NA,NA,NA,NA,NA,NA,2,2,NA,NA,NA,NA,NA,NA,NA,NA,35,1,5,0,2,1,2,11,NA,1,2269,1265,28,14,503.86330813,994392,780577,213815,NA,NA,1,NA,NA,NA,NA,NA,NA,NA,NA,2,2,2,2,2,2185615.6,224505.75,NA,NA,2410121.35,120.51,49.72,8.87,994392
83000,2,1,NA,450,NA,12,2,50,55,1,100,98,2,2,2,2,1,2,2,2,2,NA,1,NA,NA,NA,NA,1,NA,10,150,12,1,1,1,1,NA,NA,NA,5585,1020,28,14,139.16995492,8999413,5105130,3894283,NA,NA,1,NA,NA,NA,NA,NA,NA,NA,NA,2,2,2,2,2,14294364,4088997.15,NA,NA,18383361.15,221.49,108.43,21.18,8999413
110000,1,NA,NA,450,NA,10,2,40,100,2,100,100,NA,NA,NA,NA,NA,NA,NA,2,2,NA,1,NA,NA,NA,NA,2,NA,250,200,25,0,2,1,1,50,NA,4,3183,1597,29,14,138.56608864,3958549,1132419,2826130,NA,NA,1,NA,NA,NA,NA,NA,NA,NA,NA,2,2,2,2,2,3170773.2,2967436.5,NA,NA,6138209.7,55.8,35.99,46.04,3958549
96000,3,2,NA,900,NA,9,1,50,45,1,50,100,2,2,2,1,2,2,2,2,2,NA,1,NA,1,NA,NA,NA,1,70,200,25,0,1,1,1,30,2,3,617,3586,28,14,171.86695171,5231286,4329388,901898,NA,NA,1,NA,NA,NA,NA,NA,NA,NA,NA,2,2,2,2,2,12122286.4,946992.9,NA,NA,13069279.3,136.14,54.49,6.9,5231286
104000,1,NA,NA,700,NA,12,2,40,42,1,100,100,2,2,1,2,1,1,2,1,2,NA,1,5,2,2,5,2,1,200,3,10,3,1,1,1,32,NA,2,6158,1031,29,14,139.16995492,6462175,3518369,2902288,41518,NA,1,NA,NA,NA,NA,NA,NA,NA,NA,2,2,2,2,2,9851433.2,3047402.4,41933.18,NA,12940768.78,124.43,62.14,22.43,6462175
60000,1,NA,NA,900,NA,9,2,42,70,1,100,100,2,2,1,1,2,1,2,2,2,NA,1,NA,3,NA,1,NA,1,125,6,70,1,2,1,1,70,4,2,3001,1709,28,14,360.21806967,2552355,2089362,462993,NA,NA,1,NA,NA,NA,NA,NA,NA,NA,NA,2,2,2,2,2,5850213.6,486142.65,NA,NA,6336356.25,105.61,42.54,7.31,2552355
30000,3,1,NA,300,NA,12,2,50,50,1,100,100,2,2,2,1,2,2,2,2,2,NA,1,NA,NA,NA,NA,NA,NA,20,10,8,2,1,2,1,5,NA,NA,4676,1098,28,14,139.16995492,816618,816618,NA,NA,NA,1,NA,NA,NA,NA,NA,NA,NA,NA,2,2,2,2,2,2286530.4,NA,NA,NA,2286530.4,76.22,27.22,NA,816618
90000,1,NA,NA,400,NA,12,2,45,40,1,100,100,2,2,1,1,2,1,2,2,2,NA,1,NA,2,NA,NA,NA,1,224,30,5,3,1,2,1,30,2,NA,2533,1586,28,14,366.15594072,4361983,3494628,867355,NA,NA,1,NA,NA,NA,NA,NA,NA,NA,NA,2,2,2,2,2,9784958.4,910722.75,NA,NA,10695681.15,118.84,48.47,8.11,4361983
230000,1,NA,NA,700,NA,12,1,70,101,1,100,60,2,2,1,1,2,1,2,2,2,NA,1,4,2,NA,2,2,1,325,75,58,16,1,1,1,32,3,2,6665,1134,28,14,21.560340296,10154569,3363457,6371810,419302,NA,1,NA,NA,NA,NA,NA,NA,NA,NA,2,2,2,2,2,9417679.6,6690400.5,423495.02,NA,16531575.12,71.88,44.15,38.54,10154569
78000,1,NA,NA,600,NA,12,2,50,84,1,100,25,2,2,1,1,2,1,2,2,2,NA,1,NA,NA,NA,NA,1,NA,180,10,30,12,2,1,1,15,1,2,4978,695,28,14,84.58932707,4152012,954200,3078895,118917,NA,1,NA,NA,NA,NA,NA,NA,NA,NA,2,2,2,2,2,2671760,3232839.75,120106.17,NA,6024705.92,77.24,53.23,51.1,4152012
142000,1,NA,NA,1500,NA,12,1,80,130,1,100,80,1,2,1,1,1,2,2,2,2,NA,1,2,1,1,4,4,1,400,84,25,4,1,2,1,50,2,6,5427,1054,28,14,141.92588364,6828628,6249105,216173,363350,NA,1,NA,NA,NA,NA,NA,NA,NA,NA,2,2,2,2,2,17497494,226981.65,366983.5,NA,18091459.15,127.4,48.09,1.19,6828628
112000,4,1,NA,800,NA,8,2,40,65,1,95,12,2,2,1,1,2,1,2,2,2,NA,1,NA,NA,NA,2,1,NA,80,30,7,1,2,1,1,8,1,1,5944,694,28,14,239.38538189,4382399,993339,3389060,NA,NA,1,NA,NA,NA,NA,NA,NA,NA,NA,2,2,2,2,2,2781349.2,3558513,NA,NA,6339862.2,56.61,39.13,53.46,4382399
28500,3,NA,NA,250,NA,9,2,40,25,2,100,1,NA,NA,NA,NA,NA,NA,NA,2,2,NA,2,2,NA,NA,NA,NA,NA,4,10,14,0,2,1,2,6,NA,1,3943,1669,28,14,139.16995492,2064395,591675,1472720,NA,NA,1,NA,NA,NA,NA,NA,NA,NA,NA,2,2,2,2,2,1656690,1546356,NA,NA,3203046,112.39,72.43,45.98,2064395
114000,5,NA,NA,800,NA,12,2,50,80,1,100,25,2,2,2,2,1,2,2,2,2,NA,2,NA,1,NA,NA,NA,NA,80,50,30,1,1,1,1,NA,2,3,4358,1064,28,14,139.16995492,5519947,1492474,3596623,430850,NA,1,NA,NA,NA,NA,NA,NA,NA,NA,2,2,2,2,2,4178927.2,3776454.15,435158.5,NA,8390539.85,73.6,48.42,42.87,5519947
86000,1,NA,NA,900,NA,12,2,50,83,1,100,100,2,2,1,1,2,1,2,2,2,NA,1,30,1,6,2,3,1,399,0,65,0,1,1,1,15,NA,3,1918,2694,28,14,209.09996186,3114777,2607914,506863,NA,NA,1,NA,NA,NA,NA,NA,NA,NA,NA,2,2,2,2,2,7302159.2,532206.15,NA,NA,7834365.35,91.1,36.22,6.47,3114777
84000,2,1,NA,800,NA,12,1,60,70,2,100,100,NA,NA,NA,NA,NA,NA,NA,2,2,NA,2,NA,NA,NA,4,1,1,30,100,5,2,1,2,2,2,2,2,675,3886,29,14,259.35186162,2661114,2661114,NA,NA,NA,1,NA,NA,NA,NA,NA,NA,NA,NA,2,2,2,2,2,7451119.2,NA,NA,NA,7451119.2,88.7,31.68,NA,2661114
174000,9,3,NA,1250,NA,12,2,84,249,1,100,50,1,2,1,2,2,2,2,2,2,NA,1,5,3,NA,NA,10,NA,250,300,200,7,1,1,1,10,2,20,4055,1048,29,14,84.055763395,11308859,4373495,6521973,413391,NA,1,NA,NA,NA,NA,NA,NA,NA,NA,2,2,2,2,2,12245786,6848071.65,417524.91,NA,19511382.56,112.13,64.99,33.43,11308859
68000,4,1,NA,300,NA,10,2,50,40,1,80,100,2,2,1,1,2,1,2,2,2,NA,1,5,1,2,2,2,NA,80,10,3,1,1,1,1,40,NA,2,5496,1056,28,14,403.26234933,2790100,1347515,1442585,NA,NA,1,NA,NA,NA,NA,NA,NA,NA,NA,2,2,2,2,2,3773042,1514714.25,NA,NA,5287756.25,77.76,41.03,27.28,2790100
3900,1,NA,NA,60,NA,12,2,50,2,2,100,100,NA,NA,NA,NA,NA,NA,NA,2,2,NA,2,2,NA,NA,NA,NA,NA,2,0,1,0,NA,NA,2,NA,1,NA,1329,1476,28,14,503.86330813,139840,33752,106088,NA,NA,1,NA,NA,NA,NA,NA,NA,NA,NA,2,2,2,2,2,94505.6,111392.4,NA,NA,205898,52.79,35.86,51.52,139840
59000,1,NA,NA,450,NA,11,1,60,35,2,75,75,NA,NA,NA,NA,NA,NA,NA,2,2,NA,2,NA,NA,NA,NA,2,NA,20,3,2,0,2,2,2,1,NA,2,512,4363,29,14,311.1344891,2369617,2369617,NA,NA,NA,1,NA,NA,NA,NA,NA,NA,NA,NA,2,2,2,2,2,6634927.6,NA,NA,NA,6634927.6,112.46,40.16,NA,2369617
128000,3,1,NA,900,NA,12,2,50,63,1,100,100,2,2,1,1,2,1,2,2,2,NA,1,5,2,NA,6,2,2,157,196,85,2,2,1,1,3,2,2,2310,1743,28,14,356.19828827,6378708,4349618,2029090,NA,NA,1,NA,NA,NA,NA,NA,NA,NA,NA,2,2,2,2,2,12178930.4,2130544.5,NA,NA,14309474.9,111.79,49.83,14.18,6378708
260000,2,1,NA,1750,NA,12,1,84,179,1,100,100,1,2,1,1,2,1,2,1,2,NA,1,7,3,NA,2,10,1,396,1420,35,1,1,1,1,40,4,15,2885,1715,29,14,84.055763395,14243297,13486473,95838,660986,NA,1,NA,NA,NA,NA,NA,NA,NA,NA,2,2,2,2,2,37762124.4,100629.9,667595.86,NA,38530350.16,148.19,54.78,0.25,14243297
104000,1,NA,NA,800,NA,12,2,55,85,1,100,100,2,2,1,1,2,2,2,2,2,NA,1,22,2,2,3,6,2,278,22,16,4,1,1,1,72,3,8,1765,2765,28,14,311.1344891,3463176,2858836,604340,NA,NA,1,NA,NA,NA,NA,NA,NA,NA,NA,2,2,2,2,2,8004740.8,634557,NA,NA,8639297.8,83.07,33.3,7,3463176
385000,4,1,NA,2250,NA,12,1,83,225,1,100,100,1,2,1,2,1,1,2,2,1,1,1,15,3,3,4,5,3,400,200,51,47,1,1,1,15,12,3,7855,778,29,14,84.055763395,24882679,11248566,12669718,964395,NA,1,NA,NA,NA,NA,NA,NA,NA,NA,2,2,2,2,2,31495984.8,13303203.9,974038.95,NA,45773227.65,118.89,64.63,27.68,24882679
59000,1,NA,NA,700,NA,9,2,45,49,1,100,100,2,2,1,2,2,2,2,2,2,NA,1,NA,1,NA,NA,NA,1,200,3,50,0,2,1,1,20,2,4,6165,396,28,14,209.09996186,4195113,2428320,1766793,NA,NA,1,NA,NA,NA,NA,NA,NA,NA,NA,2,2,2,2,2,6799296,1855132.65,NA,NA,8654428.65,146.69,71.1,20.41,4195113
59000,1,NA,NA,600,NA,10,1,90,45,1,100,100,2,2,1,1,2,2,2,2,2,NA,2,NA,1,NA,2,NA,NA,52,50,50,0,1,1,1,28,1,5,6292,373,28,14,15.945623796,4024737,2046692,1978045,NA,NA,1,NA,NA,NA,NA,NA,NA,NA,NA,2,2,2,2,2,5730737.6,2076947.25,NA,NA,7807684.85,132.33,68.22,25.33,4024737
30000,1,NA,NA,400,NA,10,2,50,48,2,100,100,NA,NA,NA,NA,NA,NA,NA,2,2,NA,2,NA,NA,NA,1,1,NA,70,30,6,1,1,2,1,35,1,3,4680,1246,28,14,271.01509096,1639971,1228126,411845,NA,NA,1,NA,NA,NA,NA,NA,NA,NA,NA,2,2,2,2,2,3438752.8,432437.25,NA,NA,3871190.05,129.04,54.67,10.64,1639971
275000,2,3,NA,1750,NA,12,2,60,147,1,100,100,1,2,1,1,2,1,2,2,2,NA,1,NA,2,NA,4,5,2,423,54,10,2,2,2,1,5,1,4,2565,1602,29,14,84.055763395,10875708,8233770,2641938,NA,NA,1,NA,NA,NA,NA,NA,NA,NA,NA,2,2,2,2,2,23054556,2774034.9,NA,NA,25828590.9,93.92,39.55,10.23,10875708
1500,1,NA,NA,20,NA,10,1,45,1,2,100,50,NA,NA,NA,NA,NA,NA,NA,2,2,NA,NA,NA,NA,NA,NA,NA,NA,6,0,0,0,2,2,2,NA,NA,NA,4985,1755,29,14,2140.9064605,151138,53763,97375,NA,NA,1,NA,NA,NA,NA,NA,NA,NA,NA,2,2,2,2,2,150536.4,102243.75,NA,NA,252780.15,168.52,100.76,38.52,151138
33000,3,NA,NA,300,NA,12,2,55,30,1,100,40,2,2,1,1,2,1,2,2,2,NA,1,NA,NA,NA,3,NA,NA,10,210,7,1,2,2,2,18,NA,5,4621,1464,28,14,632.51710677,1538070,520040,1018030,NA,NA,1,NA,NA,NA,NA,NA,NA,NA,NA,2,2,2,2,2,1456112,1068931.5,NA,NA,2525043.5,76.52,46.61,40.32,1538070
79000,1,NA,NA,600,NA,12,1,50,31,1,100,15,2,2,1,2,2,1,2,1,2,NA,1,NA,2,1,NA,4,NA,180,5,10,3,1,1,2,24,2,4,7712,535,28,14,179.59592524,4912039,1606516,3305523,NA,NA,1,NA,NA,NA,NA,NA,NA,NA,NA,2,2,2,2,2,4498244.8,3470799.15,NA,NA,7969043.95,100.87,62.18,41.48,4912039
158000,2,1,NA,800,NA,10,2,50,30,1,100,80,1,2,1,2,2,1,2,1,2,NA,1,NA,3,NA,5,3,1,200,100,15,0,1,1,1,30,2,4,5444,918,28,14,179.59592524,8186054,4016559,4169495,NA,NA,1,NA,NA,NA,NA,NA,NA,NA,NA,2,2,2,2,2,11246365.2,4377969.75,NA,NA,15624334.95,98.89,51.81,26.69,8186054
25500,1,NA,NA,225,NA,12,2,40,31,2,100,100,NA,NA,NA,NA,NA,NA,NA,2,2,NA,NA,NA,NA,NA,NA,NA,NA,100,90,5,7,2,1,1,5,NA,3,1154,4126,29,14,311.1344891,2106746,2106746,NA,NA,NA,1,NA,NA,NA,NA,NA,NA,NA,NA,2,2,2,2,2,5898888.8,NA,NA,NA,5898888.8,231.33,82.62,NA,2106746
154000,3,NA,NA,900,NA,12,1,84,82,1,100,5,1,2,1,1,2,1,2,2,2,NA,2,45,2,NA,3,6,1,120,60,10,1,1,1,1,43,1,2,5602,1095,28,14,84.055763395,10267867,4166144,6101723,NA,NA,1,NA,NA,NA,NA,NA,NA,NA,NA,2,2,2,2,2,11665203.2,6406809.15,NA,NA,18072012.35,117.35,66.67,33.76,10267867
4450,1,NA,NA,20,NA,12,2,40,2,2,100,NA,NA,NA,NA,NA,NA,NA,NA,2,2,NA,NA,NA,NA,NA,NA,NA,NA,1,1,1,0,NA,NA,2,4,NA,NA,4211,1599,29,14,1729.17335,298411,75371,223040,NA,NA,1,NA,NA,NA,NA,NA,NA,NA,NA,2,2,2,2,2,211038.8,234192,NA,NA,445230.8,100.05,67.06,50.1,298411
182000,2,1,NA,900,NA,12,2,40,125,1,100,100,2,2,1,1,1,1,2,2,2,NA,1,60,3,NA,NA,2,1,200,100,4,0,1,1,1,60,2,NA,2462,2008,28,14,138.56608864,6535973,2894045,3641928,NA,NA,1,NA,NA,NA,NA,NA,NA,NA,NA,2,2,2,2,2,8103326,3824024.4,NA,NA,11927350.4,65.53,35.91,30.53,6535973
55000,2,1,NA,500,NA,10,2,38,53,1,100,65,2,2,1,1,2,2,2,2,2,NA,2,NA,2,NA,3,2,NA,84,5,40,2,1,1,2,20,1,4,6400,237,28,14,207.13166685,4142786,4142786,NA,NA,NA,1,NA,NA,NA,NA,NA,NA,NA,NA,2,2,2,2,2,11599800.8,NA,NA,NA,11599800.8,210.91,75.32,NA,4142786
62000,3,1,NA,300,NA,12,2,70,70,1,100,20,2,2,1,1,2,2,2,2,2,NA,2,1,NA,NA,2,NA,NA,30,6,4,3,2,1,1,NA,NA,NA,4196,855,28,14,313.28621931,3513778,662880,2694725,156173,NA,1,NA,NA,NA,NA,NA,NA,NA,NA,2,2,2,2,2,1856064,2829461.25,157734.73,NA,4843259.98,78.12,56.67,55.64,3513778
48000,1,NA,NA,300,NA,10,2,60,25,1,100,100,2,2,1,1,2,1,2,2,2,NA,1,NA,2,NA,2,1,NA,50,2,5,2,2,1,1,16,1,3,3975,1470,28,14,271.01509096,2086606,1164311,922295,NA,NA,1,NA,NA,NA,NA,NA,NA,NA,NA,2,2,2,2,2,3260070.8,968409.75,NA,NA,4228480.55,88.09,43.47,21.81,2086606
255000,3,1,NA,1250,NA,12,1,75,90,1,100,100,1,2,2,1,2,1,2,2,1,1,1,3,3,6,4,2,1,9,350,100,1,1,1,1,NA,4,12,5157,893,28,14,84.055763395,16017753,9738667,5286233,992853,NA,1,NA,NA,NA,NA,NA,NA,NA,NA,2,2,2,2,2,27268267.6,5550544.65,1002781.53,NA,33821593.78,132.63,62.81,15.63,16017753
230000,2,2,NA,1500,NA,12,1,64,120,1,100,100,2,2,1,2,2,1,2,2,2,NA,1,6,4,3,NA,2,NA,240,335,130,5,2,1,1,30,3,4,5145,1132,28,14,25.322576596,12484185,5309492,7174693,NA,NA,1,NA,NA,NA,NA,NA,NA,NA,NA,2,2,2,2,2,14866577.6,7533427.65,NA,NA,22400005.25,97.39,54.28,32.03,12484185
29500,1,NA,NA,225,NA,12,2,85,20,2,100,100,NA,NA,NA,NA,NA,NA,NA,2,2,NA,1,NA,NA,NA,NA,NA,NA,6,3,3,1,2,2,2,NA,NA,1,115,4363,28,14,90.622000825,1021652,1021652,NA,NA,NA,1,NA,NA,NA,NA,NA,NA,NA,NA,2,2,2,2,2,2860625.6,NA,NA,NA,2860625.6,96.97,34.63,NA,1021652
320000,2,1,NA,2500,NA,10,2,45,202,1,100,100,1,1,1,1,2,2,2,2,2,NA,1,17,3,8,6,11,4,360,556,16,4,1,1,1,18,10,5,4352,1421,29,14,90.51747421,28039921,17116063,NA,10923858,NA,1,NA,NA,NA,NA,NA,NA,2,1,2,2,2,2,1,47924976.4,NA,11033096.58,NA,58958072.98,184.24,87.62,NA,28039921
160000,1,NA,NA,700,NA,12,2,50,82,1,100,100,1,1,1,1,2,2,2,2,2,NA,1,3,2,3,1,1,1,355,90,30,0,2,1,1,NA,2,3,2237,2550,28,14,73.063122805,5156665,3835542,1321123,NA,NA,1,NA,NA,NA,NA,NA,NA,NA,NA,2,2,2,2,2,10739517.6,1387179.15,NA,NA,12126696.75,75.79,32.23,10.89,5156665
138000,5,NA,NA,1500,NA,12,1,80,130,1,80,10,2,2,1,1,2,2,2,2,2,NA,1,NA,1,NA,NA,7,NA,150,400,100,4,2,1,1,30,2,10,3272,1558,28,14,84.055763395,9394575,3144834,248768,6000973,NA,1,NA,NA,NA,NA,NA,NA,NA,NA,2,2,2,2,2,8805535.2,261206.4,6060982.73,NA,15127724.33,109.62,68.08,1.64,9394575
128000,2,1,NA,600,NA,12,2,50,70,1,100,100,2,2,1,1,2,1,2,2,2,NA,1,30,1,10,2,5,2,440,0,100,0,1,1,1,25,NA,5,1829,3314,28,14,171.86695171,8010999,5824059,2186940,NA,NA,1,NA,NA,NA,NA,NA,NA,NA,NA,2,2,2,2,2,16307365.2,2296287,NA,NA,18603652.2,145.34,62.59,11.76,8010999
64000,2,NA,NA,350,NA,12,2,60,48,1,100,15,2,2,1,1,2,1,2,1,2,NA,1,5,2,NA,NA,1,NA,75,10,25,5,1,1,1,10,3,2,6104,793,28,14,271.01509096,2810339,1061381,1748958,NA,NA,1,NA,NA,NA,NA,NA,NA,NA,NA,2,2,2,2,2,2971866.8,1836405.9,NA,NA,4808272.7,75.13,43.91,36.37,2810339
215000,4,1,NA,800,NA,12,1,65,108,1,100,80,2,2,1,1,2,1,2,1,2,NA,2,10,3,NA,6,3,1,416,104,85,9,1,1,2,3,2,5,4919,740,29,14,499.1203535,11890606,4141298,7749308,NA,NA,1,NA,NA,NA,NA,NA,NA,NA,NA,2,2,2,2,2,11595634.4,8136773.4,NA,NA,19732407.8,91.78,55.31,39.27,11890606
180000,4,1,NA,1000,NA,11,1,45,45,1,98,98,2,2,1,1,2,2,2,2,2,NA,2,NA,2,NA,NA,NA,1,150,40,10,0,1,1,1,NA,1,1,2803,2449,28,14,171.86695171,5869985,3032272,2837713,NA,NA,1,NA,NA,NA,NA,NA,NA,NA,NA,2,2,2,2,2,8490361.6,2979598.65,NA,NA,11469960.25,63.72,32.61,24.74,5869985
80000,2,2,NA,600,NA,12,1,72,54,1,100,2,2,2,1,1,2,2,2,2,2,NA,1,6,2,NA,3,2,NA,35,20,12,1,1,1,1,6,2,6,5307,721,28,14,647.9871845,4499416,926778,3572638,NA,NA,1,NA,NA,NA,NA,NA,NA,NA,NA,2,2,2,2,2,2594978.4,3751269.9,NA,NA,6346248.3,79.33,56.24,56.3,4499416
60000,2,NA,NA,500,NA,11,2,40,48,1,100,NA,2,2,1,1,2,1,2,2,2,NA,1,NA,NA,NA,NA,1,NA,58,81,36,0,1,1,1,4,1,4,6995,161,28,14,125.65044,932303,726995,205308,NA,NA,1,NA,NA,NA,NA,NA,NA,NA,NA,2,2,2,2,2,2035586,215573.4,NA,NA,2251159.4,37.52,15.54,9.12,932303
72000,1,NA,NA,800,NA,11,2,55,45,1,100,100,2,2,1,2,2,2,2,2,2,NA,1,NA,2,NA,5,2,NA,250,44,34,1,1,2,1,30,NA,4,3072,2263,28,14,160.42583102,2784283,2525163,259120,NA,NA,1,NA,NA,NA,NA,NA,NA,NA,NA,2,2,2,2,2,7070456.4,272076,NA,NA,7342532.4,101.98,38.67,3.53,2784283
92000,1,NA,NA,500,NA,12,1,70,93,1,100,100,2,2,1,1,2,1,2,2,2,NA,1,5,2,NA,NA,2,1,198,279,20,1,1,1,1,20,2,5,2740,2220,28,14,366.15594072,6482839,4036164,2446675,NA,NA,1,NA,NA,NA,NA,NA,NA,NA,NA,2,2,2,2,2,11301259.2,2569008.75,NA,NA,13870267.95,150.76,70.47,17.64,6482839
22250,4,NA,NA,225,NA,12,2,50,28,1,90,90,2,2,2,2,1,1,2,2,2,NA,1,NA,1,NA,NA,3,1,14,12,4,2,2,1,1,5,NA,1,762,3824,28,14,259.35186162,1544051,1040571,503480,NA,NA,1,NA,NA,NA,NA,NA,NA,NA,NA,2,2,2,2,2,2913598.8,528654,NA,NA,3442252.8,154.71,69.4,14.63,1544051
33500,1,NA,NA,175,NA,12,2,50,4,2,50,50,NA,NA,NA,NA,NA,NA,NA,2,2,NA,1,NA,NA,NA,1,1,NA,30,8,3,1,2,1,1,5,NA,2,814,3923,28,14,311.1344891,1303541,1303541,NA,NA,NA,1,NA,NA,NA,NA,NA,NA,NA,NA,2,2,2,2,2,3649914.8,NA,NA,NA,3649914.8,108.95,38.91,NA,1303541
65000,2,1,NA,300,NA,12,1,60,73,2,100,100,NA,NA,NA,NA,NA,NA,NA,2,2,NA,1,2,NA,NA,NA,NA,NA,50,25,12,0,2,1,1,NA,NA,2,5252,1307,28,14,125.65044,2136346,1936573,199773,NA,NA,1,NA,NA,NA,NA,NA,NA,NA,NA,2,2,2,2,2,5422404.4,209761.65,NA,NA,5632166.05,86.65,32.87,3.55,2136346
148000,2,1,NA,800,NA,11,1,56,110,1,100,95,2,2,1,2,1,1,2,2,2,NA,1,5,4,3,5,4,2,56,50,12,1,2,1,1,30,6,8,5066,1134,28,14,84.055763395,9738500,6162843,3440105,135552,NA,1,NA,NA,NA,NA,NA,NA,NA,NA,2,2,2,2,2,17255960.4,3612110.25,136907.52,NA,21004978.17,141.93,65.8,16.38,9738500
205000,1,NA,NA,1250,NA,12,2,50,122,1,100,99,2,2,2,1,1,1,2,2,2,NA,2,NA,1,NA,2,5,2,700,250,250,1,1,1,1,100,4,8,2960,1404,29,14,366.15594072,7138948,7138948,NA,NA,NA,1,NA,NA,NA,NA,NA,NA,NA,NA,2,2,2,2,2,19989054.4,NA,NA,NA,19989054.4,97.51,34.82,NA,7138948
102000,1,NA,NA,700,NA,12,2,40,60,1,100,100,2,2,1,1,2,2,2,2,2,NA,2,NA,2,NA,3,2,1,150,50,5,1,1,1,2,46,1,2,3079,1324,28,14,242.08690218,3656377,2822539,833838,NA,NA,1,NA,NA,NA,NA,NA,NA,NA,NA,2,2,2,2,2,7903109.2,875529.9,NA,NA,8778639.1,86.07,35.85,9.5,3656377
18500,1,NA,NA,200,NA,10,2,40,10,2,100,100,NA,NA,NA,NA,NA,NA,NA,2,2,NA,1,NA,NA,NA,1,NA,1,30,4,10,0,2,2,1,4,NA,2,1397,808,28,14,503.86330813,1225061,916228,308833,NA,NA,1,NA,NA,NA,NA,NA,NA,NA,NA,2,2,2,2,2,2565438.4,324274.65,NA,NA,2889713.05,156.2,66.22,10.69,1225061
13000,2,1,NA,200,NA,10,2,45,10,2,100,100,NA,NA,NA,NA,NA,NA,NA,2,2,NA,NA,NA,NA,NA,NA,NA,NA,10,0,10,0,2,2,1,NA,NA,NA,644,4883,28,14,624.95414063,588938,588938,NA,NA,NA,1,NA,NA,NA,NA,NA,NA,NA,NA,2,2,2,2,2,1649026.4,NA,NA,NA,1649026.4,126.85,45.3,NA,588938
6000,1,NA,NA,25,NA,12,2,55,5,2,100,100,NA,NA,NA,NA,NA,NA,NA,2,2,NA,1,2,NA,NA,NA,NA,NA,25,2,3,0,2,1,1,3,NA,NA,1739,2514,28,14,484.85166373,423234,304026,119208,NA,NA,1,NA,NA,NA,NA,NA,NA,NA,NA,2,2,2,2,2,851272.8,125168.4,NA,NA,976441.2,162.74,70.54,12.21,423234
98000,1,NA,NA,800,NA,12,1,80,100,1,100,30,2,2,1,2,2,2,2,2,2,NA,1,NA,NA,NA,5,NA,NA,75,40,8,5,2,1,1,10,1,6,4514,721,28,14,84.58932707,6736864,1871086,4865778,NA,NA,1,NA,NA,NA,NA,NA,NA,NA,NA,2,2,2,2,2,5239040.8,5109066.9,NA,NA,10348107.7,105.59,68.74,47.02,6736864
41000,1,NA,NA,350,NA,10,2,45,20,1,100,100,2,2,1,2,2,2,2,2,2,NA,1,1,2,NA,2,1,1,100,20,20,0,1,1,1,20,2,2,1246,2974,28,14,503.86330813,2514306,1880343,633963,NA,NA,1,NA,NA,NA,NA,NA,NA,NA,NA,2,2,2,2,2,5264960.4,665661.15,NA,NA,5930621.55,144.65,61.32,10.69,2514306
44500,1,NA,NA,450,NA,9,2,45,55,1,100,15,2,2,1,2,1,1,2,2,2,NA,1,NA,2,NA,NA,1,NA,158,2,18,0,2,1,1,1,1,4,3655,1943,28,14,242.08690218,2008628,823728,1184900,NA,NA,1,NA,NA,NA,NA,NA,NA,NA,NA,2,2,2,2,2,2306438.4,1244145,NA,NA,3550583.4,79.79,45.14,33.37,2008628
12000,1,NA,NA,125,NA,12,2,40,9,2,100,100,NA,NA,NA,NA,NA,NA,NA,2,2,NA,NA,NA,NA,NA,NA,NA,NA,40,0,4,0,2,2,1,NA,NA,NA,162,4619,28,14,2293.5899096,579979,579979,NA,NA,NA,1,NA,NA,NA,NA,NA,NA,NA,NA,2,2,2,2,2,1623941.2,NA,NA,NA,1623941.2,135.33,48.33,NA,579979
42500,3,1,NA,600,NA,10,2,80,50,2,100,100,NA,NA,NA,NA,NA,NA,NA,2,2,NA,NA,NA,NA,NA,NA,NA,NA,200,2,40,2,2,2,2,13,NA,4,1022,1436,28,14,212.42624205,1570216,1400066,170150,NA,NA,1,NA,NA,NA,NA,NA,NA,NA,NA,2,2,2,2,2,3920184.8,178657.5,NA,NA,4098842.3,96.44,36.95,4.15,1570216
142000,2,1,NA,1250,NA,12,1,60,100,1,100,100,2,2,1,2,2,2,2,2,2,NA,1,24,2,NA,3,12,NA,350,100,50,5,1,1,1,60,NA,6,2882,2256,28,14,84.055763395,10628866,10265654,NA,363212,NA,1,NA,NA,NA,NA,NA,NA,NA,NA,2,2,2,2,2,28743831.2,NA,366844.12,NA,29110675.32,205,74.85,NA,10628866
150000,3,1,NA,300,NA,12,2,50,100,1,100,50,2,2,2,1,2,2,2,2,2,NA,2,NA,2,NA,NA,NA,NA,95,20,4,0,2,1,1,9,1,3,7063,776,29,14,125.65044,6775178,2053823,4721355,NA,NA,1,NA,NA,NA,NA,NA,NA,NA,NA,2,2,2,2,2,5750704.4,4957422.75,NA,NA,10708127.15,71.39,45.17,44.09,6775178
73000,2,1,NA,500,NA,12,2,40,50,1,85,20,2,2,1,1,2,2,2,2,2,NA,1,2,2,NA,NA,1,NA,30,100,5,1,1,1,1,22,1,2,5643,882,28,14,239.38538189,3967908,1569203,2398705,NA,NA,1,NA,NA,NA,NA,NA,NA,NA,NA,2,2,2,2,2,4393768.4,2518640.25,NA,NA,6912408.65,94.69,54.35,34.7,3967908
6600,1,NA,NA,100,NA,12,1,96,6,2,100,100,NA,NA,NA,NA,NA,NA,NA,2,2,NA,NA,NA,NA,NA,NA,NA,NA,50,4,3,0,2,1,2,1,NA,NA,1181,1091,29,14,751.72654486,83331,83331,NA,NA,NA,1,NA,NA,NA,NA,NA,NA,NA,NA,2,2,2,2,2,233326.8,NA,NA,NA,233326.8,35.35,12.63,NA,83331
67000,1,NA,NA,350,NA,12,1,60,40,1,100,100,2,2,1,2,2,2,2,2,2,NA,1,4,2,NA,NA,3,2,50,25,10,1,2,1,1,2,NA,2,5436,944,28,14,207.13166685,6315927,2088212,4227715,NA,NA,1,NA,NA,NA,NA,NA,NA,NA,NA,2,2,2,2,2,5846993.6,4439100.75,NA,NA,10286094.35,153.52,94.27,41.1,6315927
100000,3,1,NA,450,NA,12,2,40,35,1,90,90,2,2,1,2,1,1,2,2,2,NA,1,12,2,3,2,3,1,120,85,10,0,1,1,1,10,1,3,3452,2124,28,14,356.19828827,6585772,5093782,1491990,NA,NA,1,NA,NA,NA,NA,NA,NA,NA,NA,2,2,2,2,2,14262589.6,1566589.5,NA,NA,15829179.1,158.29,65.86,9.43,6585772
4800,2,NA,NA,45,NA,12,2,40,7,2,100,NA,NA,NA,NA,NA,NA,NA,NA,2,2,NA,2,1,NA,NA,NA,NA,NA,1,10,1,1,2,1,2,1,NA,1,10383,14,28,14,1667.7551609,523652,142864,380788,NA,NA,1,NA,NA,NA,NA,NA,NA,NA,NA,2,2,2,2,2,400019.2,399827.4,NA,NA,799846.6,166.63,109.09,47.61,523652
200001,4,4,NA,1000,NA,12,2,40,100,1,100,100,1,2,1,2,2,1,2,2,2,NA,1,30,2,NA,NA,3,2,350,30,250,5,1,1,1,20,2,6,3195,2310,28,14,171.86695171,7021098,4173135,2847963,NA,NA,1,NA,NA,NA,NA,NA,NA,NA,NA,2,2,2,2,2,11684778,2990361.15,NA,NA,14675139.15,73.38,35.11,19.41,7021098
23000,3,1,NA,225,NA,10,2,40,12,1,100,100,2,2,1,2,2,1,2,2,2,NA,1,2,NA,NA,2,NA,NA,55,12,7,1,2,1,1,15,1,3,5457,733,29,14,207.13166685,1556137,698314,857823,NA,NA,1,NA,NA,NA,NA,NA,NA,NA,NA,2,2,2,2,2,1955279.2,900714.15,NA,NA,2855993.35,124.17,67.66,30.04,1556137
138000,1,NA,NA,800,NA,12,2,50,86,1,100,35,1,2,1,1,1,1,2,1,2,NA,1,10,2,NA,1,3,NA,290,5,40,3,2,1,1,2,1,3,7120,390,28,14,160.42583102,6834607,2451041,NA,4383566,NA,1,NA,NA,NA,NA,NA,NA,2,1,2,2,2,2,1,6862914.8,NA,4427401.66,NA,11290316.46,81.81,49.53,NA,6834607
200000,2,NA,NA,1750,NA,12,2,50,50,1,100,100,1,2,1,1,2,2,2,2,2,NA,1,NA,1,NA,NA,3,2,414,6,4,0,1,2,2,NA,3,NA,2202,2151,29,14,239.38538189,10843279,6389141,4454138,NA,NA,1,NA,NA,NA,NA,NA,NA,NA,NA,2,2,2,2,2,17889594.8,4676844.9,NA,NA,22566439.7,112.83,54.22,19.74,10843279
126000,1,NA,NA,700,NA,12,1,100,85,1,90,90,1,2,1,2,2,2,2,2,2,NA,1,20,2,NA,6,3,2,250,60,45,3,1,1,1,NA,NA,6,4060,1420,28,14,179.59592524,8022162,4936707,3085455,NA,NA,1,NA,NA,NA,NA,NA,NA,NA,NA,2,2,2,2,2,13822779.6,3239727.75,NA,NA,17062507.35,135.42,63.67,18.08,8022162
80000,5,NA,NA,300,NA,8,2,55,64,1,100,10,2,2,1,2,2,2,2,2,2,NA,2,NA,NA,NA,5,2,NA,65,2,3,1,2,1,1,6,NA,3,4216,1135,28,14,139.16995492,6053449,1453451,4112095,487903,NA,1,NA,NA,NA,NA,NA,NA,NA,NA,2,2,2,2,2,4069662.8,4317699.75,492782.03,NA,8880144.58,111,75.67,46.31,6053449
37500,2,NA,NA,300,NA,12,1,50,23,1,100,90,2,2,1,2,2,1,2,2,2,NA,1,NA,NA,NA,1,NA,1,22,15,4,2,1,2,1,3,NA,2,4440,1774,28,14,360.21806967,1931331,1842463,88868,NA,NA,1,NA,NA,NA,NA,NA,NA,NA,NA,2,2,2,2,2,5158896.4,93311.4,NA,NA,5252207.8,140.06,51.5,1.69,1931331
138000,1,NA,NA,700,NA,12,2,60,121,1,100,100,2,2,1,1,2,1,2,2,2,NA,1,10,2,1,2,3,1,209,436,20,1,1,1,1,25,2,10,3502,1572,28,14,242.08690218,7009345,5802376,865203,341766,NA,1,NA,NA,NA,NA,NA,NA,NA,NA,2,2,2,2,2,16246652.8,908463.15,345183.66,NA,17500299.61,126.81,50.79,4.94,7009345
38500,1,NA,NA,450,NA,12,1,90,65,2,85,100,NA,NA,NA,NA,NA,NA,NA,2,2,NA,1,3,NA,NA,NA,1,NA,50,150,25,1,2,2,1,1,NA,2,6923,839,28,14,239.38538189,2001448,1312955,688493,NA,NA,1,NA,NA,NA,NA,NA,NA,NA,NA,2,2,2,2,2,3676274,722917.65,NA,NA,4399191.65,114.26,51.99,15.65,2001448
82000,1,NA,NA,900,NA,12,1,70,79,1,95,100,2,2,1,1,2,2,2,2,2,NA,2,NA,2,NA,NA,2,1,32,10,3,1,1,2,1,11,1,6,564,4030,28,14,171.86695171,5139260,5139260,NA,NA,NA,1,NA,NA,NA,NA,NA,NA,NA,NA,2,2,2,2,2,14389928,NA,NA,NA,14389928,175.49,62.67,NA,5139260
260000,3,2,NA,1500,NA,10,1,60,132,1,100,100,1,2,1,1,2,1,2,1,1,1,2,NA,2,NA,4,6,NA,1000,200,75,2,2,1,1,200,6,10,3584,2106,29,14,84.055763395,20725675,20725675,NA,NA,NA,1,NA,NA,NA,NA,NA,NA,NA,NA,2,2,2,2,2,58031890,NA,NA,NA,58031890,223.2,79.71,NA,20725675
55000,3,1,NA,600,NA,12,2,40,40,2,100,80,NA,NA,NA,NA,NA,NA,NA,2,2,NA,2,NA,NA,NA,2,NA,NA,200,150,10,3,2,1,1,3,1,4,3273,2114,28,14,207.13166685,2845417,1878637,966780,NA,NA,1,NA,NA,NA,NA,NA,NA,NA,NA,2,2,2,2,2,5260183.6,1015119,NA,NA,6275302.6,114.1,51.73,15.41,2845417
215000,1,NA,NA,1000,NA,12,2,50,100,1,85,80,2,2,1,1,2,1,2,2,2,NA,1,6,3,NA,4,13,2,250,600,25,10,1,1,1,50,5,8,4946,1230,28,14,239.38538189,2405819,2227879,177940,NA,NA,1,NA,NA,NA,NA,NA,NA,NA,NA,2,2,2,2,2,6238061.2,186837,NA,NA,6424898.2,29.88,11.19,2.77,2405819
65000,2,1,NA,400,NA,12,2,50,30,1,100,25,1,2,1,2,2,2,2,2,2,NA,1,NA,NA,NA,NA,3,NA,100,10,5,1,2,1,1,5,1,NA,5163,1023,28,14,139.16995492,4886186,2160608,2725578,NA,NA,1,NA,NA,NA,NA,NA,NA,NA,NA,2,2,2,2,2,6049702.4,2861856.9,NA,NA,8911559.3,137.1,75.17,30.58,4886186
405000,3,2,NA,2250,NA,12,1,104,150,1,100,90,1,2,1,1,1,1,2,2,1,1,1,5,2,2,16,6,NA,300,150,30,35,2,1,1,10,6,4,5828,1163,29,14,160.42583102,29637659,10793316,18776155,68188,NA,1,NA,NA,NA,NA,NA,NA,NA,NA,2,2,2,2,2,30221284.8,19714962.75,68869.88,NA,50005117.43,123.47,73.18,37.55,29637659
60000,1,NA,NA,800,NA,12,2,80,40,1,100,100,2,2,2,1,1,2,2,2,2,NA,2,NA,2,NA,1,2,1,10,200,10,3,1,2,1,3,NA,4,5555,1145,28,14,207.13166685,3904799,1498919,2405880,NA,NA,1,NA,NA,NA,NA,NA,NA,NA,NA,2,2,2,2,2,4196973.2,2526174,NA,NA,6723147.2,112.05,65.08,35.79,3904799
120000,2,1,NA,1000,NA,9,2,65,45,1,100,10,1,2,1,1,2,1,2,2,2,NA,1,NA,1,NA,NA,2,1,60,0,20,2,2,1,2,45,2,3,5224,1129,29,14,16.829059837,10233558,4572790,5660768,NA,NA,1,NA,NA,NA,NA,NA,NA,NA,NA,2,2,2,2,2,12803812,5943806.4,NA,NA,18747618.4,156.23,85.28,30.19,10233558
26000,2,NA,NA,250,NA,12,2,55,22,2,100,100,NA,NA,NA,NA,NA,NA,NA,2,2,NA,1,NA,NA,NA,NA,NA,NA,35,8,4,2,1,2,2,2,NA,NA,3420,2094,28,14,751.72654486,871360,304330,567030,NA,NA,1,NA,NA,NA,NA,NA,NA,NA,NA,2,2,2,2,2,852124,595381.5,NA,NA,1447505.5,55.67,33.51,39.17,871360
180000,4,1,NA,800,NA,12,2,30,80,1,86,2,2,2,1,2,2,2,2,2,2,NA,1,5,1,NA,NA,2,1,153,2,12,1,2,1,1,10,2,4,5925,647,28,14,139.16995492,10523644,1169596,9354048,NA,NA,1,NA,NA,NA,NA,NA,NA,NA,NA,2,2,2,2,2,3274868.8,9821750.4,NA,NA,13096619.2,72.76,58.46,71.42,10523644
81000,1,NA,NA,450,NA,10,2,40,40,2,100,100,NA,NA,NA,NA,NA,NA,NA,2,2,NA,1,NA,NA,NA,NA,2,NA,145,50,6,0,2,1,1,4,NA,2,3055,1467,28,14,209.09996186,2711226,2039851,671375,NA,NA,1,NA,NA,NA,NA,NA,NA,NA,NA,2,2,2,2,2,5711582.8,704943.75,NA,NA,6416526.55,79.22,33.47,10.46,2711226
62000,1,NA,NA,450,NA,11,2,40,43,1,100,NA,2,2,2,1,2,2,2,2,2,NA,1,10,2,NA,2,2,1,65,93,3,1,1,1,2,6,NA,3,7718,468,28,14,242.08690218,1993689,1489799,503890,NA,NA,1,NA,NA,NA,NA,NA,NA,NA,NA,2,2,2,2,2,4171437.2,529084.5,NA,NA,4700521.7,75.81,32.16,10.72,1993689
16750,1,NA,NA,90,NA,9,2,40,3,2,100,70,NA,NA,NA,NA,NA,NA,NA,2,2,NA,NA,NA,NA,NA,NA,NA,NA,3,0,2,0,NA,NA,2,3,NA,NA,2454,2701,29,14,484.85166373,899115,402810,496305,NA,NA,1,NA,NA,NA,NA,NA,NA,NA,NA,2,2,2,2,2,1127868,521120.25,NA,NA,1648988.25,98.45,53.68,30.1,899115
45500,1,NA,NA,250,NA,12,2,40,25,1,100,100,2,2,1,2,2,2,2,2,2,NA,2,NA,NA,3,NA,1,1,200,2,2,4,2,2,1,NA,NA,NA,2835,2101,28,14,133.33774762,3045174,2207236,837938,NA,NA,1,NA,NA,NA,NA,NA,NA,NA,NA,2,2,2,2,2,6180260.8,879834.9,NA,NA,7060095.7,155.17,66.93,11.87,3045174
36500,2,NA,NA,225,NA,12,2,70,14,1,100,40,2,2,2,2,1,1,2,2,2,NA,1,NA,NA,NA,1,NA,NA,50,3,6,1,2,1,1,NA,NA,1,5907,1091,28,14,653.05875273,902589,425964,476625,NA,NA,1,NA,NA,NA,NA,NA,NA,NA,NA,2,2,2,2,2,1192699.2,500456.25,NA,NA,1693155.45,46.39,24.73,28.15,902589
38500,1,NA,NA,200,NA,12,2,50,38,1,100,15,2,2,1,2,1,1,2,2,2,NA,2,NA,NA,NA,4,2,NA,75,10,12,1,2,1,1,25,1,3,2870,2389,28,14,360.21806967,3144203,1063145,2081058,NA,NA,1,NA,NA,NA,NA,NA,NA,NA,NA,2,2,2,2,2,2976806,2185110.9,NA,NA,5161916.9,134.08,81.67,40.32,3144203
69000,1,NA,NA,900,NA,10,2,80,70,1,100,33,2,2,2,1,2,2,2,2,2,NA,1,NA,1,NA,NA,2,NA,140,85,20,1,2,2,1,1,2,5,5579,921,28,14,239.38538189,9541185,3332760,6208425,NA,NA,1,NA,NA,NA,NA,NA,NA,NA,NA,2,2,2,2,2,9331728,6518846.25,NA,NA,15850574.25,229.72,138.28,39.17,9541185
47000,3,1,NA,250,NA,12,1,75,32,1,100,NA,2,2,1,2,2,1,2,2,2,NA,1,NA,1,NA,NA,NA,NA,4,200,8,2,2,2,1,2,NA,2,5287,454,28,14,313.28621931,1833129,1073436,NA,759693,NA,1,NA,NA,NA,NA,NA,NA,2,1,2,2,2,2,1,3005620.8,NA,767289.93,NA,3772910.73,80.27,39,NA,1833129
73000,1,NA,NA,600,NA,12,1,35,75,1,100,100,2,2,1,2,2,2,2,2,2,NA,1,2,1,NA,NA,1,1,131,230,51,1,2,2,1,42,1,6,4546,1130,28,14,242.08690218,3745165,2643290,1101875,NA,NA,1,NA,NA,NA,NA,NA,NA,NA,NA,2,2,2,2,2,7401212,1156968.75,NA,NA,8558180.75,117.24,51.3,12.88,3745165
225000,2,1,NA,1250,NA,12,2,50,60,1,100,75,1,2,2,1,1,1,2,2,1,1,1,12,4,2,4,2,1,120,100,4,3,1,1,1,20,2,NA,7283,611,28,14,84.055763395,14467211,3328433,11138778,NA,NA,1,NA,NA,NA,NA,NA,NA,NA,NA,2,2,2,2,2,9319612.4,11695716.9,NA,NA,21015329.3,93.4,64.3,53,14467211
240000,2,1,NA,2500,NA,10,2,45,168,1,100,100,2,2,1,1,2,1,2,2,2,NA,2,NA,2,NA,10,4,NA,200,50,3,1,2,1,1,6,NA,3,5610,1279,28,14,84.055763395,15432306,4582886,10849420,NA,NA,1,NA,NA,NA,NA,NA,NA,NA,NA,2,2,2,2,2,12832080.8,11391891,NA,NA,24223971.8,100.93,64.3,44.79,15432306
31500,1,NA,NA,350,NA,9,2,45,51,1,100,5,2,2,2,2,1,2,2,2,2,NA,2,NA,NA,NA,1,NA,NA,112,66,21,2,2,1,1,23,1,2,6834,544,28,14,360.21806967,1696748,624188,1072560,NA,NA,1,NA,NA,NA,NA,NA,NA,NA,NA,2,2,2,2,2,1747726.4,1126188,NA,NA,2873914.4,91.24,53.87,37.32,1696748
26000,1,NA,NA,400,NA,11,1,48,32,1,90,90,1,2,2,1,2,1,2,1,2,NA,1,4,1,4,NA,NA,1,51,16,18,0,1,1,1,2,NA,2,3251,161,28,14,138.56608864,812208,340913,471295,NA,NA,1,NA,NA,NA,NA,NA,NA,NA,NA,2,2,2,2,2,954556.4,494859.75,NA,NA,1449416.15,55.75,31.24,32.52,812208
215000,2,1,NA,1500,NA,10,1,40,150,1,100,70,2,2,1,1,2,1,2,2,1,1,2,12,2,NA,6,4,1,400,180,49,4,2,1,1,25,3,2,5013,1387,29,14,84.055763395,12582725,5331567,7251158,NA,NA,1,NA,NA,NA,NA,NA,NA,NA,NA,2,2,2,2,2,14928387.6,7613715.9,NA,NA,22542103.5,104.85,58.52,32.17,12582725
67000,1,NA,NA,600,NA,12,2,85,40,2,100,100,NA,NA,NA,NA,NA,NA,NA,1,2,NA,1,1,NA,NA,NA,NA,NA,100,40,30,1,2,1,2,30,NA,2,5955,814,29,14,356.19828827,1538370,748402,789968,NA,NA,1,NA,NA,NA,NA,NA,NA,NA,NA,2,2,2,2,2,2095525.6,829466.4,NA,NA,2924992,43.66,22.96,27.01,1538370
20000,1,NA,NA,300,NA,12,2,50,15,2,100,100,NA,NA,NA,NA,NA,NA,NA,2,2,NA,NA,NA,NA,NA,NA,NA,NA,25,11,2,0,2,2,1,11,NA,1,1364,1347,28,14,316.26326145,813080,598240,214840,NA,NA,1,NA,NA,NA,NA,NA,NA,NA,NA,2,2,2,2,2,1675072,225582,NA,NA,1900654,95.03,40.65,11.3,813080
330000,4,3,NA,1750,NA,12,1,86,225,1,100,95,1,2,1,1,2,1,1,1,1,1,1,5,2,1,5,7,5,275,104,125,20,1,1,1,10,4,8,6835,952,29,14,139.16995492,33648486,18580473,15068013,NA,NA,1,NA,NA,NA,NA,NA,NA,NA,NA,2,2,2,2,2,52025324.4,15821413.65,NA,NA,67846738.05,205.6,101.97,22.21,33648486
200000,5,1,NA,2250,NA,10,2,45,200,1,100,75,2,2,1,2,1,2,2,1,2,NA,1,6,1,4,5,6,NA,200,75,3,2,1,2,1,3,NA,3,3945,1515,28,14,84.055763395,7070920,3465592,96248,3509080,NA,1,NA,NA,NA,NA,NA,NA,NA,NA,2,2,2,2,2,9703657.6,101060.4,3544170.8,NA,13348888.8,66.74,35.35,0.72,7070920
80000,2,1,NA,800,NA,9,1,70,50,1,100,80,2,2,1,2,1,1,2,2,2,NA,1,5,NA,3,NA,1,2,126,25,32,0,1,1,1,25,3,5,5626,658,28,14,139.16995492,4617877,1909314,2708563,NA,NA,1,NA,NA,NA,NA,NA,NA,NA,NA,2,2,2,2,2,5346079.2,2843991.15,NA,NA,8190070.35,102.38,57.72,33.07,4617877
24250,1,NA,NA,150,NA,9,2,40,35,2,100,100,NA,NA,NA,NA,NA,NA,NA,2,2,NA,NA,NA,NA,NA,NA,NA,NA,10,0,0,0,2,2,2,NA,NA,NA,983,3516,28,14,503.86330813,1133756,1133756,NA,NA,NA,1,NA,NA,NA,NA,NA,NA,NA,NA,2,2,2,2,2,3174516.8,NA,NA,NA,3174516.8,130.91,46.75,NA,1133756
100000,1,NA,NA,800,NA,12,2,50,35,1,100,100,1,2,1,1,2,1,2,2,2,NA,1,NA,2,NA,NA,NA,1,185,5,3,0,1,2,1,NA,2,1,2755,1768,29,14,362.06989684,5235000,4099095,1135905,NA,NA,1,NA,NA,NA,NA,NA,NA,NA,NA,2,2,2,2,2,11477466,1192700.25,NA,NA,12670166.25,126.7,52.35,8.97,5235000
77000,1,NA,NA,700,NA,12,1,60,82,1,100,100,2,2,1,2,2,1,2,2,2,NA,1,NA,2,NA,2,1,1,50,10,50,2,1,1,1,10,1,2,4015,1545,28,14,242.08690218,3654537,2424332,1230205,NA,NA,1,NA,NA,NA,NA,NA,NA,NA,NA,2,2,2,2,2,6788129.6,1291715.25,NA,NA,8079844.85,104.93,47.46,15.23,3654537
34000,1,NA,NA,400,NA,12,2,60,50,1,100,100,2,2,1,2,2,1,2,2,2,NA,1,12,NA,NA,NA,NA,NA,65,150,20,1,1,1,1,NA,1,2,5056,1017,28,14,139.16995492,2004989,1027241,977748,NA,NA,1,NA,NA,NA,NA,NA,NA,NA,NA,2,2,2,2,2,2876274.8,1026635.4,NA,NA,3902910.2,114.79,58.97,25.05,2004989
180000,7,4,NA,1500,NA,12,2,50,80,1,100,20,2,2,1,2,1,2,2,2,2,NA,1,NA,3,NA,NA,5,2,300,150,20,0,2,2,1,NA,NA,10,3621,1740,29,14,84.055763395,25384681,5154563,20230118,NA,NA,1,NA,NA,NA,NA,NA,NA,NA,NA,2,2,2,2,2,14432776.4,21241623.9,NA,NA,35674400.3,198.19,141.03,56.71,25384681
198000,3,1,NA,2250,NA,12,1,55,125,1,100,100,1,2,1,1,1,1,2,1,2,NA,1,2,2,NA,NA,7,2,75,80,0,1,1,1,1,85,6,6,6227,966,29,14,179.59592524,15671097,7944214,7223995,502888,NA,1,NA,NA,NA,NA,NA,NA,NA,NA,2,2,2,2,2,22243799.2,7585194.75,507916.88,NA,30336910.83,153.22,79.15,23.81,15671097
275000,2,1,NA,900,NA,12,2,70,112,1,100,10,1,2,1,1,2,1,2,1,2,NA,1,4,3,NA,2,3,1,250,200,84,15,1,1,1,30,5,10,5731,699,28,14,94.697333741,8947019,3735611,5211408,NA,NA,1,NA,NA,NA,NA,NA,NA,NA,NA,2,2,2,2,2,10459710.8,5471978.4,NA,NA,15931689.2,57.93,32.53,32.71,8947019
198000,2,1,NA,2500,NA,12,1,96,150,1,100,100,2,2,1,2,2,2,2,2,2,NA,1,4,2,5,3,7,1,174,151,57,1,2,2,2,30,2,7,1166,1167,29,14,139.16995492,2897728,2232400,665328,NA,NA,1,NA,NA,NA,NA,NA,NA,NA,NA,2,2,2,2,2,6250720,698594.4,NA,NA,6949314.4,35.1,14.63,9.57,2897728
73000,1,NA,NA,700,NA,10,2,45,53,1,100,94,2,2,1,1,2,1,2,2,2,NA,1,NA,2,2,4,2,2,56,117,8,7,1,1,1,3,3,3,2942,2023,28,14,209.09996186,1836989,1243411,593578,NA,NA,1,NA,NA,NA,NA,NA,NA,NA,NA,2,2,2,2,2,3481550.8,623256.9,NA,NA,4104807.7,56.23,25.16,14.46,1836989
33000,1,NA,NA,250,NA,10,2,50,23,2,85,70,NA,NA,NA,NA,NA,NA,NA,2,2,NA,1,NA,NA,NA,1,NA,NA,6,5,4,0,2,2,1,1,NA,1,4571,1745,28,14,360.21806967,902868,294940,607928,NA,NA,1,NA,NA,NA,NA,NA,NA,NA,NA,2,2,2,2,2,825832,638324.4,NA,NA,1464156.4,44.37,27.36,41.52,902868
80000,4,NA,NA,600,NA,12,1,65,90,1,100,15,2,2,1,2,1,2,2,2,2,NA,1,6,NA,NA,10,1,NA,40,30,10,1,2,1,1,NA,NA,3,4192,1145,28,14,139.16995492,6185250,2241885,273163,3670202,NA,1,NA,NA,NA,NA,NA,NA,NA,NA,2,2,2,2,2,6277278,286821.15,3706904.02,NA,10271003.17,128.39,77.32,2.66,6185250
95000,2,NA,NA,400,NA,12,1,50,35,2,100,100,NA,NA,NA,NA,NA,NA,NA,2,2,NA,1,20,NA,NA,NA,NA,2,300,40,5,5,1,2,1,12,1,4,4855,1595,28,14,133.33774762,6698785,3614560,3084225,NA,NA,1,NA,NA,NA,NA,NA,NA,NA,NA,2,2,2,2,2,10120768,3238436.25,NA,NA,13359204.25,140.62,70.51,23.09,6698785
63000,1,NA,NA,500,NA,12,2,60,30,1,100,100,2,2,1,2,1,2,2,2,2,NA,1,12,2,NA,NA,NA,1,88,50,24,2,2,1,1,20,1,3,3200,1389,28,14,532.96366558,6127335,1747756,NA,4379579,NA,1,NA,NA,NA,NA,NA,NA,NA,NA,2,2,2,2,2,4893716.8,NA,4423374.79,NA,9317091.59,147.89,97.26,NA,6127335
114000,4,NA,NA,1000,NA,10,2,40,100,1,100,99,2,2,2,1,2,2,2,2,2,NA,2,NA,NA,NA,14,NA,NA,52,24,52,1,2,2,1,NA,NA,7,4356,1415,28,14,84.055763395,5084922,2043177,455818,2585927,NA,1,NA,NA,NA,NA,NA,NA,NA,NA,2,2,2,2,2,5720895.6,478608.9,2611786.27,NA,8811290.77,77.29,44.6,5.17,5084922
48000,3,NA,NA,600,NA,12,2,40,40,2,100,2,NA,NA,NA,NA,NA,NA,NA,2,2,NA,1,NA,NA,NA,NA,1,NA,6,20,13,0,2,1,1,NA,NA,1,6379,887,28,14,356.19828827,3098855,577457,2521398,NA,NA,1,NA,NA,NA,NA,NA,NA,NA,NA,2,2,2,2,2,1616879.6,2647467.9,NA,NA,4264347.5,88.84,64.56,59.13,3098855
71000,2,1,NA,450,NA,12,2,50,45,1,100,100,2,2,1,2,1,1,2,2,2,NA,2,NA,NA,NA,5,2,NA,55,15,15,1,2,1,1,25,1,3,2956,2038,28,14,356.19828827,4718277,2252947,2465330,NA,NA,1,NA,NA,NA,NA,NA,NA,NA,NA,2,2,2,2,2,6308251.6,2588596.5,NA,NA,8896848.1,125.31,66.45,27.71,4718277
68000,3,NA,NA,700,NA,12,2,40,85,2,100,2,NA,NA,NA,NA,NA,NA,NA,2,2,NA,1,20,NA,NA,NA,1,NA,6,90,0,5,1,1,1,3,NA,4,6018,707,28,14,239.38538189,4206010,1033430,3172580,NA,NA,1,NA,NA,NA,NA,NA,NA,NA,NA,2,2,2,2,2,2893604,3331209,NA,NA,6224813,91.54,61.85,50.97,4206010
380000,3,2,NA,1750,NA,12,1,80,235,1,90,40,2,2,1,1,2,2,2,2,2,NA,1,25,2,NA,NA,4,NA,200,50,200,6,1,1,1,20,4,12,4466,1013,28,14,139.16995492,28013392,13544081,13842420,626891,NA,1,NA,NA,NA,NA,NA,NA,NA,NA,2,2,2,2,2,37923426.8,14534541,633159.91,NA,53091127.71,139.71,73.72,26.07,28013392
255000,3,1,NA,2250,NA,12,2,40,100,1,100,90,2,2,1,1,2,1,2,2,2,NA,2,NA,1,6,6,3,1,20,200,20,1,2,1,1,NA,10,3,3438,1632,29,14,84.055763395,10457090,8659185,1150255,647650,NA,1,NA,NA,NA,NA,NA,NA,NA,NA,2,2,2,2,2,24245718,1207767.75,654126.5,NA,26107612.25,102.38,41.01,4.41,10457090
500000,3,2,NA,1250,NA,12,1,75,135,1,90,30,1,2,1,1,1,1,2,2,1,1,1,25,4,3,5,4,2,100,50,3,15,1,1,1,15,3,3,5082,927,29,14,15.945623796,46878698,0,37639640,1035058,8204000,1,NA,NA,NA,NA,NA,NA,NA,NA,2,2,2,2,2,0,39521622,1045408.58,9844800,50411830.58,100.82,93.76,74.66,46878698
42500,2,1,NA,500,NA,12,2,45,26,1,100,25,2,2,1,1,2,1,2,2,2,NA,2,NA,2,NA,4,NA,NA,85,40,10,0,2,1,1,5,1,3,5466,964,28,14,239.38538189,2246814,554846,1691968,NA,NA,1,NA,NA,NA,NA,NA,NA,NA,NA,2,2,2,2,2,1553568.8,1776566.4,NA,NA,3330135.2,78.36,52.87,50.81,2246814
184000,1,NA,NA,1500,NA,12,2,40,120,1,100,100,2,2,1,1,2,1,2,2,2,NA,1,30,2,NA,NA,4,1,300,200,150,3,1,1,1,75,4,3,2301,2639,29,14,138.56608864,12849047,7677409,5171638,NA,NA,1,NA,NA,NA,NA,NA,NA,NA,NA,2,2,2,2,2,21496745.2,5430219.9,NA,NA,26926965.1,146.34,69.83,19.21,12849047
136000,1,NA,NA,700,NA,12,2,35,54,1,100,100,2,2,1,1,2,1,2,2,2,NA,1,NA,4,1,NA,NA,1,122,37,5,10,1,1,1,35,2,4,2369,1697,28,14,20.205734119,3675498,2544308,1131190,NA,NA,1,NA,NA,NA,NA,NA,NA,NA,NA,2,2,2,2,2,7124062.4,1187749.5,NA,NA,8311811.9,61.12,27.03,13.61,3675498
265000,3,1,NA,2000,NA,12,2,47,193,1,100,85,1,2,1,1,1,2,2,2,2,NA,1,12,4,4,3,15,3,450,40,190,3,1,1,1,70,4,10,3496,1393,29,14,15.945623796,16003081,11879403,4123678,NA,NA,1,NA,NA,NA,NA,NA,NA,NA,NA,2,2,2,2,2,33262328.4,4329861.9,NA,NA,37592190.3,141.86,60.39,10.97,16003081
152000,1,NA,NA,1250,NA,12,2,50,84,1,100,90,2,2,1,1,2,1,2,2,2,NA,1,24,2,4,3,2,NA,81,309,51,4,1,1,2,42,2,5,6469,770,28,14,84.055763395,8407237,2319249,6087988,NA,NA,1,NA,NA,NA,NA,NA,NA,NA,NA,2,2,2,2,2,6493897.2,6392387.4,NA,NA,12886284.6,84.78,55.31,47.24,8407237
138000,2,1,NA,1000,NA,12,1,95,150,1,100,100,1,2,1,1,2,2,2,1,2,NA,1,NA,1,NA,2,3,1,100,10,25,6,1,1,1,5,NA,7,3789,1620,28,14,143.94634909,9253896,7825661,1428235,NA,NA,1,NA,NA,NA,NA,NA,NA,NA,NA,2,2,2,2,2,21911850.8,1499646.75,NA,NA,23411497.55,169.65,67.06,6.1,9253896
78000,1,NA,NA,800,NA,12,2,50,81,1,100,100,2,2,1,1,2,1,2,2,2,NA,1,1,2,NA,NA,2,1,52,50,13,2,1,1,1,NA,2,1,2457,1722,28,14,366.15594072,2935831,2436246,499585,NA,NA,1,NA,NA,NA,NA,NA,NA,NA,NA,2,2,2,2,2,6821488.8,524564.25,NA,NA,7346053.05,94.18,37.64,6.8,2935831
106000,1,NA,NA,900,NA,9,2,45,35,1,100,100,1,2,1,1,2,1,2,2,2,NA,2,NA,2,NA,NA,4,2,167,126,129,2,1,1,1,71,3,NA,803,3676,28,14,209.09996186,3742002,3742002,NA,NA,NA,1,NA,NA,NA,NA,NA,NA,NA,NA,2,2,2,2,2,10477605.6,NA,NA,NA,10477605.6,98.85,35.3,NA,3742002
305000,6,2,NA,1500,NA,12,1,35,130,1,100,100,2,2,1,1,1,1,2,1,2,NA,1,NA,2,NA,2,6,2,500,60,50,20,1,1,2,12,NA,9,712,3700,29,14,171.86695171,12701395,10605680,2095715,NA,NA,1,NA,NA,NA,NA,NA,NA,NA,NA,2,2,2,2,2,29695904,2200500.75,NA,NA,31896404.75,104.58,41.64,6.57,12701395
24250,1,NA,NA,200,NA,12,2,35,37,1,100,100,2,2,1,2,2,1,2,2,2,NA,1,NA,NA,NA,3,1,NA,50,20,20,0,2,1,1,NA,1,2,2478,2568,28,14,503.86330813,1566816,993841,572975,NA,NA,1,NA,NA,NA,NA,NA,NA,NA,NA,2,2,2,2,2,2782754.8,601623.75,NA,NA,3384378.55,139.56,64.61,16.93,1566816
104000,1,NA,NA,700,NA,9,2,45,80,1,100,98,2,2,1,2,2,1,2,2,2,NA,1,NA,2,NA,4,1,1,100,20,75,2,1,1,1,65,4,5,1959,2070,28,14,160.42583102,3142225,2447172,695053,NA,NA,1,NA,NA,NA,NA,NA,NA,NA,NA,2,2,2,2,2,6852081.6,729805.65,NA,NA,7581887.25,72.9,30.21,9.17,3142225
47500,3,NA,NA,450,NA,12,2,62,65,1,50,50,1,2,2,1,2,1,2,2,2,NA,1,1,2,NA,NA,NA,NA,183,12,20,1,2,1,1,2,NA,5,1080,1365,28,14,751.72654486,1708300,1168125,540175,NA,NA,1,NA,NA,NA,NA,NA,NA,NA,NA,2,2,2,2,2,3270750,567183.75,NA,NA,3837933.75,80.8,35.96,14.07,1708300
18000,3,1,NA,200,NA,12,1,66,30,2,75,75,NA,NA,NA,NA,NA,NA,NA,2,2,NA,1,NA,NA,NA,NA,1,NA,7,200,16,6,2,1,1,3,NA,4,767,3840,28,14,385.90781293,1378512,1233987,144525,NA,NA,1,NA,NA,NA,NA,NA,NA,NA,NA,2,2,2,2,2,3455163.6,151751.25,NA,NA,3606914.85,200.38,76.58,4.01,1378512
88000,1,NA,NA,800,NA,12,2,40,81,1,100,95,1,2,1,1,2,2,2,2,2,NA,1,8,3,NA,NA,6,3,200,10,80,2,2,1,1,80,2,5,4421,1252,28,14,360.21806967,4299954,4019411,280543,NA,NA,1,NA,NA,NA,NA,NA,NA,NA,NA,2,2,2,2,2,11254350.8,294570.15,NA,NA,11548920.95,131.24,48.86,2.43,4299954
27000,3,NA,NA,250,NA,12,2,40,33,1,80,60,2,2,1,1,2,2,2,2,2,NA,1,10,NA,NA,NA,1,NA,10,125,30,2,2,2,1,15,NA,2,5731,701,28,14,499.1203535,2001209,429994,NA,1571215,NA,1,NA,NA,NA,NA,NA,NA,NA,NA,2,2,2,2,2,1203983.2,NA,1586927.15,NA,2790910.35,103.37,74.12,NA,2001209
92000,2,1,NA,700,NA,12,2,40,50,1,100,90,2,2,1,1,2,1,2,2,2,NA,2,NA,1,3,3,2,1,12,75,15,1,2,1,1,NA,3,2,4268,1372,28,14,139.16995492,5679198,3453923,2225275,NA,NA,1,NA,NA,NA,NA,NA,NA,NA,NA,2,2,2,2,2,9670984.4,2336538.75,NA,NA,12007523.15,130.52,61.73,18.53,5679198
7500,1,NA,NA,125,NA,12,2,60,7,1,100,100,1,2,2,2,2,2,2,2,2,NA,1,NA,NA,NA,NA,NA,NA,35,0,3,1,2,1,2,2,NA,1,1144,2932,28,14,1849.1849629,472698,472698,NA,NA,NA,1,NA,NA,NA,NA,NA,NA,NA,NA,2,2,2,2,2,1323554.4,NA,NA,NA,1323554.4,176.47,63.03,NA,472698
22500,1,NA,NA,350,NA,9,2,35,18,2,100,100,NA,NA,NA,NA,NA,NA,NA,2,2,NA,2,8,NA,NA,NA,1,NA,65,0,13,15,2,1,2,NA,NA,2,2704,1898,28,14,583.35116997,1203460,794075,409385,NA,NA,1,NA,NA,NA,NA,NA,NA,NA,NA,2,2,2,2,2,2223410,429854.25,NA,NA,2653264.25,117.92,53.49,15.43,1203460
84000,1,NA,NA,400,NA,10,2,40,51,1,100,95,1,2,1,1,2,1,2,2,2,NA,1,NA,1,NA,NA,3,NA,143,17,29,0,1,1,1,NA,2,4,6253,173,28,14,311.1344891,1641431,1641431,NA,NA,NA,1,NA,NA,NA,NA,NA,NA,NA,NA,2,2,2,2,2,4596006.8,NA,NA,NA,4596006.8,54.71,19.54,NA,1641431
126000,2,1,NA,1250,NA,12,2,40,72,1,100,100,1,2,1,1,2,1,2,2,2,NA,2,NA,1,NA,1,NA,2,6,8,6,3,1,1,1,20,2,6,5057,1216,29,14,84.055763395,11870552,4384475,6878570,607507,NA,1,NA,NA,NA,NA,NA,NA,NA,NA,2,2,2,2,2,12276530,7222498.5,613582.07,NA,20112610.57,159.62,94.21,34.2,11870552
84000,3,1,NA,200,NA,12,1,50,30,1,100,100,2,2,1,2,2,2,2,2,2,NA,2,NA,1,NA,NA,NA,NA,35,20,5,0,2,1,1,2,NA,2,2265,1830,28,14,139.16995492,6055410,5902685,152725,NA,NA,1,NA,NA,NA,NA,NA,NA,NA,NA,2,2,2,2,2,16527518,160361.25,NA,NA,16687879.25,198.67,72.09,0.92,6055410
118000,3,2,NA,600,NA,10,1,40,120,1,100,50,2,2,1,1,2,1,1,1,2,NA,1,4,2,1,4,3,1,100,50,6,4,1,1,1,35,2,4,5669,809,29,14,139.16995492,10307682,4840639,5467043,NA,NA,1,NA,NA,NA,NA,NA,NA,NA,NA,2,2,2,2,2,13553789.2,5740395.15,NA,NA,19294184.35,163.51,87.35,28.34,10307682
10750,2,NA,NA,125,NA,12,2,40,20,2,100,NA,NA,NA,NA,NA,NA,NA,NA,2,2,NA,1,NA,NA,NA,NA,NA,NA,2,12,1,0,2,2,1,6,NA,1,5669,1094,28,14,499.1203535,822549,369909,452640,NA,NA,1,NA,NA,NA,NA,NA,NA,NA,NA,2,2,2,2,2,1035745.2,475272,NA,NA,1511017.2,140.56,76.52,29.96,822549
235000,3,3,NA,1000,NA,12,1,70,120,1,100,100,2,2,1,1,2,1,2,2,1,1,2,NA,2,NA,8,6,1,600,75,50,27,1,1,1,80,3,3,5643,1144,29,14,125.65044,25018878,11852445,13166433,NA,NA,1,NA,NA,NA,NA,NA,NA,NA,NA,2,2,2,2,2,33186846,13824754.65,NA,NA,47011600.65,200.05,106.46,28.01,25018878
215000,2,1,NA,1000,NA,12,2,40,75,1,100,100,2,2,2,1,2,2,2,2,2,NA,1,NA,1,NA,NA,4,2,150,25,50,2,2,1,1,50,2,3,6894,748,29,14,125.65044,18972597,8974747,9997850,NA,NA,1,NA,NA,NA,NA,NA,NA,NA,NA,2,2,2,2,2,25129291.6,10497742.5,NA,NA,35627034.1,165.71,88.24,28.06,18972597
176000,2,1,NA,400,NA,12,1,70,79,1,100,40,2,2,1,1,2,2,2,2,2,NA,1,6,2,NA,NA,6,NA,219,48,12,8,1,1,1,30,4,12,5085,1129,29,14,84.055763395,20720101,3208283,17511818,NA,NA,1,NA,NA,NA,NA,NA,NA,NA,NA,2,2,2,2,2,8983192.4,18387408.9,NA,NA,27370601.3,155.51,117.73,63.98,20720101
108000,3,1,NA,600,NA,12,2,40,62,1,100,95,1,2,1,1,2,2,2,2,2,NA,1,3,2,NA,NA,4,1,212,83,59,0,2,1,1,50,2,4,3210,1149,28,14,356.19828827,7521716,4556801,2964915,0,NA,1,NA,NA,NA,NA,NA,NA,NA,NA,2,2,2,2,2,12759042.8,3113160.75,0,NA,15872203.55,146.96,69.65,18.68,7521716
142000,4,1,NA,1250,NA,12,1,85,65,1,100,99,2,2,1,1,2,1,2,2,2,NA,1,4,2,3,6,4,2,320,120,72,15,1,1,1,6,3,1,3257,1815,28,14,84.055763395,6680105,3283357,3396748,NA,NA,1,NA,NA,NA,NA,NA,NA,NA,NA,2,2,2,2,2,9193399.6,3566585.4,NA,NA,12759985,89.86,47.04,26.62,6680105
