"Total.gross.floor.area","Total.number.of.units","Unit.Density","Bedrooms.Unit","Number.of.BRs","CDD","HDD","Building.Type.Property.Level","Total.SOURCE.kBtu","Total.SITE.kBtu","Source.EUI.using.Total.gross.floor.area","Site.EUIusing.Total.gross.floor.area","Survey.Weights.for.ENERGY.STAR.score.analysis"
13900,20,1.44,1.3,25,458,2263,"Low-rise",1429787,620098,102.9,44.6,925.04
15710,20,1.27,1,20,148,2939,"Low-rise",1147266,774264,73,49.3,925.04
19740,20,1.01,1.4,27,669,2994,"Low-rise",1082169,509444,54.8,25.8,925.04
12730,20,1.57,1,20,2055,3348,"Low-rise",2078417,698558,163.3,54.9,925.04
20908,21,1,1,21,456,6104,"Low-rise",2153634,1442340,103,69,925.04
18288,24,1.31,1,24,3089,1730,"Low-rise",2313510,736787,126.5,40.3,925.04
15704,24,1.53,1.3,30,391,2339,"Low-rise",1388045,798440,88.4,50.8,925.04
21187,24,1.13,1.3,32,356,2340,"Low-rise",1424802,779466,67.2,36.8,925.04
14687,24,1.63,1,24,358,2621,"Low-rise",1463930,581188,99.7,39.6,925.04
35253,24,0.68,2,48,148,2939,"High-rise",5699938,3458779,161.7,98.1,925.04
15617,24,1.54,1,24,2132,3306,"Mid-rise",2130623,678542,136.4,43.4,925.04
18561,24,1.29,1.8,44,48,5282,"Low-rise",2479371,789609,133.6,42.5,925.04
24624,24,0.97,2.8,66,588,5882,"Low-rise",3243490,1032959,131.7,41.9,925.04
18789,24,1.28,1,24,1115,5955,"Low-rise",3805484,2275960,202.5,121.1,925.04
55339,25,0.45,2.8,69,1272,4423,"High-rise",12047915,6124064,217.7,110.7,433
67685,27,0.4,2.9,79,1272,4423,"High-rise",9664594,5880144,142.8,86.9,433
72090,27,0.37,1.7,45,1272,4423,"Mid-rise",11223685,4511794,155.7,62.6,433
20972,30,1.43,1.9,58,802,5117,"Low-rise",3096141,986032,147.6,47,925.04
20330,32,1.57,1,32,34,3345,"Mid-rise",3008704,2082717,148,102.4,925.04
59244,32,0.54,1.6,52,1272,4423,"High-rise",8422252,5168747,142.2,87.2,433
53297,36,0.68,1.5,53,1272,4423,"High-rise",6119294,4576754,114.8,85.9,433
30976,36,1.16,2.1,76,256,4715,"Low-rise",3317459,1056516,107.1,34.1,925.04
25200,36,1.43,1.1,40,725,5140,"Low-rise",3413518,1087108,135.5,43.1,433
30231,36,1.19,2.3,82,30,5269,"Low-rise",3021097,962133,99.9,31.8,925.04
60115,38,0.63,1.9,72,1272,4423,"High-rise",5894903,4092624,98.1,68.1,433
76595,38,0.5,1.8,70,1165,4570,"Mid-rise",5979919,5231029,78.1,68.3,433
30212,38,1.26,2,76,30,5269,"Low-rise",3498930,1114309,115.8,36.9,925.04
28672,38,1.33,1,38,1217,5412,"High-rise",5600982,3226932,195.3,112.5,925.04
25627,38,1.48,1,38,686,6950,"Low-rise",2801630,1435354,109.3,56,925.04
34540,38,1.1,1,38,379,8326,"Low-rise",1943310,641559,56.3,18.6,925.04
25992,39,1.5,1,39,2362,2543,"Low-rise",3589632,1864399,138.1,71.7,925.04
29880,40,1.34,1,40,3339,927,"High-rise",2828753,1020221,94.7,34.1,925.04
41417,40,0.97,1,40,871,1021,"High-rise",5836531,2651661,140.9,64,925.04
25135,40,1.59,1.3,53,2676,1987,"Low-rise",3633031,1157016,144.5,46,925.04
28207,40,1.42,1.5,60,2676,1987,"Low-rise",3586618,1664607,127.2,59,925.04
29647,40,1.35,1,40,2080,2743,"Low-rise",3696575,1736829,124.7,58.6,925.04
27971,40,1.43,1,41,2870,3425,"Low-rise",3931543,1514203,140.6,54.1,925.04
24300,40,1.65,1,40,1603,3715,"Low-rise",3108704,990033,127.9,40.7,925.04
25636,40,1.56,1,40,1551,3954,"Low-rise",2767512,881373,108,34.4,925.04
131902,40,0.3,1.45,58,1272,4423,"High-rise",6007482,2398104,45.5,18.2,433
64660,40,0.62,1.5,60,1272,4423,"High-rise",12307250,6167304,190.3,95.4,433
31177,40,1.28,1,40,905,5888,"Low-rise",3986121,2097428,127.9,67.3,925.04
17803,40,2.25,1,40,1162,5895,"Low-rise",3387678,2459569,190.3,138.2,925.04
34968,40,1.14,1,41,655,7520,"Low-rise",3928257,2256459,112.3,64.5,925.04
30680,41,1.34,1,42,467,2274,"High-rise",2168705,1001815,70.7,32.7,925.04
24108,41,1.7,1,42,2362,2543,"Low-rise",3589632,1864399,148.9,77.3,925.04
35100,41,1.17,1,42,2130,3482,"Low-rise",3450967,1099034,98.3,31.3,925.04
36330,41,1.13,1,42,924,5179,"Low-rise",4814103,2886192,132.5,79.4,433
24615,42,1.71,1,42,2273,2838,"Low-rise",3744681,2125565,152.1,86.4,925.04
81180,42,0.52,1,42,1272,4423,"Mid-rise",8254033,4847229,101.7,59.7,433
36189,42,1.16,1,42,250,8032,"Low-rise",3768065,2188757,104.1,60.5,925.04
25866,44,1.7,1,45,3112,1849,"Low-rise",4706841,1498994,182,58,925.04
37584,44,1.17,1,44,1835,4855,"Mid-rise",3225935,1319404,85.8,35.1,925.04
27554,44,1.6,1,44,924,5221,"Mid-rise",3521954,2046119,127.8,74.3,433
72520,46,0.63,1.9,86,1272,4423,"Mid-rise",10704462,7826047,147.6,107.9,433
40822,46,1.13,1,47,393,6387,"High-rise",5383739,2880372,131.9,70.6,433
46305,47,1.02,2,94,1272,4423,"Mid-rise",7359629,4333488,158.9,93.6,433
40142,48,1.2,1,49,3209,2241,"High-rise",4740732,1888836,118.1,47.1,925.04
36792,48,1.3,1,49,2837,2369,"Low-rise",7562707,4617372,205.6,125.5,925.04
40846,48,1.18,1,48,1522,5227,"Low-rise",4626456,1473394,113.3,36.1,925.04
32158,48,1.49,1,48,588,5882,"High-rise",3363676,1071234,104.6,33.3,925.04
82091,49,0.6,1.4,71,1070,5456,"Low-rise",8322947,5147756,101.4,62.7,925.04
36087,50,1.39,1.1,53,2563,3245,"Low-rise",4365271,1667814,121,46.2,925.04
50463,50,0.99,1.2,62,1165,4570,"Mid-rise",6993583,4929679,138.6,97.7,433
32865,50,1.52,1,50,1522,5227,"Low-rise",5015621,1918322,152.6,58.4,925.04
46061,50,1.09,1,50,520,5352,"Low-rise",4511797,2331734,98,50.6,433
36300,50,1.38,1,50,783,6008,"Low-rise",4563169,2573214,125.7,70.9,925.04
60196,50,0.83,1,51,393,6387,"Low-rise",5771639,3036345,95.9,50.4,433
46389,51,1.1,1,52,763,6294,"Low-rise",7948437,4671797,171.3,100.7,925.04
34265,53,1.55,1,54,2120,2960,"Low-rise",4983972,1587252,145.5,46.3,925.04
188889,53,0.28,1.7,90,1272,4423,"High-rise",31607252,15814323,167.3,83.7,433
45423,53,1.17,1.3,68,100,5094,"Mid-rise",4832295,2082877,106.4,45.9,925.04
54596,53,0.97,1,54,1055,5180,"Low-rise",6123699,2975442,112.2,54.5,433
84102,54,0.64,2.1,114,1272,4423,"Mid-rise",11717790,8109095,139.3,96.4,433
42534,55,1.29,1,56,1642,3932,"Mid-rise",6290240,3061344,147.9,72,925.04
41075,55,1.34,1,56,1467,4329,"Mid-rise",5819031,3742175,141.7,91.1,433
51960,56,1.08,1.3,73,1536,4312,"Mid-rise",6137789,4171925,118.1,80.3,433
43252,56,1.29,1.1,60,851,5371,"Low-rise",4493808,2671065,103.9,61.8,433
49901,56,1.12,1,57,884,5936,"Mid-rise",6417851,3183428,128.6,63.8,925.04
69504,57,0.82,1.4,79,1165,4570,"Mid-rise",10791097,7425557,155.3,106.8,433
51800,57,1.1,1.5,83,1165,4570,"Mid-rise",6420729,4303511,124,83.1,433
31000,58,1.87,1,58,34,3345,"Low-rise",8453866,5819470,272.7,187.7,925.04
221485,59,0.27,1,59,1272,4423,"High-rise",33294474,15742872,150.3,71.1,433
47375,59,1.25,1,60,745,7168,"High-rise",4685323,2571153,98.9,54.3,925.04
40080,60,1.5,1.1,64,2920,2281,"Low-rise",4934284,2001247,123.1,49.9,925.04
125300,60,0.48,2.2,132,1272,4423,"High-rise",12601678,9051062,100.6,72.2,433
43680,60,1.37,1,60,875,5152,"Mid-rise",5550057,3371067,127.1,77.2,433
46816,60,1.28,1,60,1155,5770,"Mid-rise",7585158,4543034,162,97,925.04
50657,60,1.18,1,61,905,5888,"Low-rise",8827612,5141619,174.3,101.5,925.04
50440,60,1.19,1,60,1162,5895,"Mid-rise",12266601,6109533,243.2,121.1,925.04
43670,60,1.37,1,60,946,5977,"High-rise",6119314,3440846,140.1,78.8,925.04
46543,60,1.29,1,60,946,5977,"High-rise",8872080,5753614,190.6,123.6,925.04
42180,60,1.42,1,60,697,5983,"High-rise",8915902,6011571,211.4,142.5,925.04
67084,60,0.89,1,61,523,6194,"High-rise",10496669,6930463,156.5,103.3,433
45692,60,1.31,1,60,846,6287,"Low-rise",3699912,1884594,81,41.2,925.04
48855,60,1.23,1,60,861,6331,"Low-rise",4363041,2151671,89.3,44,925.04
37879,62,1.64,1,62,924,5221,"Mid-rise",4739230,2775017,125.1,73.3,433
49786,63,1.27,1,64,216,4701,"High-rise",5136246,1635747,103.2,32.9,925.04
57414,64,1.11,1.2,78,1272,4423,"Mid-rise",9020434,6357013,157.1,110.7,433
47756,65,1.36,1,66,4602,1061,"High-rise",7514619,2701299,157.4,56.6,925.04
50885,65,1.28,1,65,1217,5412,"High-rise",5863544,3334744,115.2,65.5,925.04
54954,66,1.2,1,67,824,2838,"Low-rise",5712340,2299962,103.9,41.9,925.04
52454,66,1.26,1,67,1467,4329,"Mid-rise",7904165,4861934,150.7,92.7,433
78660,66,0.84,1.2,79,1165,4570,"Mid-rise",8004818,6224666,101.8,79.1,433
71948,66,0.92,1,67,946,5977,"Mid-rise",13780460,6841233,191.5,95.1,925.04
50400,69,1.37,1.1,75,1536,4312,"Mid-rise",6173786,4276086,122.5,84.8,433
57086,69,1.21,1.3,89,1272,4423,"Mid-rise",8690547,6209884,152.2,108.8,433
81730,70,0.86,1.229,86,1272,4423,"Mid-rise",11481921,8918216,140.5,109.1,433
34910,70,2.01,1,70,1272,4423,"Mid-rise",6380386,4118975,182.8,118,433
53922,70,1.3,1,71,1187,5405,"High-rise",9437795,3566019,175,66.1,925.04
53155,70,1.32,1,70,765,5436,"High-rise",8898880,3390493,167.4,63.8,925.04
57553,72,1.25,1,72,4602,1061,"High-rise",9493394,3319701,165,57.7,925.04
89026,72,0.81,1.3,96,1536,4312,"Mid-rise",10656420,7719221,119.7,86.7,433
82272,72,0.88,1.6,116,1272,4423,"Mid-rise",9687345,7128315,117.7,86.6,433
36000,72,2,1.1,78,851,5371,"Low-rise",6425819,4376892,178.5,121.6,433
60040,72,1.2,1.1,76,898,6020,"High-rise",9903558,6091568,164.9,101.5,925.04
70196,73,1.04,2.438,178,206,7993,"Low-rise",9144957,2912407,130.3,41.5,925.04
29554,74,2.5,1,74,100,3289,"Mid-rise",5794783,3666828,196.1,124.1,925.04
111000,74,0.67,1.7,126,1272,4423,"Mid-rise",14239899,10494477,128.3,94.5,433
54156,75,1.38,1,75,750,1381,"High-rise",4025824,1770781,74.3,32.7,925.04
52632,75,1.42,1,75,1067,2468,"Low-rise",3918224,1802690,74.4,34.3,925.04
62000,75,1.21,1.1,79,1877,2731,"Low-rise",5572687,1774741,89.9,28.6,925.04
44378,75,1.69,1,75,1061,5751,"Low-rise",7762901,4657706,174.9,105,925.04
62318,76,1.22,1,77,338,1391,"High-rise",3937177,1766261,63.2,28.3,925.04
39640,76,1.92,1,76,3238,1754,"Low-rise",4765989,1517831,120.2,38.3,925.04
59971,76,1.27,1,77,944,5414,"Mid-rise",8016945,5005668,133.7,83.5,433
99036,76,0.77,1,77,859,5674,"Mid-rise",6859785,3725749,69.3,37.6,433
51556,76,1.47,1.2,88,475,6315,"Low-rise",9651366,3073683,187.2,59.6,925.04
178676,77,0.43,2.3,175,1272,4423,"High-rise",28721421,18219073,160.7,102,433
103984,77,0.74,1.4,107,1272,4423,"High-rise",14944644,11257365,143.7,108.3,433
60079,78,1.3,1,78,2416,2838,"Mid-rise",8506859,3300126,141.6,54.9,925.04
96093,78,0.81,1,78,761,2845,"Low-rise",7911154,3339952,82.3,34.8,925.04
54614,78,1.43,1.1,82,1603,3715,"Low-rise",6856695,2183661,125.5,40,925.04
59774,78,1.3,1,78,587,6199,"Mid-rise",7187817,4224926,120.2,70.7,433
68796,79,1.15,1.5,116,1165,4570,"Mid-rise",8729116,6313424,126.9,91.8,433
94994,79,0.83,2.6,202,938,5404,"Low-rise",12172964,8576269,128.1,90.3,433
53628,80,1.49,1,80,3453,960,"High-rise",5466311,1861907,101.9,34.7,925.04
57750,81,1.4,1,82,356,2340,"Low-rise",4092679,1860575,70.9,32.2,925.04
78482,81,1.03,1,82,2870,3425,"Low-rise",8584981,3282117,109.4,41.8,925.04
41427,81,1.96,1,82,475,6315,"Low-rise",9165734,2919024,221.3,70.5,925.04
52206,82,1.57,1.1,92,2831,1869,"Low-rise",6184661,3038517,118.5,58.2,925.04
114500,82,0.72,1.4,118,1272,4423,"Mid-rise",12054020,8751824,105.3,76.4,433
156605,82,0.52,1.6,130,100,5094,"Mid-rise",9143232,3907735,58.4,25,925.04
75560,82,1.09,1.1,93,851,5371,"High-rise",12429050,8517754,164.5,112.7,433
51314,82,1.6,1,83,905,5888,"High-rise",4815930,1559619,93.9,30.4,925.04
92805,83,0.89,1.4,118,1536,4312,"Mid-rise",10066077,7267326,108.5,78.3,433
79000,83,1.05,1.1,95,1272,4423,"Mid-rise",9982630,7666318,126.4,97,433
100315,83,0.83,1.2,96,1272,4423,"Mid-rise",8717223,5296833,86.9,52.8,433
111675,84,0.75,1.988,167,1272,4423,"Mid-rise",13229781,9550210,118.5,85.5,433
85475,84,0.98,1,84,1734,4461,"Low-rise",11527079,6165627,134.9,72.1,925.04
86532,84,0.97,1.1,96,1217,5412,"High-rise",12611532,8371631,145.7,96.7,925.04
79805,85,1.07,1.1,90,1093,4856,"Low-rise",11296523,4168394,141.6,52.2,433
102454,86,0.84,2.4,207,1749,4585,"Low-rise",18579684,8632120,181.3,84.3,925.04
42180,88,2.09,1,88,34,3345,"Mid-rise",4971138,2849906,117.9,67.6,925.04
101200,88,0.87,1.6,143,1272,4423,"Mid-rise",9571408,5441935,94.6,53.8,433
62920,88,1.4,1,91,1272,4423,"High-rise",9417295,6873546,149.7,109.2,433
146706,88,0.6,1.2,104,1165,4570,"Mid-rise",10991612,8269823,74.9,56.4,433
96845,88,0.91,2.2,196,689,5171,"Low-rise",15351724,9928079,158.5,102.5,433
49749,88,1.77,1,88,924,5221,"Mid-rise",7660819,4762132,154,95.7,433
76381,89,1.17,1.4,127,979,5346,"Low-rise",10620829,7273956,139.1,95.2,433
176627,90,0.51,2.3,209,1272,4423,"High-rise",36916244,20987334,209,118.8,433
76508,91,1.19,1.2,106,1272,4423,"High-rise",4666605,1529329,61,20,433
72548,91,1.25,1,93,967,4619,"Mid-rise",9606051,3059252,132.4,42.2,925.04
55250,91,1.65,1,91,327,6728,"Low-rise",5301986,1690877,96,30.6,925.04
68887,93,1.35,1.3,117,1536,4312,"High-rise",13763539,7862867,199.8,114.1,433
286159,93,0.32,2.1,192,1272,4423,"High-rise",43722405,19268820,152.8,67.3,433
61991,94,1.52,1,95,2110,3523,"Low-rise",9724803,4923264,156.9,79.4,925.04
88949,94,1.06,2.2,207,1322,3950,"Low-rise",14828692,8094143,166.7,91,925.04
96420,95,0.99,1.6,156,1272,4423,"High-rise",15044544,7085697,156,73.5,433
79698,96,1.2,1,97,825,5597,"Low-rise",9945241,3167274,124.8,39.7,433
65951,100,1.52,1,100,4114,429,"High-rise",7132322,2271440,108.1,34.4,469.3
78774,100,1.27,2.1,210,926,2835,"Low-rise",6610915,4573619,83.9,58.1,469.3
64758,100,1.54,1,104,2416,2838,"Low-rise",10648539,5766991,164.4,89.1,469.3
109966,100,0.91,1,101,136,3150,"High-rise",10281191,6079493,93.5,55.3,469.3
69360,100,1.44,1.1,105,2055,3246,"Mid-rise",15988087,6627094,230.5,95.5,469.3
182116,100,0.55,3,299,1272,4423,"High-rise",30101157,16183555,165.3,88.9,79.26
89455,100,1.12,1.2,124,1272,4423,"High-rise",19993603,10262835,223.5,114.7,79.26
80096,100,1.25,1.1,112,1820,4889,"Low-rise",15837144,5839539,197.7,72.9,469.3
74799,100,1.34,1,101,834,5180,"Mid-rise",8056356,4191180,107.7,56,79.26
79946,100,1.25,1,101,881,5332,"Mid-rise",10815649,3952525,135.3,49.4,469.3
173700,100,0.58,2.1,210,769,5546,"Low-rise",9484869,3020659,54.6,17.4,469.3
72338,101,1.4,1,102,924,5179,"Mid-rise",9369146,5499400,129.5,76,79.26
92575,101,1.09,1,102,877,5237,"Mid-rise",7799484,4007538,84.3,43.3,79.26
90700,101,1.11,1,106,508,5354,"Mid-rise",8515875,5068454,93.9,55.9,79.26
86850,101,1.16,1,102,387,6260,"Mid-rise",9306095,2963725,107.2,34.1,79.26
80020,103,1.29,1,106,3906,1328,"High-rise",12228944,4759495,152.8,59.5,469.3
80000,103,1.29,1,103,998,5400,"High-rise",11295861,4096461,141.2,51.2,79.26
150621,103,0.68,2,209,1155,5770,"Low-rise",18590748,13474528,123.4,89.5,469.3
87500,103,1.18,1,104,900,6310,"Low-rise",10252135,5751481,117.2,65.7,469.3
81157,104,1.28,1,105,3283,1001,"Mid-rise",9080678,2891936,111.9,35.6,469.3
105000,104,0.99,1.5,160,1165,4570,"Mid-rise",11670484,8262933,111.1,78.7,79.26
62103,104,1.67,1.2,124,475,6315,"Low-rise",13651673,4347666,219.8,70,469.3
132000,106,0.8,1.2,129,1272,4423,"Mid-rise",12157847,8640938,92.1,65.5,79.26
88407,106,1.2,1,106,1219,5764,"Low-rise",13920013,4433125,157.5,50.1,469.3
70458,107,1.52,1.4,147,1536,4312,"Mid-rise",7562659,5322243,107.3,75.5,79.26
57600,107,1.86,1.4,147,1536,4312,"Mid-rise",6128164,4050697,106.4,70.3,79.26
102824,107,1.04,1,108,713,5856,"Mid-rise",10717434,6096466,104.2,59.3,79.26
85960,108,1.26,1,111,585,6702,"Mid-rise",14491603,8952303,168.6,104.1,79.26
279463,109,0.39,1,109,1272,4423,"High-rise",41030645,20304191,146.8,72.7,79.26
66235,109,1.65,1.1,116,1283,5385,"Mid-rise",9960291,3616044,150.4,54.6,469.3
91508,110,1.2,1,111,4125,429,"High-rise",11641677,4331004,127.2,47.3,469.3
75350,111,1.47,1,111,1903,4767,"High-rise",9269309,4628138,123,61.4,469.3
80000,111,1.39,1,111,1724,5121,"High-rise",11602088,5310810,145,66.4,469.3
110075,112,1.02,1,112,3222,1001,"High-rise",16500685,5954613,149.9,54.1,469.3
74413,115,1.55,1,117,3209,2241,"High-rise",13906802,5902168,186.9,79.3,469.3
57606,115,2,1.1,121,1272,4423,"Mid-rise",6035295,4362822,104.8,75.7,79.26
95381,116,1.22,1,116,4586,999,"Mid-rise",11241650,3580143,117.9,37.5,469.3
85503,119,1.39,1.1,125,1503,3438,"Low-rise",9710143,3092402,113.6,36.2,469.3
188598,119,0.63,2.1,250,1272,4423,"High-rise",36692127,17510092,194.6,92.8,79.26
84712,120,1.42,1,120,4602,1061,"Low-rise",15745469,5916375,185.9,69.8,469.3
134640,120,0.89,1,120,1535,4200,"Low-rise",10533823,4948364,78.2,36.8,469.3
90000,120,1.33,1.2,148,1034,6165,"High-rise",22640031,11804070,251.6,131.2,469.3
115861,122,1.05,1.525,186,1272,4423,"Mid-rise",13244569,9536855,114.3,82.3,79.26
146638,123,0.84,1.8,216,1272,4423,"High-rise",12512380,3984834,85.3,27.2,79.26
145359,123,0.85,1.5,186,1272,4423,"Mid-rise",15874278,10221307,109.2,70.3,79.26
141266,125,0.88,1.9,235,1272,4423,"High-rise",16956615,11190323,120,79.2,79.26
172760,126,0.73,1,126,1535,4200,"Mid-rise",10929225,5728061,63.3,33.2,79.26
111290,126,1.13,1.5,189,1272,4423,"Mid-rise",17368173,11092862,156.1,99.7,79.26
132250,126,0.95,1.5,189,1272,4423,"Mid-rise",17822391,11753985,134.8,88.9,79.26
155646,128,0.82,1.3,172,1272,4423,"High-rise",9643392,7599704,62,48.8,79.26
133749,135,1.01,1.3,173,1272,4423,"High-rise",15819595,7819519,118.3,58.5,79.26
154506,135,0.87,1.2,167,1272,4423,"High-rise",21857188,13499834,141.5,87.4,79.26
283235,136,0.48,1.9,252,1272,4423,"High-rise",34981016,14525251,123.5,51.3,79.26
88198,136,1.54,1.1,144,1272,4423,"High-rise",11752350,7631385,133.2,86.5,79.26
145446,140,0.96,1.6,224,1536,4312,"Mid-rise",13528391,9173304,93,63.1,79.26
155685,142,0.91,1.1,155,1272,4423,"High-rise",14261591,9595962,91.6,61.6,79.26
113128,143,1.26,1.4,198,1272,4423,"High-rise",15072408,9747433,133.2,86.2,79.26
95720,144,1.5,1,144,2609,1984,"High-rise",17261505,6737499,180.3,70.4,469.3
133000,145,1.09,1,145,431,3141,"Low-rise",12958732,6556908,97.4,49.3,469.3
127800,145,1.13,1.2,168,1536,4312,"High-rise",25115283,17414414,196.5,136.3,79.26
110566,145,1.31,1,145,529,5741,"High-rise",16922258,8805153,153.1,79.6,79.26
146600,146,1,1.2,170,1272,4423,"High-rise",13874253,9231662,94.6,63,79.26
167734,146,0.87,1.1,155,847,4954,"High-rise",16848433,9916409,100.4,59.1,79.26
92345,149,1.61,1,156,1027,5765,"Low-rise",15093863,7129572,163.5,77.2,469.3
146725,150,1.02,1.9,290,2979,1650,"Low-rise",20763476,6695055,141.5,45.6,469.3
116400,150,1.29,1,151,1061,5751,"High-rise",14048298,7940206,120.7,68.2,469.3
115240,151,1.31,1,151,796,5332,"High-rise",14901495,5593347,129.3,48.5,469.3
96500,152,1.58,1,152,100,5094,"High-rise",9593020,5848950,99.4,60.6,469.3
131417,152,1.16,1.1,160,822,5437,"High-rise",20360661,12322440,154.9,93.8,469.3
190159,156,0.82,1.4,216,1165,4570,"Mid-rise",16246812,14065696,85.4,74,79.26
134673,161,1.2,1.8,289,1536,4312,"Low-rise",16668588,10871464,123.8,80.7,79.26
149697,161,1.08,1.2,193,100,5094,"Mid-rise",15529183,6553747,103.7,43.8,469.3
232767,162,0.7,1,162,690,6350,"High-rise",11723873,7264553,50.4,31.2,79.26
136944,163,1.19,1.1,174,1272,4423,"Mid-rise",19367874,13167239,141.4,96.2,79.26
268146,165,0.62,1.9,319,1535,4200,"Low-rise",8462247,7018047,31.6,26.2,469.3
127800,165,1.29,1.1,187,1536,4312,"High-rise",22428605,15477774,175.5,121.1,79.26
127470,168,1.32,1.4,240,3036,1849,"Low-rise",20345859,8865479,159.6,69.5,469.3
210105,168,0.8,1.7,291,737,6292,"Mid-rise",27904366,15428712,132.8,73.4,79.26
150000,169,1.13,1,170,1061,5751,"High-rise",25229044,11856572,168.2,79,469.3
234901,172,0.73,1,172,1633,5085,"Low-rise",36191623,11525995,154.1,49.1,469.3
157827,172,1.09,1.2,199,100,5094,"Mid-rise",18411013,8013923,116.7,50.8,469.3
169865,174,1.02,1,175,1272,4423,"Mid-rise",14424449,8332253,84.9,49.1,79.26
315078,175,0.56,1.8,314,1272,4423,"High-rise",30144870,19789914,95.7,62.8,79.26
200675,175,0.87,1.4,240,1272,4423,"High-rise",27474207,20273750,136.9,101,79.26
348282,180,0.52,1.9,338,1272,4423,"High-rise",78745906,56179445,226.1,161.3,79.26
356262,180,0.51,1,181,877,5237,"Low-rise",12729187,7596141,35.7,21.3,79.26
179380,185,1.03,1.3,243,1322,3950,"Mid-rise",27145030,16804768,151.3,93.7,469.3
169183,195,1.15,1,195,100,3289,"High-rise",16269471,7286838,96.2,43.1,469.3
216292,195,0.9,1.5,291,737,6292,"High-rise",25276996,13513219,116.9,62.5,79.26
156430,198,1.27,1.9,370,930,4646,"Mid-rise",30831522,22360187,197.1,142.9,79.26
150232,200,1.33,1.7,332,2957,1879,"Low-rise",24046953,12635084,160.1,84.1,469.3
170124,200,1.18,1,208,511,5299,"Mid-rise",24777837,14463718,145.6,85,79.26
207304,201,0.97,1.2,242,136,3150,"Low-rise",13956840,7549279,67.3,36.4,469.3
176112,202,1.15,1,203,1961,4225,"Low-rise",24418667,7776645,138.7,44.2,469.3
199925,204,1.02,1.5,298,851,5371,"Low-rise",18589519,10788492,93,54,79.26
144000,208,1.44,1,208,1621,4334,"High-rise",22963909,11202485,159.5,77.8,469.3
299120,208,0.7,1.3,263,100,5094,"High-rise",28352845,13530902,94.8,45.2,469.3
209672,213,1.02,1.2,259,1272,4423,"High-rise",32412021,17610809,154.6,84,79.26
165436,214,1.29,1.1,242,1272,4423,"Mid-rise",19605326,12935617,118.5,78.2,79.26
127625,215,1.68,1,215,2138,2821,"High-rise",29880004,10419430,234.1,81.6,469.3
277155,216,0.78,1.5,326,1272,4423,"High-rise",32901900,20912205,118.7,75.5,79.26
220338,217,0.98,1.7,376,1642,3932,"High-rise",32706412,20384022,148.4,92.5,469.3
304954,224,0.73,1,224,1535,4200,"High-rise",22349516,11275786,73.3,37,469.3
117884,228,1.93,1.7,383,1165,4570,"Mid-rise",18793082,15248434,159.4,129.4,79.26
140000,228,1.63,1,228,1338,4697,"High-rise",25932412,22405569,185.2,160,79.26
316769,229,0.72,1.4,320,3548,2226,"High-rise",56269132,19327924,177.6,61,469.3
225400,230,1.02,1.4,324,1535,4200,"Low-rise",29821044,9497148,132.3,42.1,79.26
256969,230,0.9,1.3,307,1272,4423,"High-rise",34003945,19658999,132.3,76.5,79.26
322804,236,0.73,2.3,544,1467,4329,"Mid-rise",46120436,32818136,142.9,101.7,79.26
236350,240,1.02,1.1,255,1272,4423,"High-rise",22145382,16947465,93.7,71.7,79.26
230198,242,1.05,1.6,376,1536,4312,"Mid-rise",6633211,3007993,28.8,13.1,79.26
291205,242,0.83,1.302,315,1272,4423,"High-rise",32222959,18811387,110.7,64.6,79.26
495489,249,0.5,1.9,478,1272,4423,"High-rise",60762393,36024915,122.6,72.7,79.26
361767,254,0.7,1.1,279,1272,4423,"High-rise",43562655,26556762,120.4,73.4,79.26
142483,256,1.8,1.1,270,2769,2022,"Low-rise",24683111,9665196,173.2,67.8,469.3
287520,262,0.91,1.7,442,1447,4331,"Low-rise",28539982,9109590,99.3,31.7,469.3
259600,266,1.02,1.1,283,511,5299,"Mid-rise",30096370,17903057,115.9,69,79.26
333505,274,0.82,1.6,429,1272,4423,"High-rise",59173515,33114776,177.4,99.3,79.26
304071,288,0.95,1.2,336,1272,4423,"High-rise",29299741,11170446,96.4,36.7,79.26
390068,292,0.75,1.3,394,3548,2226,"High-rise",48798988,15973005,125.1,40.9,469.3
184206,297,1.61,1.1,339,993,6186,"High-rise",31047667,19532418,168.5,106,469.3
292566,307,1.05,1.6,487,924,5221,"Mid-rise",16229907,7039813,55.5,24.1,43.24
242471,311,1.28,1.1,346,1272,4423,"High-rise",43677626,26356314,180.1,108.7,43.24
345000,313,0.91,1.2,374,1272,4423,"High-rise",50134877,29471955,145.3,85.4,43.24
352460,328,0.93,1.7,552,1971,2838,"Low-rise",40517469,12903652,115,36.6,512.18
354675,332,0.94,1.7,566,1940,2826,"Low-rise",25901173,8248781,73,23.3,512.18
288849,338,1.17,1.7,560,1272,4423,"High-rise",59119355,27725496,204.7,96,43.24
369450,360,0.97,1.7,612,1272,4423,"Mid-rise",46082054,30460565,124.7,82.4,43.24
389528,371,0.95,1.2,430,1272,4423,"High-rise",84175003,46965692,216.1,120.6,43.24
918820,381,0.41,1.1,406,1272,4423,"High-rise",53385578,34991639,58.1,38.1,43.24
404149,383,0.95,1.462,560,1165,4570,"High-rise",54275490,47391105,134.3,117.3,43.24
496743,396,0.8,1.2,470,1805,3789,"High-rise",67173228,26613997,135.2,53.6,512.18
455849,396,0.87,1.3,499,1272,4423,"High-rise",65051008,38179062,142.7,83.8,43.24
461420,401,0.87,1.4,553,1805,3789,"High-rise",64765410,39420801,140.4,85.4,512.18
390628,415,1.06,1.2,493,1272,4423,"High-rise",58883381,43876824,150.7,112.3,43.24
462107,425,0.92,1.6,677,1971,2838,"Low-rise",48314771,15386870,104.6,33.3,512.18
461420,426,0.92,1.4,602,1805,3789,"High-rise",64396307,37846547,139.6,82,512.18
507825,435,0.86,1.4,621,1272,4423,"High-rise",78038000,40536453,153.7,79.8,43.24
499580,440,0.88,1.2,523,1272,4423,"High-rise",72677636,41497806,145.5,83.1,43.24
689004,444,0.64,1.6,716,3596,2279,"Low-rise",72167110,22983156,104.7,33.4,512.18
559456,461,0.82,1.2,576,1272,4423,"High-rise",40943572,25036441,73.2,44.8,43.24
411110,478,1.16,1.3,626,1272,4423,"High-rise",66561343,35979904,161.9,87.5,43.24
540791,498,0.92,1.8,879,1940,2826,"Low-rise",50836691,16190029,94,29.9,512.18
540891,500,0.92,2.2,1117,989,5006,"Mid-rise",60223451,42349399,111.3,78.3,43.24
568117,522,0.92,1.2,616,1272,4423,"High-rise",68978438,37668614,121.4,66.3,43.24
505497,525,1.04,1.3,681,1535,4200,"High-rise",112271967,78732663,222.1,155.8,43.24
526987,602,1.14,1.6,954,1165,4570,"High-rise",93286013,59513299,177,112.9,43.24
769024,624,0.81,1.1,708,1805,3789,"High-rise",107384737,67674257,139.6,88,512.18
689000,640,0.93,1.3,820,1165,4570,"High-rise",80810850,64121588,117.3,93.1,43.24
857404,814,0.95,1.2,993,1272,4423,"High-rise",92503412,39040292,107.9,45.5,43.24
1258958,912,0.72,1.5,1368,1805,3789,"High-rise",146685816,72692612,116.5,57.7,512.18
