PBAPLUS,MFBTU,FINALWT,ONEACT,ACT1,ACT2,ACT3,ACT1PCT,ACT2PCT,ACT3PCT,PRAMTC,PRUNIT,CWUSED,WOUSED,COUSED,SOUSED,SQFT,NFLOOR,NELVTR,NESLTR,EDSEAT,COURT,MONUSE,OPNWE,WKHRS,NWKER,COOK,HEATP,COOLP,SNACK,FASTFD,CAF,FDPREP,KITCHN,BREAKRM,OTFDRM,LABEQP,POOL,HTPOOL,RFGRES,RFGCOMPN,RFGWIN,RFGOPN,RFGCLN,RFGVNN,RFGICN,PCTERMN,LAPTPN,PRNTRN,SERVERN,TRNGRM,STDNRM,WBOARDS,TVVIDEON,RGSTRN,COPIERN,HDD65,CDD65,EUI
29,29320511,90.622000825,1,NA,NA,NA,NA,NA,NA,NA,NA,2,2,2,2,370000,2,2,NA,2500,NA,12,2,50,300,1,100,100,1,2,1,1,1,1,2,2,2,NA,1,6,2,NA,NA,NA,NA,1400,20,200,10,1,1,1,5,2,4,1316,3548,79.2
28,8310298,139.16995492,1,NA,NA,NA,NA,NA,NA,NA,NA,2,2,2,2,104000,3,1,NA,900,NA,12,1,50,71,1,100,100,1,2,1,1,2,1,2,2,2,NA,2,NA,2,NA,3,6,NA,250,200,50,2,2,1,1,995,6,3,3674,1894,79.9
28,2415265,311.1344891,1,NA,NA,NA,NA,NA,NA,NA,NA,2,2,2,2,41500,1,NA,NA,300,NA,9,2,45,22,1,100,45,2,2,1,2,2,2,2,2,2,NA,1,NA,1,NA,NA,NA,NA,80,12,12,0,2,1,1,NA,NA,4,5569,178,58.2
29,4779341,242.08690218,1,NA,NA,NA,NA,NA,NA,NA,NA,2,2,2,2,81000,2,NA,NA,500,NA,12,2,45,40,1,100,100,2,2,2,1,2,1,2,2,2,NA,2,4,2,NA,NA,3,2,100,88,6,5,2,1,1,4,1,2,2867,1811,59
28,3659400,311.1344891,1,NA,NA,NA,NA,NA,NA,NA,NA,2,2,2,2,49500,1,NA,NA,450,NA,12,1,40,55,1,100,100,2,2,2,1,2,1,2,2,2,NA,2,NA,1,NA,NA,NA,1,100,0,5,1,1,1,2,1,NA,1,6297,308,73.9
28,5340528,239.38538189,1,NA,NA,NA,NA,NA,NA,NA,NA,2,2,2,2,48000,2,1,NA,450,NA,9,2,90,37,1,100,100,2,2,1,1,2,2,2,2,2,NA,2,NA,2,NA,NA,1,NA,130,40,3,5,1,2,1,17,1,1,4504,1036,111.3
28,2602186,239.38538189,1,NA,NA,NA,NA,NA,NA,NA,NA,2,2,2,2,126000,3,1,NA,225,NA,12,2,50,48,2,90,100,NA,NA,NA,NA,NA,NA,NA,2,2,NA,NA,NA,NA,NA,NA,NA,NA,1,227,15,1,2,1,2,3,1,3,3069,1970,20.7
28,1286338,139.16995492,1,NA,NA,NA,NA,NA,NA,NA,NA,2,2,2,2,36000,2,1,NA,300,NA,12,2,40,43,1,100,NA,2,2,1,2,2,1,2,2,2,NA,1,NA,NA,NA,NA,1,NA,20,6,4,0,2,1,1,NA,1,2,4460,1114,35.7
29,172159,1849.1849629,1,NA,NA,NA,NA,NA,NA,NA,NA,2,2,2,2,18750,1,NA,NA,175,NA,9,2,40,8,2,NA,NA,NA,NA,NA,NA,NA,NA,NA,2,2,NA,NA,NA,NA,NA,NA,NA,NA,12,4,2,0,2,2,2,2,NA,NA,402,3830,9.2
29,16873435,84.055763395,1,NA,NA,NA,NA,NA,NA,NA,NA,2,2,2,2,250000,4,1,NA,1250,NA,12,1,60,115,2,100,80,NA,NA,NA,NA,NA,NA,NA,1,2,NA,1,NA,1,NA,3,2,NA,300,8,22,3,2,1,1,3,2,3,6075,606,67.5
28,2693760,316.26326145,1,NA,NA,NA,NA,NA,NA,NA,NA,2,2,2,2,73000,1,NA,NA,500,NA,9,2,50,83,1,100,100,2,2,1,1,2,1,2,2,2,NA,1,24,1,2,2,4,2,346,0,60,0,1,1,1,10,NA,2,1644,3043,36.9
28,29809070,84.055763395,1,NA,NA,NA,NA,NA,NA,NA,NA,2,2,2,2,235000,2,2,NA,1250,NA,12,1,60,169,1,100,100,1,2,1,1,1,1,2,2,2,NA,1,8,2,NA,4,3,1,335,694,50,1,2,1,1,8,5,10,2786,1723,126.8
29,3766944,138.56608864,1,NA,NA,NA,NA,NA,NA,NA,NA,2,2,2,2,64000,2,NA,NA,400,NA,12,2,50,30,1,75,75,1,2,2,2,1,1,2,2,2,NA,1,NA,NA,NA,1,1,1,90,2,5,2,1,2,2,NA,NA,2,6692,169,58.9
28,2907900,138.56608864,1,NA,NA,NA,NA,NA,NA,NA,NA,2,2,2,2,88000,1,NA,NA,60,NA,11,2,50,75,1,100,100,2,2,2,1,2,2,2,2,2,NA,2,NA,2,NA,2,NA,1,200,60,6,2,1,1,1,1,1,1,3634,1692,33
28,2943452,385.90781293,1,NA,NA,NA,NA,NA,NA,NA,NA,2,2,2,2,54000,3,1,NA,400,NA,12,1,85,45,1,100,100,2,2,1,2,2,2,2,2,2,NA,1,NA,NA,NA,NA,1,NA,60,40,45,0,1,2,1,25,2,3,1454,3954,54.5
28,1257373,583.35116997,1,NA,NA,NA,NA,NA,NA,NA,NA,2,2,2,2,26500,1,NA,NA,200,NA,12,2,60,30,2,100,100,NA,NA,NA,NA,NA,NA,NA,2,2,NA,1,NA,NA,NA,NA,NA,NA,0,60,4,1,2,1,1,15,NA,1,6194,1052,47.4
29,10778895,179.59592524,1,NA,NA,NA,NA,NA,NA,NA,NA,2,2,2,2,205000,1,NA,NA,1000,NA,12,1,85,130,1,100,90,1,2,1,1,2,1,2,2,2,NA,1,6,3,1,3,NA,1,325,400,24,8,1,1,1,NA,NA,6,7296,592,52.6
29,13553175,84.055763395,1,NA,NA,NA,NA,NA,NA,NA,NA,2,2,2,2,230000,3,3,NA,800,NA,12,1,85,60,1,100,100,2,2,1,2,2,2,2,1,2,NA,1,20,2,NA,3,3,1,50,50,50,75,1,2,1,10,2,3,6164,649,58.9
28,1089114,499.1203535,1,NA,NA,NA,NA,NA,NA,NA,NA,2,2,2,2,26500,1,NA,NA,150,NA,9,2,42,33,2,100,80,NA,NA,NA,NA,NA,NA,NA,2,2,NA,2,NA,NA,NA,3,NA,NA,40,44,8,2,2,1,1,11,1,2,6091,451,41.1
28,9297386,125.65044,1,NA,NA,NA,NA,NA,NA,NA,NA,2,2,2,2,142000,2,1,NA,900,NA,12,1,60,87,1,100,15,2,2,1,1,2,1,2,1,1,1,1,3,3,NA,NA,2,1,150,20,100,80,1,1,1,20,6,3,7628,565,65.5
28,2989702,299.39484032,1,NA,NA,NA,NA,NA,NA,NA,NA,2,2,2,2,64000,2,NA,NA,300,NA,12,1,45,24,2,100,100,NA,NA,NA,NA,NA,NA,NA,2,2,NA,NA,NA,NA,NA,NA,NA,NA,65,1,12,2,2,1,2,NA,NA,2,2746,2155,46.7
29,2338151,84.055763395,1,NA,NA,NA,NA,NA,NA,NA,NA,2,2,2,2,55000,3,1,NA,600,NA,9,1,38,40,1,100,5,2,2,1,1,1,1,2,2,2,NA,2,NA,1,NA,1,4,NA,115,25,10,0,1,1,1,10,1,NA,4747,887,42.5
28,2890121,503.86330813,1,NA,NA,NA,NA,NA,NA,NA,NA,2,2,2,2,22000,1,NA,NA,350,NA,9,1,60,30,1,100,100,2,2,1,2,1,1,2,2,2,NA,1,11,NA,2,NA,NA,1,20,6,2,0,2,1,1,5,1,2,5610,583,131.4
29,1816848,583.35116997,1,NA,NA,NA,NA,NA,NA,NA,NA,2,2,2,2,17250,1,NA,NA,175,NA,10,2,50,16,2,100,100,NA,NA,NA,NA,NA,NA,NA,2,2,NA,NA,NA,NA,NA,NA,NA,NA,24,12,12,0,2,2,1,12,NA,NA,2285,2161,105.3
29,15671668,125.65044,1,NA,NA,NA,NA,NA,NA,NA,NA,2,2,2,2,275000,2,1,NA,1750,NA,12,2,45,202,1,100,70,2,2,1,1,2,2,2,1,1,1,1,2,2,NA,5,6,2,310,440,94,5,1,1,1,88,1,2,5594,618,57
29,6212596,171.86695171,1,NA,NA,NA,NA,NA,NA,NA,NA,2,2,2,2,126000,1,NA,NA,700,NA,12,1,72,80,1,100,100,2,2,1,2,1,1,2,2,2,NA,1,20,2,6,6,3,3,400,40,100,2,1,1,2,10,2,6,914,3244,49.3
28,3569026,242.08690218,1,NA,NA,NA,NA,NA,NA,NA,NA,2,2,2,2,68000,3,NA,NA,600,NA,12,1,60,100,1,100,100,2,2,1,2,2,1,2,2,2,NA,1,4,2,NA,NA,1,NA,142,36,13,0,1,1,1,4,2,1,6714,878,52.5
28,2487216,201.21025436,1,NA,NA,NA,NA,NA,NA,NA,NA,2,2,2,2,68000,1,NA,NA,600,NA,9,2,40,50,1,100,100,2,2,1,1,2,1,2,2,2,NA,2,NA,2,NA,NA,NA,NA,67,0,1,2,1,2,1,3,NA,2,3545,1990,36.6
28,1150032,360.21806967,1,NA,NA,NA,NA,NA,NA,NA,NA,2,2,2,2,67000,1,NA,NA,600,NA,10,2,60,65,1,100,100,2,2,1,1,2,2,2,2,2,NA,2,NA,1,NA,3,1,1,30,40,10,1,2,1,1,30,1,3,3234,1425,17.2
28,7733974,316.08389453,1,NA,NA,NA,NA,NA,NA,NA,NA,2,2,2,2,84000,1,NA,NA,800,NA,10,2,40,82,1,100,100,2,2,1,2,2,1,2,2,2,NA,1,4,1,2,2,2,1,174,100,57,1,1,1,1,20,2,7,3557,1779,92.1
29,10492458,84.055763395,1,NA,NA,NA,NA,NA,NA,NA,NA,2,2,2,2,500000,2,3,NA,3000,NA,12,1,80,235,1,75,15,2,2,1,2,2,2,2,2,1,1,1,50,6,3,12,6,1,600,150,500,20,2,1,1,995,8,12,4253,1110,21
28,12667647,84.055763395,1,NA,NA,NA,NA,NA,NA,NA,NA,2,2,2,2,210000,2,1,NA,2500,NA,12,1,60,140,1,100,100,1,2,1,2,2,1,2,2,2,NA,1,NA,2,NA,8,4,1,100,30,20,5,1,1,1,50,2,6,4103,1541,60.3
28,2220167,503.86330813,1,NA,NA,NA,NA,NA,NA,NA,NA,2,2,2,2,16000,1,NA,NA,225,NA,10,2,60,9,2,100,NA,NA,NA,NA,NA,NA,NA,NA,2,2,NA,NA,NA,NA,NA,NA,NA,NA,36,0,0,0,2,1,1,NA,NA,NA,4162,749,138.8
28,3824738,484.85166373,1,NA,NA,NA,NA,NA,NA,NA,NA,2,2,2,2,67000,1,NA,NA,600,NA,10,1,60,45,2,100,100,NA,NA,NA,NA,NA,NA,NA,2,2,NA,2,NA,NA,2,NA,NA,NA,80,2,4,0,1,1,1,12,NA,2,4216,1745,57.1
28,4132089,356.19828827,1,NA,NA,NA,NA,NA,NA,NA,NA,2,2,2,2,73000,2,1,NA,700,NA,12,2,40,50,1,90,75,2,2,1,2,1,1,2,2,2,NA,2,NA,1,NA,NA,1,NA,50,35,15,5,1,1,1,4,NA,3,3859,1509,56.6
28,13203072,160.42583102,1,NA,NA,NA,NA,NA,NA,NA,NA,2,2,2,2,142000,2,1,NA,800,NA,12,1,60,125,1,95,30,1,2,1,2,2,1,2,2,2,NA,1,8,2,NA,NA,2,NA,220,60,12,0,1,1,1,50,2,NA,6045,534,93
29,2505811,239.38538189,1,NA,NA,NA,NA,NA,NA,NA,NA,2,2,2,2,79000,2,1,NA,600,NA,12,2,40,50,1,100,100,1,2,2,2,1,2,2,2,2,NA,2,10,NA,NA,10,8,1,167,20,10,27,1,1,1,24,1,1,5152,865,31.7
29,10918589,84.055763395,1,NA,NA,NA,NA,NA,NA,NA,NA,2,2,2,2,260000,3,1,NA,1000,NA,10,2,50,100,1,100,80,1,2,1,2,2,2,2,1,1,1,1,NA,2,NA,6,4,1,500,1420,50,10,1,1,1,50,3,10,6409,961,42
28,5397908,503.86330813,1,NA,NA,NA,NA,NA,NA,NA,NA,2,2,2,2,42500,1,NA,NA,450,NA,10,2,72,44,2,100,100,NA,NA,NA,NA,NA,NA,NA,2,2,NA,NA,NA,NA,NA,NA,NA,NA,75,30,75,2,1,2,2,NA,NA,2,858,3344,127
28,4256136,171.86695171,1,NA,NA,NA,NA,NA,NA,NA,NA,2,2,2,2,116000,2,1,NA,1250,NA,11,2,50,85,1,100,100,2,2,1,2,2,2,2,2,2,NA,1,20,2,NA,NA,NA,1,290,7,14,3,2,1,1,68,1,3,365,3383,36.7
28,2877474,624.95414063,1,NA,NA,NA,NA,NA,NA,NA,NA,2,2,2,2,37500,2,1,NA,600,NA,12,2,50,20,2,90,95,NA,NA,NA,NA,NA,NA,NA,2,2,NA,NA,NA,NA,NA,NA,NA,NA,80,3,3,1,2,1,1,15,NA,2,1123,4892,76.7
29,13616622,90.622000825,1,NA,NA,NA,NA,NA,NA,NA,NA,2,2,2,2,335000,2,NA,NA,2500,NA,12,1,80,300,1,85,85,2,2,1,1,2,2,2,2,2,NA,2,NA,2,NA,NA,NA,NA,420,58,30,9,2,1,1,NA,2,8,296,3581,40.6
28,5614179,271.01509096,1,NA,NA,NA,NA,NA,NA,NA,NA,2,2,2,2,136000,2,1,NA,1000,NA,12,2,40,83,1,100,90,2,2,1,1,2,1,2,2,2,NA,1,NA,2,4,5,8,3,550,100,75,0,2,2,1,50,4,7,4366,1211,41.3
28,60444,1849.1849629,1,NA,NA,NA,NA,NA,NA,NA,NA,2,2,2,2,3100,1,NA,NA,45,NA,10,2,35,3,2,90,90,NA,NA,NA,NA,NA,NA,NA,2,2,NA,NA,NA,NA,NA,NA,NA,NA,6,1,2,0,2,1,1,NA,NA,NA,2367,1051,19.5
28,13172594,366.15594072,1,NA,NA,NA,NA,NA,NA,NA,NA,2,2,2,2,136000,1,NA,NA,1500,NA,10,1,45,124,1,100,100,2,2,1,2,2,1,2,2,2,NA,1,4,1,2,2,2,1,174,100,57,1,1,1,1,100,2,7,3944,1524,96.9
28,1059851,316.26326145,1,NA,NA,NA,NA,NA,NA,NA,NA,2,2,2,2,22000,1,NA,NA,350,NA,12,2,50,20,2,100,100,NA,NA,NA,NA,NA,NA,NA,2,2,NA,NA,NA,NA,NA,NA,NA,NA,70,14,2,0,2,2,1,14,NA,2,1370,1366,48.2
28,6318824,362.06989684,1,NA,NA,NA,NA,NA,NA,NA,NA,2,2,2,2,172000,2,1,NA,1250,NA,9,1,70,60,1,100,100,1,2,1,1,2,1,2,2,2,NA,1,NA,1,3,NA,NA,1,400,60,15,1,2,1,1,NA,3,6,2049,2409,36.7
29,7071980,15.945623796,1,NA,NA,NA,NA,NA,NA,NA,NA,2,2,2,2,225000,2,1,NA,1250,NA,12,1,65,60,1,95,95,2,2,1,2,2,2,2,1,2,NA,2,NA,2,NA,NA,6,NA,600,50,20,1,2,1,1,2,2,5,2850,2096,31.4
28,2223864,336.40197304,1,NA,NA,NA,NA,NA,NA,NA,NA,2,2,2,2,80000,3,NA,NA,250,NA,12,1,105,47,1,33,66,1,2,2,1,2,1,2,2,2,NA,2,NA,NA,NA,5,NA,NA,50,8,50,60,1,1,1,4,NA,2,1432,770,27.8
28,3996508,138.56608864,1,NA,NA,NA,NA,NA,NA,NA,NA,2,2,2,2,116000,1,NA,NA,900,NA,12,2,40,92,1,100,100,2,2,1,1,2,1,2,2,2,NA,1,30,2,NA,NA,1,NA,150,120,50,2,1,2,1,50,4,3,2810,2377,34.5
28,2555195,209.09996186,1,NA,NA,NA,NA,NA,NA,NA,NA,2,2,2,2,67000,1,NA,NA,800,NA,12,2,50,65,1,100,100,2,2,1,1,2,2,2,2,2,NA,1,14,2,2,3,4,2,180,12,6,3,1,1,1,60,3,2,1999,2802,38.1
29,2126552,84.055763395,1,NA,NA,NA,NA,NA,NA,NA,NA,2,2,2,2,33500,1,NA,NA,350,NA,10,2,50,20,2,100,100,NA,NA,NA,NA,NA,NA,NA,1,2,NA,1,NA,NA,NA,NA,4,NA,10,12,1,1,2,2,2,NA,NA,NA,2773,2016,63.5
28,6326359,212.42624205,1,NA,NA,NA,NA,NA,NA,NA,NA,2,2,2,2,77000,6,NA,NA,800,NA,10,1,59,80,1,100,100,2,2,1,1,2,2,2,2,2,NA,1,2,NA,NA,NA,NA,NA,80,60,30,0,2,1,2,NA,NA,3,3713,1278,82.2
29,5517834,139.16995492,1,NA,NA,NA,NA,NA,NA,NA,NA,2,2,2,2,67000,1,NA,NA,350,NA,12,1,96,42,1,100,82,1,2,1,2,1,1,2,2,2,NA,2,NA,3,NA,NA,NA,1,100,200,6,6,2,1,2,22,NA,1,5564,1049,82.4
29,1898594,259.35186162,1,NA,NA,NA,NA,NA,NA,1,1,2,2,2,2,38000,2,NA,NA,600,NA,12,1,85,25,2,NA,100,NA,NA,NA,NA,NA,NA,NA,1,2,NA,1,NA,NA,NA,NA,1,NA,40,25,5,0,1,2,2,2,NA,1,93,4295,50
28,4041371,392.2691563,1,NA,NA,NA,NA,NA,NA,3,1,2,2,2,2,95000,2,1,NA,500,NA,11,2,50,64,1,100,100,2,2,1,2,2,2,2,2,2,NA,1,20,2,NA,NA,NA,NA,255,35,13,3,2,1,1,41,2,3,422,3739,42.5
29,9949413,84.58932707,1,NA,NA,NA,NA,NA,NA,NA,NA,2,2,2,2,215000,1,NA,NA,1500,NA,12,1,60,60,1,90,95,2,2,1,1,2,2,2,2,2,NA,1,NA,2,NA,NA,6,3,100,40,50,4,1,1,1,60,2,5,5692,406,46.3
28,19323724,125.65044,1,NA,NA,NA,NA,NA,NA,NA,NA,2,2,2,2,176000,3,2,NA,600,NA,12,1,80,100,2,100,100,NA,NA,NA,NA,NA,NA,NA,2,2,NA,1,NA,NA,NA,2,4,NA,200,50,4,1,1,2,1,2,NA,1,7155,861,109.8
28,10838270,84.58932707,1,NA,NA,NA,NA,NA,NA,NA,NA,2,2,2,2,63000,1,NA,NA,800,NA,12,2,80,33,1,100,100,2,2,1,1,2,1,2,2,2,NA,1,1,2,3,2,NA,1,98,6,28,0,1,2,1,2,3,1,3622,1285,172
28,4400683,653.05875273,1,NA,NA,NA,NA,NA,NA,NA,NA,2,2,2,2,54000,1,NA,NA,600,NA,12,2,40,40,1,100,100,2,2,1,1,2,2,2,2,2,NA,1,NA,2,NA,2,NA,NA,300,0,50,1,2,1,1,3,1,2,3536,1450,81.5
28,2381592,242.08690218,1,NA,NA,NA,NA,NA,NA,NA,NA,2,2,2,2,78000,2,1,NA,500,NA,12,2,45,40,1,100,20,2,2,1,1,2,1,2,2,2,NA,2,1,2,NA,1,NA,1,60,5,5,1,2,1,2,10,1,NA,5612,791,30.5
29,6357425,133.33774762,1,NA,NA,NA,NA,NA,NA,NA,NA,2,2,2,2,108000,1,NA,NA,500,NA,10,1,72,45,1,100,100,1,2,1,2,2,1,2,1,2,NA,1,2,2,NA,1,2,2,250,200,30,2,1,1,1,20,NA,2,4850,847,58.9
29,682226,583.35116997,1,NA,NA,NA,NA,NA,NA,NA,NA,2,2,2,2,37500,1,NA,NA,200,NA,9,2,50,19,2,100,95,NA,NA,NA,NA,NA,NA,NA,2,2,NA,2,NA,NA,NA,NA,3,NA,25,25,3,1,2,2,1,NA,1,2,2132,2146,18.2
29,6007694,583.35116997,1,NA,NA,NA,NA,NA,NA,NA,NA,2,2,2,2,88000,2,1,NA,600,NA,10,2,60,125,1,100,100,2,2,1,2,2,2,2,2,2,NA,2,NA,2,NA,NA,NA,1,230,50,200,0,2,1,1,50,NA,NA,2138,2028,68.3
28,638512,503.86330813,1,NA,NA,NA,NA,NA,NA,NA,NA,2,2,2,2,17500,1,NA,NA,225,NA,12,2,40,25,2,100,100,NA,NA,NA,NA,NA,NA,NA,2,2,NA,NA,NA,NA,NA,NA,NA,NA,25,30,10,0,2,1,1,NA,NA,2,2923,2444,36.5
28,5816401,356.19828827,1,NA,NA,NA,NA,NA,NA,NA,NA,2,2,2,2,94000,1,NA,NA,600,NA,12,2,60,74,1,100,100,2,2,1,1,2,1,2,2,2,NA,1,2,2,NA,2,2,1,142,294,20,1,1,1,1,20,2,5,2796,1756,61.9
28,9091762,15.945623796,1,NA,NA,NA,NA,NA,NA,NA,NA,2,2,2,2,178000,3,1,NA,1250,NA,12,2,45,139,1,100,95,2,2,1,1,2,1,2,2,2,NA,1,20,2,4,4,1,2,7,250,6,0,1,1,1,60,3,4,6456,944,51.1
29,20051365,84.055763395,1,NA,NA,NA,NA,NA,NA,NA,NA,2,2,2,2,250000,5,1,NA,2000,NA,12,1,73,210,1,100,10,2,2,1,2,2,2,2,1,2,NA,1,45,1,NA,NA,NA,NA,363,850,114,1,1,1,1,15,1,26,4083,1129,80.2
28,2585934,227.79159189,1,NA,NA,NA,NA,NA,NA,NA,NA,2,2,2,2,90000,2,1,NA,700,NA,10,2,55,40,1,100,100,2,2,1,1,2,2,2,2,2,NA,2,20,2,NA,NA,2,1,111,10,33,1,2,1,1,25,1,3,2835,1512,28.7
29,5811461,141.92588364,1,NA,NA,NA,NA,NA,NA,NA,NA,2,2,2,2,112000,1,NA,NA,900,NA,9,2,35,45,1,100,100,2,2,1,1,2,1,2,2,2,NA,1,10,2,NA,NA,3,1,70,170,6,2,1,1,1,25,2,6,5952,998,51.9
29,15698722,48.841044419,1,NA,NA,NA,NA,NA,NA,NA,NA,2,2,2,2,275000,2,2,NA,1250,NA,12,2,47,158,1,100,85,1,2,1,1,1,1,2,2,2,NA,1,25,4,2,6,15,3,260,50,90,4,1,1,1,35,4,12,3762,1429,57.1
28,3343868,160.42583102,1,NA,NA,NA,NA,NA,NA,NA,NA,2,2,2,2,69000,1,NA,NA,900,NA,9,2,45,57,1,100,100,2,2,1,2,2,2,2,2,2,NA,2,NA,1,NA,2,2,1,148,10,12,1,2,1,1,5,2,3,4747,1577,48.5
28,1720135,1162.262962,1,NA,NA,NA,NA,NA,NA,NA,NA,2,2,2,2,43500,1,NA,NA,300,NA,12,2,35,55,1,100,100,2,2,1,2,2,1,2,2,2,NA,1,NA,2,NA,2,1,2,70,5,20,0,2,1,1,NA,1,2,2185,2965,39.5
28,2110503,366.15594072,1,NA,NA,NA,NA,NA,NA,NA,NA,2,2,2,2,62000,1,NA,NA,400,NA,12,2,45,30,1,100,100,1,2,1,1,2,1,2,2,2,NA,1,NA,1,1,1,2,1,90,15,9,1,1,1,1,NA,2,2,3949,1548,34
28,201332,366.15594072,1,NA,NA,NA,NA,NA,NA,NA,NA,2,2,2,2,6800,1,NA,NA,20,NA,8,2,37,3,2,NA,100,NA,NA,NA,NA,NA,NA,NA,2,2,NA,NA,NA,NA,NA,NA,NA,NA,2,0,1,0,NA,NA,2,NA,NA,NA,175,3800,29.6
28,3725783,316.08389453,1,NA,NA,NA,NA,NA,NA,NA,NA,2,2,2,2,68000,2,1,NA,400,NA,12,2,40,35,1,100,100,2,2,1,1,2,2,2,2,2,NA,2,NA,1,NA,NA,NA,NA,137,59,17,2,2,1,1,6,NA,1,5137,1003,54.8
28,2991498,583.35116997,1,NA,NA,NA,NA,NA,NA,NA,NA,2,2,2,2,62000,1,NA,NA,900,NA,9,2,50,66,2,100,100,NA,NA,NA,NA,NA,NA,NA,2,2,NA,1,4,1,NA,NA,2,NA,304,19,28,0,1,1,1,2,1,6,4816,1505,48.2
28,2148282,308.205725,1,NA,NA,NA,NA,NA,NA,NA,NA,2,2,2,2,42000,3,NA,NA,300,NA,12,2,50,50,1,100,1,2,2,2,2,1,2,2,1,2,NA,2,NA,NA,NA,3,1,NA,30,0,2,1,1,1,2,1,NA,3,4413,1276,51.1
28,3268167,242.08690218,1,NA,NA,NA,NA,NA,NA,NA,NA,2,2,2,2,51000,1,NA,NA,450,NA,12,2,50,40,1,100,15,2,2,1,2,1,1,2,2,2,NA,2,NA,NA,NA,5,2,NA,55,15,15,1,2,1,1,25,1,3,3348,2213,64.1
28,4747514,207.13166685,1,NA,NA,NA,NA,NA,NA,NA,NA,2,2,2,2,61000,2,NA,NA,600,NA,12,2,55,40,1,100,100,2,2,1,2,2,1,2,2,2,NA,1,NA,2,NA,2,NA,NA,175,10,4,2,2,1,1,NA,1,2,4832,995,77.8
28,1051891,316.26326145,1,NA,NA,NA,NA,NA,NA,NA,NA,2,2,2,2,20000,1,NA,NA,300,NA,12,2,50,15,2,100,100,NA,NA,NA,NA,NA,NA,NA,2,2,NA,NA,NA,NA,NA,NA,NA,NA,84,12,2,0,2,1,1,12,NA,2,1351,1189,52.6
28,7710593,84.055763395,1,NA,NA,NA,NA,NA,NA,NA,NA,2,2,2,2,104000,3,1,NA,800,NA,11,2,45,80,1,100,100,2,2,2,1,2,1,2,2,2,NA,1,NA,3,NA,NA,NA,NA,150,225,20,1,2,1,1,NA,NA,3,5051,1435,74.1
28,7096946,139.16995492,1,NA,NA,NA,NA,NA,NA,NA,NA,2,2,2,2,106000,2,1,NA,700,NA,11,1,45,62,1,100,100,1,1,2,1,1,1,2,2,2,NA,1,NA,3,2,4,3,1,40,700,8,1,1,2,1,42,2,3,4905,1052,67
28,7062397,139.16995492,1,NA,NA,NA,NA,NA,NA,NA,NA,2,2,2,2,79000,5,1,NA,500,NA,12,1,50,65,1,100,96,2,2,1,2,2,2,2,2,2,NA,2,NA,NA,NA,8,3,NA,30,100,40,2,1,1,1,4,NA,NA,4753,1360,89.4
28,16898528,125.65044,1,NA,NA,NA,NA,NA,NA,NA,NA,2,2,2,2,158000,2,NA,NA,900,NA,12,1,70,51,1,100,NA,1,2,2,2,2,1,2,2,2,NA,2,NA,1,NA,NA,2,NA,60,30,100,2,2,1,1,NA,1,1,10744,16,107
28,2534655,311.1344891,1,NA,NA,NA,NA,NA,NA,NA,NA,2,2,2,2,31500,1,NA,NA,500,NA,12,2,40,54,1,100,100,1,2,2,2,1,1,2,2,2,NA,1,6,NA,NA,2,NA,1,233,7,50,1,1,1,1,NA,NA,4,678,4379,80.5
28,2007924,271.01509096,1,NA,NA,NA,NA,NA,NA,NA,NA,2,2,2,2,75000,1,NA,NA,250,NA,12,2,60,35,1,100,100,2,2,2,1,2,2,2,2,2,NA,1,NA,NA,NA,NA,1,NA,100,35,20,6,2,2,1,30,NA,3,6143,920,26.8
28,6831380,84.055763395,1,NA,NA,NA,NA,NA,NA,NA,NA,2,2,2,2,87000,4,1,NA,700,NA,10,2,45,65,1,80,40,2,2,1,1,2,2,2,2,2,NA,1,NA,NA,NA,2,2,NA,125,100,50,4,2,1,1,10,NA,4,4068,1180,78.5
28,5829962,160.42583102,1,NA,NA,NA,NA,NA,NA,1,2,2,2,2,2,88000,2,NA,NA,1000,NA,12,1,35,78,1,100,100,2,2,1,2,2,1,2,2,2,NA,2,NA,1,NA,4,1,1,63,50,50,0,2,1,1,70,3,3,4400,1003,66.2
29,667121,751.72654486,1,NA,NA,NA,NA,NA,NA,NA,NA,2,2,2,2,24000,2,NA,NA,150,NA,9,2,50,20,2,100,100,NA,NA,NA,NA,NA,NA,NA,1,2,NA,NA,NA,NA,NA,NA,NA,NA,15,10,5,1,2,1,1,NA,NA,2,2286,2122,27.8
28,3280877,239.38538189,1,NA,NA,NA,NA,NA,NA,NA,NA,2,2,2,2,55000,2,NA,NA,350,NA,12,2,55,60,1,100,100,2,2,1,2,2,1,2,2,2,NA,1,NA,1,NA,NA,2,1,110,12,10,1,2,1,2,25,1,2,3787,1146,59.7
28,3704361,239.38538189,1,NA,NA,NA,NA,NA,NA,NA,NA,2,2,2,2,55000,3,1,NA,500,NA,12,2,50,97,1,100,30,2,2,1,1,2,1,2,2,2,NA,1,NA,NA,NA,NA,1,NA,213,43,11,6,2,1,1,2,1,4,6956,484,67.4
28,3271069,84.055763395,1,NA,NA,NA,NA,NA,NA,NA,NA,2,2,2,2,48000,1,NA,NA,600,NA,12,2,45,50,2,100,15,NA,NA,NA,NA,NA,NA,NA,2,2,NA,1,6,1,NA,NA,NA,NA,100,47,5,21,1,1,1,28,2,5,6091,768,68.1
28,2833350,125.65044,1,NA,NA,NA,NA,NA,NA,NA,NA,2,2,2,2,52000,2,NA,NA,700,NA,11,2,50,98,1,100,5,2,2,2,2,1,1,2,2,2,NA,1,10,NA,NA,NA,2,NA,150,70,0,1,2,2,1,25,2,5,5216,947,54.5
28,4462770,125.65044,1,NA,NA,NA,NA,NA,NA,NA,NA,2,2,2,2,106000,2,1,NA,500,NA,12,1,54,60,1,100,80,2,2,1,2,2,1,2,2,2,NA,2,NA,1,NA,2,1,NA,100,25,35,1,2,1,1,10,3,1,5810,1009,42.1
29,15348086,84.055763395,1,NA,NA,NA,NA,NA,NA,NA,NA,2,2,2,2,280000,3,2,NA,2500,NA,12,1,55,125,1,100,100,1,2,1,1,1,1,2,1,2,NA,1,NA,2,NA,NA,4,3,50,1420,9,5,1,1,2,5,4,5,4104,1667,54.8
28,20825218,15.945623796,1,NA,NA,NA,NA,NA,NA,NA,NA,2,2,2,2,280000,2,1,NA,1250,NA,12,1,70,225,1,100,98,2,2,1,2,1,2,2,1,1,1,2,5,1,NA,3,5,3,342,181,45,6,2,1,1,13,3,7,4485,831,74.4
29,7410263,139.16995492,1,NA,NA,NA,NA,NA,NA,NA,NA,2,2,2,2,200001,2,1,NA,1750,NA,12,1,70,182,1,100,100,2,2,1,1,2,1,2,1,2,NA,1,4,2,NA,2,6,1,476,1420,25,1,1,1,1,25,3,10,2523,1913,37.1
28,4865758,84.055763395,1,NA,NA,NA,NA,NA,NA,2,1,2,2,2,2,114000,2,NA,NA,700,NA,12,1,65,50,1,100,85,1,2,1,2,2,1,2,2,2,NA,2,NA,2,1,9,7,1,75,30,15,1,1,2,1,50,2,3,5479,836,42.7
28,391814,503.86330813,1,NA,NA,NA,NA,NA,NA,NA,NA,2,2,2,2,23500,1,NA,NA,300,NA,12,2,40,18,2,100,100,NA,NA,NA,NA,NA,NA,NA,2,2,NA,NA,NA,NA,NA,NA,NA,NA,13,1,0,3,2,2,2,NA,NA,NA,1404,2657,16.7
28,3655648,207.13166685,1,NA,NA,NA,NA,NA,NA,NA,NA,2,2,2,2,138000,2,1,NA,450,NA,10,2,40,40,1,100,100,1,2,1,1,2,1,2,2,2,NA,2,40,4,2,1,4,1,110,1,33,1,2,1,2,32,2,4,3309,1418,26.5
28,1014714,484.85166373,1,NA,NA,NA,NA,NA,NA,NA,NA,2,2,2,2,22500,1,NA,NA,250,NA,10,2,40,17,2,100,100,NA,NA,NA,NA,NA,NA,NA,2,2,NA,1,6,NA,NA,NA,1,NA,50,2,14,1,2,2,1,3,NA,2,1684,2416,45.1
28,2267981,209.09996186,1,NA,NA,NA,NA,NA,NA,NA,NA,2,2,2,2,72000,1,NA,NA,700,NA,9,2,40,50,1,20,45,2,2,1,2,2,1,2,2,2,NA,2,2,1,NA,2,NA,1,32,20,4,2,2,2,1,30,2,2,1086,3844,31.5
29,19486579,239.38538189,1,NA,NA,NA,NA,NA,NA,NA,NA,2,2,2,2,385000,2,2,NA,2250,NA,12,1,55,50,1,100,100,1,2,1,1,2,1,2,2,2,NA,1,NA,2,3,3,15,3,1000,200,100,3,1,1,1,100,5,3,2747,1416,50.6
28,4175453,242.08690218,1,NA,NA,NA,NA,NA,NA,NA,NA,2,2,2,2,67000,1,NA,NA,500,NA,12,2,48,83,1,100,100,2,2,1,1,2,1,2,2,2,NA,1,2,NA,NA,2,2,1,183,289,20,1,1,1,1,20,2,5,2872,1500,62.3
28,3100689,84.58932707,1,NA,NA,NA,NA,NA,NA,NA,NA,2,2,2,2,92000,1,NA,NA,1000,NA,12,1,35,75,1,100,100,2,2,1,2,2,2,2,2,2,NA,2,NA,NA,NA,2,NA,1,250,100,3,1,2,1,1,10,1,2,1165,3973,33.7
29,5012377,207.13166685,1,NA,NA,NA,NA,NA,NA,NA,NA,2,2,2,2,97000,2,NA,NA,600,NA,12,2,45,50,1,100,10,2,2,1,2,2,1,2,2,2,NA,1,10,1,NA,NA,1,NA,80,0,25,1,2,1,1,15,2,4,5216,728,51.7
28,349710,583.35116997,1,NA,NA,NA,NA,NA,NA,NA,NA,2,2,2,2,10250,1,NA,NA,90,NA,11,2,40,8,2,NA,95,NA,NA,NA,NA,NA,NA,NA,2,2,NA,2,3,NA,NA,NA,NA,NA,13,0,5,0,2,2,1,6,NA,NA,191,3971,34.1
28,5759571,259.35186162,1,NA,NA,NA,NA,NA,NA,NA,NA,2,2,2,2,168000,2,NA,NA,600,NA,12,2,40,70,1,100,75,2,2,1,2,2,1,2,2,2,NA,1,NA,1,NA,NA,2,NA,96,0,10,1,2,1,1,1,NA,3,2244,2649,34.3
28,1112660,751.72654486,1,NA,NA,NA,NA,NA,NA,NA,NA,2,2,2,2,25500,2,1,NA,250,NA,12,1,80,25,2,80,80,NA,NA,NA,NA,NA,NA,NA,2,2,NA,2,6,NA,NA,NA,NA,NA,50,0,3,1,2,1,2,13,NA,1,2711,2901,43.6
29,10966409,84.055763395,1,NA,NA,NA,NA,NA,NA,NA,NA,2,2,2,2,182000,2,1,NA,800,NA,12,1,60,140,1,100,95,1,2,1,2,2,1,2,2,2,NA,1,12,1,NA,NA,2,NA,450,84,10,5,2,1,1,10,NA,6,6704,1034,60.3
28,1761736,196.22661191,1,NA,NA,NA,NA,NA,NA,NA,NA,2,2,2,2,54000,3,1,NA,400,NA,10,2,80,25,1,100,100,2,2,1,2,2,2,2,2,2,NA,1,5,2,2,NA,1,1,70,25,6,1,2,2,2,NA,2,3,1054,1297,32.6
28,3586927,84.055763395,1,NA,NA,NA,NA,NA,NA,NA,NA,2,2,2,2,79000,4,1,NA,800,NA,12,2,40,65,1,100,65,2,2,1,2,2,1,2,2,2,NA,1,6,2,NA,NA,1,NA,145,10,6,0,2,1,1,4,1,NA,4250,1223,45.4
28,1375708,308.205725,1,NA,NA,NA,NA,NA,NA,NA,NA,2,2,2,2,27000,1,NA,NA,175,NA,10,2,40,23,1,100,NA,2,2,2,1,2,2,2,2,2,NA,1,5,NA,NA,4,1,NA,38,62,6,1,1,2,2,9,NA,2,5987,246,51
28,2858985,311.1344891,1,NA,NA,NA,NA,NA,NA,NA,NA,2,2,2,2,36000,1,NA,NA,350,NA,12,2,50,39,1,100,55,2,2,1,2,2,2,2,2,2,NA,1,NA,1,NA,NA,NA,1,180,75,20,0,2,2,1,2,NA,4,2907,2663,79.4
29,19407307,84.055763395,1,NA,NA,NA,NA,NA,NA,NA,NA,2,2,2,2,255000,2,3,NA,2000,NA,12,1,97,130,1,100,50,1,2,1,1,2,1,2,2,2,NA,1,6,2,6,6,10,3,10,500,90,1,1,1,1,NA,4,16,6041,876,76.1
28,4649460,84.055763395,1,NA,NA,NA,NA,NA,NA,NA,NA,2,2,2,2,150000,4,1,NA,1000,NA,10,2,43,160,1,90,20,2,2,1,1,2,2,2,2,2,NA,1,3,2,3,6,2,NA,100,350,8,1,1,2,2,24,3,4,5936,839,31
28,3946847,179.59592524,1,NA,NA,NA,NA,NA,NA,NA,NA,2,2,2,2,122000,2,NA,NA,600,NA,12,2,45,77,1,100,90,2,2,1,1,2,1,2,2,2,NA,2,NA,2,1,3,2,NA,236,428,27,11,1,1,1,30,2,4,6619,722,32.4
29,18541030,15.945623796,1,NA,NA,NA,NA,NA,NA,NA,NA,2,2,2,2,295000,2,1,NA,1500,NA,12,2,55,125,1,95,95,1,2,2,1,2,1,2,2,2,NA,1,60,3,NA,NA,12,2,338,270,100,0,1,1,1,75,3,10,4296,1398,62.9
28,7043270,139.16995492,1,NA,NA,NA,NA,NA,NA,NA,NA,2,2,2,2,138000,4,3,NA,1500,NA,10,2,80,85,1,100,90,2,2,1,2,2,2,2,2,2,NA,1,NA,1,3,NA,3,NA,250,100,8,3,2,1,1,4,2,6,4484,1418,51
28,1202267,299.39484032,1,NA,NA,NA,NA,NA,NA,NA,NA,2,2,2,2,42500,1,NA,NA,500,NA,10,2,50,50,2,100,100,NA,NA,NA,NA,NA,NA,NA,2,2,NA,2,NA,NA,NA,NA,2,NA,220,30,3,1,2,1,1,1,NA,3,2867,2173,28.3
29,5283723,242.08690218,1,NA,NA,NA,NA,NA,NA,NA,NA,2,2,2,2,64000,1,NA,NA,700,NA,9,2,40,62,1,100,100,2,2,1,2,2,1,2,2,2,NA,2,NA,3,NA,4,3,1,250,50,5,0,2,1,1,5,2,5,3161,1599,82.6
28,4271918,209.09996186,1,NA,NA,NA,NA,NA,NA,NA,NA,2,2,2,2,112000,1,NA,NA,1250,NA,12,2,40,65,1,100,80,1,2,1,1,2,2,2,2,2,NA,2,NA,2,2,1,3,2,229,84,53,0,1,2,1,50,1,4,3507,1862,38.1
28,1396153,209.09996186,1,NA,NA,NA,NA,NA,NA,NA,NA,2,2,2,2,45500,1,NA,NA,500,NA,12,2,40,40,1,100,100,2,2,1,2,2,2,2,2,2,NA,2,NA,1,NA,NA,NA,1,60,0,20,1,1,2,2,24,1,6,2527,2294,30.7
28,2261658,311.1344891,1,NA,NA,NA,NA,NA,NA,NA,NA,2,2,2,2,22500,1,NA,NA,300,NA,10,2,45,13,2,80,80,NA,NA,NA,NA,NA,NA,NA,2,2,NA,NA,NA,NA,NA,NA,NA,NA,40,12,2,0,2,1,1,NA,NA,NA,1293,2714,100.5
28,930244,316.26326145,1,NA,NA,NA,NA,NA,NA,NA,NA,2,2,2,2,22000,1,NA,NA,350,NA,12,2,50,20,2,100,100,NA,NA,NA,NA,NA,NA,NA,2,2,NA,NA,NA,NA,NA,NA,NA,NA,48,10,2,0,2,2,1,14,NA,2,1349,1287,42.3
28,6394243,139.16995492,1,NA,NA,NA,NA,NA,NA,NA,NA,2,2,2,2,110000,2,1,NA,700,NA,12,1,80,90,1,100,100,2,2,1,1,2,1,2,2,2,NA,2,NA,2,NA,3,2,NA,300,100,50,10,2,1,1,12,2,6,6173,511,58.1
28,5393157,90.622000825,1,NA,NA,NA,NA,NA,NA,NA,NA,2,2,2,2,92000,2,1,NA,1000,NA,12,1,39,84,1,100,100,2,2,1,1,2,1,2,2,2,NA,1,11,2,2,NA,1,1,49,40,5,3,1,1,1,40,3,3,1037,4009,58.6
29,2763515,918.02992474,1,NA,NA,NA,NA,NA,NA,NA,NA,2,2,2,2,25001,1,NA,NA,150,NA,10,2,50,7,1,100,100,2,2,2,2,2,2,1,1,2,NA,1,2,NA,NA,NA,NA,NA,80,75,5,0,1,1,2,4,NA,1,4817,984,110.5
28,6520205,751.72654486,1,NA,NA,NA,NA,NA,NA,NA,NA,2,2,2,2,69000,4,NA,NA,700,NA,10,2,45,90,1,100,NA,2,2,1,2,1,1,2,2,2,NA,1,NA,NA,1,NA,NA,NA,50,50,30,1,1,2,1,6,NA,5,3622,1221,94.5
28,7823382,362.06989684,1,NA,NA,NA,NA,NA,NA,NA,NA,2,2,2,2,99000,2,1,NA,700,NA,12,1,45,104,1,100,75,2,2,1,1,1,1,2,2,2,NA,1,NA,2,1,1,NA,1,102,157,60,5,1,1,1,1,2,2,4701,781,79
29,9921911,139.16995492,1,NA,NA,NA,NA,NA,NA,NA,NA,2,2,2,2,140000,2,1,NA,500,NA,12,1,40,35,1,100,98,1,2,1,1,2,1,2,1,2,NA,1,5,2,NA,4,5,2,100,25,7,10,1,1,1,10,3,2,5050,975,70.9
28,2235822,360.21806967,1,NA,NA,NA,NA,NA,NA,NA,NA,2,2,2,2,70000,1,NA,NA,500,NA,12,2,60,70,1,100,100,2,2,1,1,2,1,2,2,2,NA,1,5,2,NA,NA,2,1,146,263,20,1,1,1,1,20,2,5,3064,1705,31.9
29,18876407,84.055763395,1,NA,NA,NA,NA,NA,NA,NA,NA,2,2,2,2,410000,2,3,NA,2000,NA,12,1,90,220,1,100,100,2,2,1,2,2,2,2,2,2,NA,1,10,1,NA,4,8,1,1500,700,300,0,2,1,1,NA,4,4,5528,1102,46
28,7749255,209.09996186,1,NA,NA,NA,NA,NA,NA,NA,NA,2,2,2,2,142000,1,NA,NA,600,NA,12,2,40,65,1,100,100,2,2,1,1,2,2,2,2,2,NA,2,NA,2,NA,8,NA,1,199,10,7,3,1,1,1,6,2,4,889,3269,54.6
28,823664,751.72654486,1,NA,NA,NA,NA,NA,NA,NA,NA,2,2,2,2,19000,2,NA,NA,200,NA,12,1,44,12,2,100,75,NA,NA,NA,NA,NA,NA,NA,2,2,NA,1,NA,NA,NA,NA,NA,NA,10,60,3,0,2,2,2,8,NA,1,4935,1029,43.4
28,3663343,904.01813769,1,NA,NA,NA,NA,NA,NA,3,1,2,2,2,2,48000,1,NA,NA,600,NA,12,2,60,45,1,100,90,1,2,1,1,2,2,2,2,2,NA,2,NA,2,NA,4,NA,1,60,25,15,4,1,1,1,5,NA,3,7932,621,76.3
29,2793415,242.08690218,1,NA,NA,NA,NA,NA,NA,NA,NA,2,2,2,2,54000,1,NA,NA,400,NA,12,2,40,37,1,100,100,1,2,1,2,1,1,2,1,2,NA,1,4,1,NA,4,2,1,28,19,12,7,1,1,1,2,NA,3,4190,1610,51.7
28,3061277,139.16995492,1,NA,NA,NA,NA,NA,NA,3,1,2,2,2,2,47500,2,1,NA,400,NA,12,2,45,57,1,100,95,2,2,1,2,2,1,2,2,2,NA,1,4,2,NA,3,2,NA,92,40,30,1,1,1,1,15,1,2,5300,778,64.4
29,36428567,21.599296197,1,NA,NA,NA,NA,NA,NA,NA,NA,2,2,2,2,480000,1,NA,NA,1750,NA,12,1,120,250,1,100,100,1,2,1,1,2,2,2,1,1,1,1,NA,2,NA,6,14,2,50,250,200,50,1,1,1,100,5,5,5305,931,75.9
29,21234761,356.19828827,1,NA,NA,NA,NA,NA,NA,NA,NA,2,2,2,2,230000,3,1,NA,800,NA,12,2,48,95,1,95,90,1,2,1,1,2,1,2,1,2,NA,1,2,3,NA,1,NA,1,177,25,20,9,1,1,1,50,NA,5,4179,1658,92.3
28,1931937,299.39484032,1,NA,NA,NA,NA,NA,NA,NA,NA,2,2,2,2,38000,2,NA,NA,400,NA,9,2,40,40,1,95,90,2,2,1,1,2,2,2,2,2,NA,2,NA,2,NA,NA,NA,1,40,13,4,0,1,2,2,26,1,2,2778,2243,50.8
29,13861306,84.055763395,1,NA,NA,NA,NA,NA,NA,NA,NA,2,2,2,2,146000,2,1,NA,800,NA,12,1,70,100,1,100,99,1,2,1,1,2,1,2,2,2,NA,1,NA,4,NA,3,4,3,85,50,15,5,1,1,1,30,3,4,6168,1372,94.9
28,2486783,583.35116997,1,NA,NA,NA,NA,NA,NA,NA,NA,2,2,2,2,25500,1,NA,NA,350,NA,10,2,70,44,1,100,15,2,2,2,2,1,1,2,2,2,NA,1,NA,NA,NA,NA,NA,NA,88,8,24,1,2,1,1,11,3,3,4814,1039,97.5
29,13118703,84.58932707,1,NA,NA,NA,NA,NA,NA,NA,NA,2,2,2,2,205000,2,1,NA,1750,NA,12,1,50,116,1,100,100,2,2,1,2,2,1,2,2,2,NA,2,NA,2,NA,NA,4,1,200,75,20,1,2,1,1,30,4,5,3901,1036,64
29,14595454,139.16995492,1,NA,NA,NA,NA,NA,NA,NA,NA,2,2,2,2,295000,2,1,NA,2000,NA,12,1,84,194,1,100,100,1,2,1,1,2,1,2,1,2,NA,1,10,3,NA,2,10,1,635,1420,25,1,1,1,1,25,3,15,2968,2002,49.5
28,3030385,207.13166685,1,NA,NA,NA,NA,NA,NA,NA,NA,2,2,2,2,46000,2,1,NA,350,NA,12,1,50,26,1,100,100,2,2,1,2,1,2,2,2,2,NA,2,NA,1,NA,2,2,1,70,60,7,2,1,1,1,2,1,NA,3576,1851,65.9
28,1707594,311.1344891,1,NA,NA,NA,NA,NA,NA,NA,NA,2,2,2,2,52000,2,NA,NA,300,NA,9,2,40,60,1,100,100,2,2,1,2,2,1,2,2,2,NA,2,NA,1,3,NA,NA,1,20,40,5,3,2,1,1,20,1,2,1100,3772,32.8
29,3458919,499.1203535,1,NA,NA,NA,NA,NA,NA,2,1,2,2,2,2,62000,3,1,NA,450,NA,12,2,45,50,1,100,20,2,2,1,2,2,2,2,2,2,NA,1,NA,2,NA,NA,NA,1,50,25,20,1,1,1,1,NA,1,3,4152,770,55.8
28,3447617,271.01509096,1,NA,NA,NA,NA,NA,NA,NA,NA,2,2,2,2,57000,1,NA,NA,600,NA,10,1,80,42,2,100,100,NA,NA,NA,NA,NA,NA,NA,2,2,NA,1,NA,NA,NA,NA,1,NA,150,42,7,1,2,1,1,NA,NA,3,5354,1140,60.5
29,6654935,140.90682201,1,NA,NA,NA,NA,NA,NA,NA,NA,2,2,2,2,36500,1,NA,NA,500,NA,12,1,85,15,2,100,100,NA,NA,NA,NA,NA,NA,NA,2,1,1,NA,NA,NA,NA,NA,NA,NA,20,5,5,0,2,2,2,NA,NA,NA,2697,2427,182.3
28,1982420,356.19828827,1,NA,NA,NA,NA,NA,NA,NA,NA,2,2,2,2,55000,2,NA,NA,450,NA,12,2,50,30,1,100,100,2,2,1,1,2,1,2,2,2,NA,1,NA,2,NA,NA,NA,1,58,6,5,0,1,2,2,NA,2,1,2489,1793,36
28,9538876,125.65044,1,NA,NA,NA,NA,NA,NA,NA,NA,2,2,2,2,124000,3,2,NA,700,NA,12,1,90,80,1,100,100,2,2,1,2,2,2,2,2,2,NA,2,NA,NA,NA,2,NA,NA,100,50,4,1,1,2,1,NA,NA,1,6816,880,76.9
28,3764424,212.42624205,1,NA,NA,NA,NA,NA,NA,NA,NA,2,2,2,2,76000,3,NA,NA,600,NA,12,2,35,40,1,100,NA,2,2,2,2,1,2,2,2,2,NA,2,NA,1,NA,NA,NA,NA,70,40,2,0,2,1,1,NA,NA,2,4220,1685,49.5
28,2951654,73.063122805,1,NA,NA,NA,NA,NA,NA,NA,NA,2,2,2,2,98000,1,NA,NA,500,NA,12,2,45,56,1,100,100,2,2,1,1,2,2,2,2,2,NA,1,NA,2,NA,3,1,1,250,72,37,0,2,1,1,56,2,2,2706,2008,30.1
28,2086704,825.40232224,1,NA,NA,NA,NA,NA,NA,NA,NA,2,2,2,2,64000,3,NA,NA,225,NA,12,1,70,24,1,100,10,2,2,1,2,2,2,2,2,2,NA,2,NA,NA,NA,4,NA,NA,60,15,4,0,2,1,1,NA,NA,1,5263,970,32.6
28,2431320,311.1344891,1,NA,NA,NA,NA,NA,NA,NA,NA,2,2,2,2,75000,1,NA,NA,900,NA,9,1,60,53,1,100,100,2,2,1,2,2,2,2,2,2,NA,2,NA,2,NA,NA,2,2,187,88,56,12,2,1,1,53,1,2,1596,3297,32.4
28,3706212,179.59592524,1,NA,NA,NA,NA,NA,NA,NA,NA,2,2,2,2,74000,2,1,NA,400,NA,12,2,60,45,1,100,75,2,2,1,1,2,1,2,2,2,NA,2,NA,2,1,NA,NA,1,111,36,33,4,2,2,1,24,2,3,3556,1404,50.1
29,5338210,201.21025436,1,NA,NA,NA,NA,NA,NA,NA,NA,2,2,2,2,65000,2,NA,NA,200,NA,12,1,50,20,2,100,100,NA,NA,NA,NA,NA,NA,NA,2,2,NA,1,8,NA,NA,NA,NA,NA,150,30,5,2,2,2,1,NA,NA,5,4748,1796,82.1
29,5098800,139.16995492,1,NA,NA,NA,NA,NA,NA,NA,NA,2,2,2,2,136000,2,1,NA,900,NA,12,2,40,90,1,80,75,2,2,1,2,2,2,2,1,2,NA,2,NA,2,NA,4,2,1,212,1,3,0,1,2,1,10,2,3,3353,1892,37.5
28,4744620,138.56608864,1,NA,NA,NA,NA,NA,NA,NA,NA,2,2,2,2,215000,1,NA,NA,800,NA,12,2,40,60,1,100,100,2,2,1,2,2,1,2,2,2,NA,1,30,3,NA,2,3,2,120,2,15,2,1,1,1,10,1,4,2711,2408,22.1
29,9567940,212.42624205,1,NA,NA,NA,NA,NA,NA,NA,NA,2,2,2,2,84000,5,NA,NA,800,NA,9,2,55,125,1,100,59,2,2,2,2,1,2,2,2,2,NA,2,NA,NA,NA,6,78,NA,60,120,50,4,1,2,1,5,NA,10,3538,1474,113.9
28,4138978,239.38538189,1,NA,NA,NA,NA,NA,NA,NA,NA,2,2,2,2,88000,2,1,NA,700,NA,12,2,50,60,1,100,100,2,2,1,2,1,1,2,2,2,NA,1,3,1,NA,NA,NA,NA,280,6,10,0,2,1,1,1,NA,1,6889,788,47
28,5347992,403.26234933,1,NA,NA,NA,NA,NA,NA,NA,NA,2,2,2,2,26000,1,NA,NA,250,NA,9,2,60,20,1,100,100,2,2,2,2,1,2,2,2,2,NA,2,NA,NA,NA,3,3,NA,100,0,3,1,1,1,1,15,1,2,5537,818,205.7
28,5876010,366.15594072,1,NA,NA,NA,NA,NA,NA,NA,NA,2,2,2,2,104000,2,1,NA,500,NA,12,2,40,81,1,100,100,2,2,1,1,2,2,2,2,2,NA,1,5,1,NA,4,1,1,7,285,7,1,1,1,1,3,2,5,4130,1389,56.5
29,59548666,84.055763395,1,NA,NA,NA,NA,NA,NA,NA,NA,2,2,2,2,440000,5,1,NA,3500,NA,12,1,105,298,1,100,10,1,2,1,1,1,1,2,2,1,1,1,6,5,NA,7,6,2,850,40,25,68,1,1,1,20,10,20,4721,1643,135.3
28,3140065,160.42583102,1,NA,NA,NA,NA,NA,NA,NA,NA,2,2,2,2,73000,1,NA,NA,700,NA,12,2,60,84,1,100,100,2,2,1,1,2,1,2,2,2,NA,1,NA,2,NA,4,1,1,119,31,10,1,1,1,1,10,1,NA,2547,1510,43
28,5763306,90.622000825,1,NA,NA,NA,NA,NA,NA,NA,NA,2,2,2,2,134000,1,NA,NA,900,NA,12,2,45,80,1,100,100,2,2,1,2,2,2,2,1,2,NA,1,NA,2,NA,4,2,2,150,50,20,1,1,2,1,10,3,3,1634,3223,43
28,2168261,583.35116997,1,NA,NA,NA,NA,NA,NA,NA,NA,2,2,2,2,61000,1,NA,NA,400,NA,12,2,40,40,1,100,100,2,2,1,1,2,2,2,2,2,NA,2,NA,2,NA,NA,NA,1,100,40,5,2,2,1,1,NA,1,1,2321,1731,35.5
29,296402,1559.8286174,1,NA,NA,NA,NA,NA,NA,NA,NA,2,2,2,2,7000,2,NA,NA,80,NA,12,2,60,6,1,100,100,2,2,2,2,1,2,2,2,2,NA,1,NA,NA,NA,NA,NA,NA,25,0,6,1,2,2,2,1,NA,1,6107,971,42.3
28,11173557,84.055763395,1,NA,NA,NA,NA,NA,NA,NA,NA,2,2,2,2,230000,2,3,NA,1000,NA,12,1,50,75,1,100,95,1,2,1,1,1,2,2,2,2,NA,1,3,2,3,13,1,3,356,35,40,14,1,1,1,50,NA,5,4641,1109,48.6
28,2477928,271.01509096,1,NA,NA,NA,NA,NA,NA,NA,NA,2,2,2,2,37500,2,NA,NA,250,NA,12,1,70,22,1,100,15,2,2,2,1,1,1,2,2,2,NA,1,4,NA,NA,2,1,NA,40,10,3,1,2,1,1,25,NA,2,6434,765,66.1
28,12062937,138.56608864,1,NA,NA,NA,NA,NA,NA,NA,NA,2,2,2,2,196000,2,1,NA,600,NA,12,2,40,94,1,100,100,1,2,1,1,2,2,2,2,2,NA,2,NA,2,NA,12,NA,4,86,118,40,5,1,1,1,30,4,7,779,3873,61.5
29,1341971,356.19828827,1,NA,NA,NA,NA,NA,NA,NA,NA,2,2,2,2,37000,3,1,NA,500,NA,12,1,72,12,2,100,100,NA,NA,NA,NA,NA,NA,NA,2,2,NA,NA,NA,NA,NA,NA,NA,NA,50,12,3,0,1,2,1,1,NA,1,6409,652,36.3
28,2479865,583.35116997,1,NA,NA,NA,NA,NA,NA,2,2,2,2,2,2,54000,2,NA,NA,450,NA,12,2,45,60,1,100,70,2,2,1,2,2,2,2,2,2,NA,1,NA,NA,NA,NA,NA,NA,200,30,5,2,1,1,1,25,1,4,5554,600,45.9
29,1879602,1134.749884,1,NA,NA,NA,NA,NA,NA,NA,NA,2,2,2,2,23500,1,NA,NA,300,NA,12,1,60,12,2,100,100,NA,NA,NA,NA,NA,NA,NA,2,2,NA,NA,NA,NA,NA,NA,NA,NA,12,5,5,0,2,2,2,2,NA,NA,833,3525,80
28,1597195,209.09996186,1,NA,NA,NA,NA,NA,NA,NA,NA,2,2,2,2,63000,1,NA,NA,600,NA,9,2,40,62,1,100,100,2,2,1,2,2,1,2,2,2,NA,2,NA,1,NA,3,NA,1,99,30,15,4,2,1,1,15,1,NA,1316,3314,25.4
28,3714393,362.06989684,1,NA,NA,NA,NA,NA,NA,NA,NA,2,2,2,2,59000,2,1,NA,500,NA,12,1,35,25,1,100,75,2,2,1,1,2,2,2,2,2,NA,1,NA,2,4,NA,1,NA,160,20,30,0,2,1,1,23,1,3,5891,1058,63
29,30072681,90.622000825,1,NA,NA,NA,NA,NA,NA,NA,NA,2,2,2,2,500001,2,1,NA,6000,NA,12,2,50,850,1,100,100,1,2,1,1,2,2,2,2,1,1,1,NA,4,NA,6,30,2,890,350,250,1,1,1,1,36,25,14,1076,3382,60.1
28,3092882,179.59592524,1,NA,NA,NA,NA,NA,NA,NA,NA,2,2,2,2,57000,1,NA,NA,800,NA,12,2,60,40,1,100,100,1,2,1,1,2,1,2,2,2,NA,1,3,2,NA,NA,1,NA,76,6,21,1,1,1,1,NA,1,NA,4015,1489,54.3
29,8389631,209.09996186,1,NA,NA,NA,NA,NA,NA,NA,NA,2,2,2,2,66000,1,NA,NA,300,NA,9,2,50,26,1,100,NA,2,2,1,2,2,2,2,2,2,NA,1,NA,1,NA,NA,6,1,125,12,18,0,2,1,1,NA,NA,3,6794,105,127.1
28,1986633,201.21025436,1,NA,NA,NA,NA,NA,NA,NA,NA,2,2,2,2,56000,1,NA,NA,175,NA,9,2,40,18,2,100,100,NA,NA,NA,NA,NA,NA,NA,2,2,NA,2,NA,2,NA,NA,NA,1,49,70,7,2,2,1,2,15,NA,2,2722,2065,35.5
29,21990116,84.055763395,1,NA,NA,NA,NA,NA,NA,NA,NA,2,2,2,2,355000,2,2,NA,2000,NA,12,1,110,167,1,100,90,1,2,1,1,2,1,2,1,2,NA,1,7,4,NA,NA,8,3,250,500,80,20,1,1,1,15,8,4,5906,744,61.9
28,10717140,84.055763395,1,NA,NA,NA,NA,NA,NA,1,2,2,2,2,2,94000,2,NA,NA,600,NA,12,2,40,54,1,100,90,2,2,1,1,2,2,2,2,2,NA,2,NA,3,NA,3,NA,1,150,90,15,10,1,1,1,NA,2,3,4448,839,114
28,9643749,84.055763395,1,NA,NA,NA,NA,NA,NA,1,1,2,2,2,2,118000,3,1,NA,600,NA,12,2,42,120,1,100,10,1,2,1,2,1,1,2,2,2,NA,1,NA,2,NA,1,2,1,155,59,45,16,1,1,1,38,2,4,6625,375,81.7
28,6682985,403.26234933,1,NA,NA,NA,NA,NA,NA,NA,NA,2,2,2,2,69000,1,NA,NA,600,NA,9,2,50,81,1,100,NA,2,2,1,1,2,1,2,2,2,NA,1,NA,2,NA,NA,NA,1,125,50,20,3,1,1,1,15,2,4,6447,807,96.9
28,7998957,84.055763395,1,NA,NA,NA,NA,NA,NA,NA,NA,2,2,2,2,184000,3,1,NA,1250,NA,10,1,68,100,1,100,90,2,2,1,2,2,2,2,2,2,NA,1,10,4,NA,2,9,1,200,100,80,30,1,1,1,NA,2,4,4183,1360,43.5
28,1421806,308.205725,1,NA,NA,NA,NA,NA,NA,NA,NA,2,2,2,2,35500,2,NA,NA,250,NA,9,2,40,22,1,100,30,2,2,1,2,2,2,2,2,2,NA,2,6,NA,NA,NA,NA,NA,32,0,3,4,2,1,1,3,NA,2,6699,459,40.1
28,994392,503.86330813,1,NA,NA,NA,NA,NA,NA,NA,NA,2,2,2,2,20000,1,NA,NA,300,NA,10,2,45,17,2,100,100,NA,NA,NA,NA,NA,NA,NA,2,2,NA,NA,NA,NA,NA,NA,NA,NA,35,1,5,0,2,1,2,11,NA,1,2269,1265,49.7
28,8999413,139.16995492,1,NA,NA,NA,NA,NA,NA,NA,NA,2,2,2,2,83000,2,1,NA,450,NA,12,2,50,55,1,100,98,2,2,2,2,1,2,2,2,2,NA,1,NA,NA,NA,NA,1,NA,10,150,12,1,1,1,1,NA,NA,NA,5585,1020,108.4
29,3958549,138.56608864,1,NA,NA,NA,NA,NA,NA,NA,NA,2,2,2,2,110000,1,NA,NA,450,NA,10,2,40,100,2,100,100,NA,NA,NA,NA,NA,NA,NA,2,2,NA,1,NA,NA,NA,NA,2,NA,250,200,25,0,2,1,1,50,NA,4,3183,1597,36
28,5231286,171.86695171,1,NA,NA,NA,NA,NA,NA,NA,NA,2,2,2,2,96000,3,2,NA,900,NA,9,1,50,45,1,50,100,2,2,2,1,2,2,2,2,2,NA,1,NA,1,NA,NA,NA,1,70,200,25,0,1,1,1,30,2,3,617,3586,54.5
29,6462175,139.16995492,1,NA,NA,NA,NA,NA,NA,NA,NA,2,2,2,2,104000,1,NA,NA,700,NA,12,2,40,42,1,100,100,2,2,1,2,1,1,2,1,2,NA,1,5,2,2,5,2,1,200,3,10,3,1,1,1,32,NA,2,6158,1031,62.1
28,2552355,360.21806967,1,NA,NA,NA,NA,NA,NA,NA,NA,2,2,2,2,60000,1,NA,NA,900,NA,9,2,42,70,1,100,100,2,2,1,1,2,1,2,2,2,NA,1,NA,3,NA,1,NA,1,125,6,70,1,2,1,1,70,4,2,3001,1709,42.5
28,816618,139.16995492,1,NA,NA,NA,NA,NA,NA,NA,NA,2,2,2,2,30000,3,1,NA,300,NA,12,2,50,50,1,100,100,2,2,2,1,2,2,2,2,2,NA,1,NA,NA,NA,NA,NA,NA,20,10,8,2,1,2,1,5,NA,NA,4676,1098,27.2
28,4361983,366.15594072,1,NA,NA,NA,NA,NA,NA,NA,NA,2,2,2,2,90000,1,NA,NA,400,NA,12,2,45,40,1,100,100,2,2,1,1,2,1,2,2,2,NA,1,NA,2,NA,NA,NA,1,224,30,5,3,1,2,1,30,2,NA,2533,1586,48.5
28,10154569,21.560340296,1,NA,NA,NA,NA,NA,NA,NA,NA,2,2,2,2,230000,1,NA,NA,700,NA,12,1,70,101,1,100,60,2,2,1,1,2,1,2,2,2,NA,1,4,2,NA,2,2,1,325,75,58,16,1,1,1,32,3,2,6665,1134,44.2
29,9085419,84.055763395,1,NA,NA,NA,NA,NA,NA,2,1,2,2,2,2,114000,2,NA,NA,900,NA,9,1,60,97,1,100,85,2,2,1,2,2,2,2,2,2,NA,1,NA,2,3,NA,6,2,200,50,10,2,1,1,1,6,1,4,4720,1204,79.7
28,4152012,84.58932707,1,NA,NA,NA,NA,NA,NA,NA,NA,2,2,2,2,78000,1,NA,NA,600,NA,12,2,50,84,1,100,25,2,2,1,1,2,1,2,2,2,NA,1,NA,NA,NA,NA,1,NA,180,10,30,12,2,1,1,15,1,2,4978,695,53.2
28,6828628,141.92588364,1,NA,NA,NA,NA,NA,NA,NA,NA,2,2,2,2,142000,1,NA,NA,1500,NA,12,1,80,130,1,100,80,1,2,1,1,1,2,2,2,2,NA,1,2,1,1,4,4,1,400,84,25,4,1,2,1,50,2,6,5427,1054,48.1
28,4382399,239.38538189,1,NA,NA,NA,NA,NA,NA,NA,NA,2,2,2,2,112000,4,1,NA,800,NA,8,2,40,65,1,95,12,2,2,1,1,2,1,2,2,2,NA,1,NA,NA,NA,2,1,NA,80,30,7,1,2,1,1,8,1,1,5944,694,39.1
28,2064395,139.16995492,1,NA,NA,NA,NA,NA,NA,NA,NA,2,2,2,2,28500,3,NA,NA,250,NA,9,2,40,25,2,100,1,NA,NA,NA,NA,NA,NA,NA,2,2,NA,2,2,NA,NA,NA,NA,NA,4,10,14,0,2,1,2,6,NA,1,3943,1669,72.4
28,5519947,139.16995492,1,NA,NA,NA,NA,NA,NA,NA,NA,2,2,2,2,114000,5,NA,NA,800,NA,12,2,50,80,1,100,25,2,2,2,2,1,2,2,2,2,NA,2,NA,1,NA,NA,NA,NA,80,50,30,1,1,1,1,NA,2,3,4358,1064,48.4
28,3114777,209.09996186,1,NA,NA,NA,NA,NA,NA,NA,NA,2,2,2,2,86000,1,NA,NA,900,NA,12,2,50,83,1,100,100,2,2,1,1,2,1,2,2,2,NA,1,30,1,6,2,3,1,399,0,65,0,1,1,1,15,NA,3,1918,2694,36.2
29,2661114,259.35186162,1,NA,NA,NA,NA,NA,NA,NA,NA,2,2,2,2,84000,2,1,NA,800,NA,12,1,60,70,2,100,100,NA,NA,NA,NA,NA,NA,NA,2,2,NA,2,NA,NA,NA,4,1,1,30,100,5,2,1,2,2,2,2,2,675,3886,31.7
29,11308859,84.055763395,1,NA,NA,NA,NA,NA,NA,NA,NA,2,2,2,2,174000,9,3,NA,1250,NA,12,2,84,249,1,100,50,1,2,1,2,2,2,2,2,2,NA,1,5,3,NA,NA,10,NA,250,300,200,7,1,1,1,10,2,20,4055,1048,65
28,2790100,403.26234933,1,NA,NA,NA,NA,NA,NA,NA,NA,2,2,2,2,68000,4,1,NA,300,NA,10,2,50,40,1,80,100,2,2,1,1,2,1,2,2,2,NA,1,5,1,2,2,2,NA,80,10,3,1,1,1,1,40,NA,2,5496,1056,41
28,139840,503.86330813,1,NA,NA,NA,NA,NA,NA,NA,NA,2,2,2,2,3900,1,NA,NA,60,NA,12,2,50,2,2,100,100,NA,NA,NA,NA,NA,NA,NA,2,2,NA,2,2,NA,NA,NA,NA,NA,2,0,1,0,NA,NA,2,NA,1,NA,1329,1476,35.9
29,2369617,311.1344891,1,NA,NA,NA,NA,NA,NA,NA,NA,2,2,2,2,59000,1,NA,NA,450,NA,11,1,60,35,2,75,75,NA,NA,NA,NA,NA,NA,NA,2,2,NA,2,NA,NA,NA,NA,2,NA,20,3,2,0,2,2,2,1,NA,2,512,4363,40.2
28,6378708,356.19828827,1,NA,NA,NA,NA,NA,NA,NA,NA,2,2,2,2,128000,3,1,NA,900,NA,12,2,50,63,1,100,100,2,2,1,1,2,1,2,2,2,NA,1,5,2,NA,6,2,2,157,196,85,2,2,1,1,3,2,2,2310,1743,49.8
28,1775479,583.35116997,1,NA,NA,NA,NA,NA,NA,NA,NA,2,2,2,2,16000,1,NA,NA,225,NA,10,2,75,14,2,NA,100,NA,NA,NA,NA,NA,NA,NA,2,2,NA,NA,NA,NA,NA,NA,NA,NA,34,0,9,0,2,2,2,14,NA,NA,400,4403,111
29,14243297,84.055763395,1,NA,NA,NA,NA,NA,NA,NA,NA,2,2,2,2,260000,2,1,NA,1750,NA,12,1,84,179,1,100,100,1,2,1,1,2,1,2,1,2,NA,1,7,3,NA,2,10,1,396,1420,35,1,1,1,1,40,4,15,2885,1715,54.8
28,3463176,311.1344891,1,NA,NA,NA,NA,NA,NA,NA,NA,2,2,2,2,104000,1,NA,NA,800,NA,12,2,55,85,1,100,100,2,2,1,1,2,2,2,2,2,NA,1,22,2,2,3,6,2,278,22,16,4,1,1,1,72,3,8,1765,2765,33.3
29,24882679,84.055763395,1,NA,NA,NA,NA,NA,NA,NA,NA,2,2,2,2,385000,4,1,NA,2250,NA,12,1,83,225,1,100,100,1,2,1,2,1,1,2,2,1,1,1,15,3,3,4,5,3,400,200,51,47,1,1,1,15,12,3,7855,778,64.6
28,4195113,209.09996186,1,NA,NA,NA,NA,NA,NA,NA,NA,2,2,2,2,59000,1,NA,NA,700,NA,9,2,45,49,1,100,100,2,2,1,2,2,2,2,2,2,NA,1,NA,1,NA,NA,NA,1,200,3,50,0,2,1,1,20,2,4,6165,396,71.1
28,4024737,15.945623796,1,NA,NA,NA,NA,NA,NA,NA,NA,2,2,2,2,59000,1,NA,NA,600,NA,10,1,90,45,1,100,100,2,2,1,1,2,2,2,2,2,NA,2,NA,1,NA,2,NA,NA,52,50,50,0,1,1,1,28,1,5,6292,373,68.2
28,7109968,239.38538189,1,NA,NA,NA,NA,NA,NA,2,2,2,2,2,2,73000,2,1,NA,700,NA,12,1,60,98,1,100,100,2,2,2,1,2,1,2,2,2,NA,2,2,NA,2,4,2,NA,45,200,6,0,2,1,1,32,1,2,6817,764,97.4
28,1639971,271.01509096,1,NA,NA,NA,NA,NA,NA,NA,NA,2,2,2,2,30000,1,NA,NA,400,NA,10,2,50,48,2,100,100,NA,NA,NA,NA,NA,NA,NA,2,2,NA,2,NA,NA,NA,1,1,NA,70,30,6,1,1,2,1,35,1,3,4680,1246,54.7
29,10875708,84.055763395,1,NA,NA,NA,NA,NA,NA,NA,NA,2,2,2,2,275000,2,3,NA,1750,NA,12,2,60,147,1,100,100,1,2,1,1,2,1,2,2,2,NA,1,NA,2,NA,4,5,2,423,54,10,2,2,2,1,5,1,4,2565,1602,39.5
29,151138,2140.9064605,1,NA,NA,NA,NA,NA,NA,NA,NA,2,2,2,2,1500,1,NA,NA,20,NA,10,1,45,1,2,100,50,NA,NA,NA,NA,NA,NA,NA,2,2,NA,NA,NA,NA,NA,NA,NA,NA,6,0,0,0,2,2,2,NA,NA,NA,4985,1755,100.8
28,1538070,632.51710677,1,NA,NA,NA,NA,NA,NA,NA,NA,2,2,2,2,33000,3,NA,NA,300,NA,12,2,55,30,1,100,40,2,2,1,1,2,1,2,2,2,NA,1,NA,NA,NA,3,NA,NA,10,210,7,1,2,2,2,18,NA,5,4621,1464,46.6
28,4912039,179.59592524,1,NA,NA,NA,NA,NA,NA,NA,NA,2,2,2,2,79000,1,NA,NA,600,NA,12,1,50,31,1,100,15,2,2,1,2,2,1,2,1,2,NA,1,NA,2,1,NA,4,NA,180,5,10,3,1,1,2,24,2,4,7712,535,62.2
28,8186054,179.59592524,1,NA,NA,NA,NA,NA,NA,NA,NA,2,2,2,2,158000,2,1,NA,800,NA,10,2,50,30,1,100,80,1,2,1,2,2,1,2,1,2,NA,1,NA,3,NA,5,3,1,200,100,15,0,1,1,1,30,2,4,5444,918,51.8
29,2106746,311.1344891,1,NA,NA,NA,NA,NA,NA,NA,NA,2,2,2,2,25500,1,NA,NA,225,NA,12,2,40,31,2,100,100,NA,NA,NA,NA,NA,NA,NA,2,2,NA,NA,NA,NA,NA,NA,NA,NA,100,90,5,7,2,1,1,5,NA,3,1154,4126,82.6
28,10267867,84.055763395,1,NA,NA,NA,NA,NA,NA,NA,NA,2,2,2,2,154000,3,NA,NA,900,NA,12,1,84,82,1,100,5,1,2,1,1,2,1,2,2,2,NA,2,45,2,NA,3,6,1,120,60,10,1,1,1,1,43,1,2,5602,1095,66.7
29,298411,1729.17335,1,NA,NA,NA,NA,NA,NA,NA,NA,2,2,2,2,4450,1,NA,NA,20,NA,12,2,40,2,2,100,NA,NA,NA,NA,NA,NA,NA,NA,2,2,NA,NA,NA,NA,NA,NA,NA,NA,1,1,1,0,NA,NA,2,4,NA,NA,4211,1599,67.1
28,6535973,138.56608864,1,NA,NA,NA,NA,NA,NA,NA,NA,2,2,2,2,182000,2,1,NA,900,NA,12,2,40,125,1,100,100,2,2,1,1,1,1,2,2,2,NA,1,60,3,NA,NA,2,1,200,100,4,0,1,1,1,60,2,NA,2462,2008,35.9
28,4142786,207.13166685,1,NA,NA,NA,NA,NA,NA,NA,NA,2,2,2,2,55000,2,1,NA,500,NA,10,2,38,53,1,100,65,2,2,1,1,2,2,2,2,2,NA,2,NA,2,NA,3,2,NA,84,5,40,2,1,1,2,20,1,4,6400,237,75.3
28,3513778,313.28621931,1,NA,NA,NA,NA,NA,NA,NA,NA,2,2,2,2,62000,3,1,NA,300,NA,12,2,70,70,1,100,20,2,2,1,1,2,2,2,2,2,NA,2,1,NA,NA,2,NA,NA,30,6,4,3,2,1,1,NA,NA,NA,4196,855,56.7
28,2086606,271.01509096,1,NA,NA,NA,NA,NA,NA,NA,NA,2,2,2,2,48000,1,NA,NA,300,NA,10,2,60,25,1,100,100,2,2,1,1,2,1,2,2,2,NA,1,NA,2,NA,2,1,NA,50,2,5,2,2,1,1,16,1,3,3975,1470,43.5
28,16017753,84.055763395,1,NA,NA,NA,NA,NA,NA,NA,NA,2,2,2,2,255000,3,1,NA,1250,NA,12,1,75,90,1,100,100,1,2,2,1,2,1,2,2,1,1,1,3,3,6,4,2,1,9,350,100,1,1,1,1,NA,4,12,5157,893,62.8
28,12484185,25.322576596,1,NA,NA,NA,NA,NA,NA,NA,NA,2,2,2,2,230000,2,2,NA,1500,NA,12,1,64,120,1,100,100,2,2,1,2,2,1,2,2,2,NA,1,6,4,3,NA,2,NA,240,335,130,5,2,1,1,30,3,4,5145,1132,54.3
28,1021652,90.622000825,1,NA,NA,NA,NA,NA,NA,NA,NA,2,2,2,2,29500,1,NA,NA,225,NA,12,2,85,20,2,100,100,NA,NA,NA,NA,NA,NA,NA,2,2,NA,1,NA,NA,NA,NA,NA,NA,6,3,3,1,2,2,2,NA,NA,1,115,4363,34.6
29,28039921,90.51747421,1,NA,NA,NA,NA,NA,NA,2,1,2,2,2,2,320000,2,1,NA,2500,NA,10,2,45,202,1,100,100,1,1,1,1,2,2,2,2,2,NA,1,17,3,8,6,11,4,360,556,16,4,1,1,1,18,10,5,4352,1421,87.6
29,1926637,360.21806967,1,NA,NA,NA,NA,NA,NA,NA,NA,2,2,2,2,17250,1,NA,NA,125,NA,11,2,50,13,1,100,100,2,2,2,2,1,1,2,2,2,NA,1,3,NA,NA,NA,2,NA,30,30,9,4,1,1,1,6,NA,1,3935,1430,111.7
28,5156665,73.063122805,1,NA,NA,NA,NA,NA,NA,NA,NA,2,2,2,2,160000,1,NA,NA,700,NA,12,2,50,82,1,100,100,1,1,1,1,2,2,2,2,2,NA,1,3,2,3,1,1,1,355,90,30,0,2,1,1,NA,2,3,2237,2550,32.2
28,9394575,84.055763395,1,NA,NA,NA,NA,NA,NA,NA,NA,2,2,2,2,138000,5,NA,NA,1500,NA,12,1,80,130,1,80,10,2,2,1,1,2,2,2,2,2,NA,1,NA,1,NA,NA,7,NA,150,400,100,4,2,1,1,30,2,10,3272,1558,68.1
28,8010999,171.86695171,1,NA,NA,NA,NA,NA,NA,NA,NA,2,2,2,2,128000,2,1,NA,600,NA,12,2,50,70,1,100,100,2,2,1,1,2,1,2,2,2,NA,1,30,1,10,2,5,2,440,0,100,0,1,1,1,25,NA,5,1829,3314,62.6
28,2810339,271.01509096,1,NA,NA,NA,NA,NA,NA,NA,NA,2,2,2,2,64000,2,NA,NA,350,NA,12,2,60,48,1,100,15,2,2,1,1,2,1,2,1,2,NA,1,5,2,NA,NA,1,NA,75,10,25,5,1,1,1,10,3,2,6104,793,43.9
29,11890606,499.1203535,1,NA,NA,NA,NA,NA,NA,NA,NA,2,2,2,2,215000,4,1,NA,800,NA,12,1,65,108,1,100,80,2,2,1,1,2,1,2,1,2,NA,2,10,3,NA,6,3,1,416,104,85,9,1,1,2,3,2,5,4919,740,55.3
28,5869985,171.86695171,1,NA,NA,NA,NA,NA,NA,NA,NA,2,2,2,2,180000,4,1,NA,1000,NA,11,1,45,45,1,98,98,2,2,1,1,2,2,2,2,2,NA,2,NA,2,NA,NA,NA,1,150,40,10,0,1,1,1,NA,1,1,2803,2449,32.6
28,4499416,647.9871845,1,NA,NA,NA,NA,NA,NA,NA,NA,2,2,2,2,80000,2,2,NA,600,NA,12,1,72,54,1,100,2,2,2,1,1,2,2,2,2,2,NA,1,6,2,NA,3,2,NA,35,20,12,1,1,1,1,6,2,6,5307,721,56.2
28,932303,125.65044,1,NA,NA,NA,NA,NA,NA,NA,NA,2,2,2,2,60000,2,NA,NA,500,NA,11,2,40,48,1,100,NA,2,2,1,1,2,1,2,2,2,NA,1,NA,NA,NA,NA,1,NA,58,81,36,0,1,1,1,4,1,4,6995,161,15.5
28,2784283,160.42583102,1,NA,NA,NA,NA,NA,NA,NA,NA,2,2,2,2,72000,1,NA,NA,800,NA,11,2,55,45,1,100,100,2,2,1,2,2,2,2,2,2,NA,1,NA,2,NA,5,2,NA,250,44,34,1,1,2,1,30,NA,4,3072,2263,38.7
28,6482839,366.15594072,1,NA,NA,NA,NA,NA,NA,NA,NA,2,2,2,2,92000,1,NA,NA,500,NA,12,1,70,93,1,100,100,2,2,1,1,2,1,2,2,2,NA,1,5,2,NA,NA,2,1,198,279,20,1,1,1,1,20,2,5,2740,2220,70.5
28,1544051,259.35186162,1,NA,NA,NA,NA,NA,NA,NA,NA,2,2,2,2,22250,4,NA,NA,225,NA,12,2,50,28,1,90,90,2,2,2,2,1,1,2,2,2,NA,1,NA,1,NA,NA,3,1,14,12,4,2,2,1,1,5,NA,1,762,3824,69.4
28,1303541,311.1344891,1,NA,NA,NA,NA,NA,NA,NA,NA,2,2,2,2,33500,1,NA,NA,175,NA,12,2,50,4,2,50,50,NA,NA,NA,NA,NA,NA,NA,2,2,NA,1,NA,NA,NA,1,1,NA,30,8,3,1,2,1,1,5,NA,2,814,3923,38.9
29,9414326,84.055763395,1,NA,NA,NA,NA,NA,NA,2,1,2,2,2,2,156000,2,1,NA,700,NA,12,1,90,110,1,100,10,2,2,1,2,1,2,2,2,2,NA,1,NA,2,NA,NA,2,NA,200,75,30,12,1,1,1,20,2,6,4463,891,60.3
28,2136346,125.65044,1,NA,NA,NA,NA,NA,NA,NA,NA,2,2,2,2,65000,2,1,NA,300,NA,12,1,60,73,2,100,100,NA,NA,NA,NA,NA,NA,NA,2,2,NA,1,2,NA,NA,NA,NA,NA,50,25,12,0,2,1,1,NA,NA,2,5252,1307,32.9
28,9738500,84.055763395,1,NA,NA,NA,NA,NA,NA,NA,NA,2,2,2,2,148000,2,1,NA,800,NA,11,1,56,110,1,100,95,2,2,1,2,1,1,2,2,2,NA,1,5,4,3,5,4,2,56,50,12,1,2,1,1,30,6,8,5066,1134,65.8
29,7138948,366.15594072,1,NA,NA,NA,NA,NA,NA,NA,NA,2,2,2,2,205000,1,NA,NA,1250,NA,12,2,50,122,1,100,99,2,2,2,1,1,1,2,2,2,NA,2,NA,1,NA,2,5,2,700,250,250,1,1,1,1,100,4,8,2960,1404,34.8
28,3656377,242.08690218,1,NA,NA,NA,NA,NA,NA,NA,NA,2,2,2,2,102000,1,NA,NA,700,NA,12,2,40,60,1,100,100,2,2,1,1,2,2,2,2,2,NA,2,NA,2,NA,3,2,1,150,50,5,1,1,1,2,46,1,2,3079,1324,35.8
28,1225061,503.86330813,1,NA,NA,NA,NA,NA,NA,NA,NA,2,2,2,2,18500,1,NA,NA,200,NA,10,2,40,10,2,100,100,NA,NA,NA,NA,NA,NA,NA,2,2,NA,1,NA,NA,NA,1,NA,1,30,4,10,0,2,2,1,4,NA,2,1397,808,66.2
28,588938,624.95414063,1,NA,NA,NA,NA,NA,NA,NA,NA,2,2,2,2,13000,2,1,NA,200,NA,10,2,45,10,2,100,100,NA,NA,NA,NA,NA,NA,NA,2,2,NA,NA,NA,NA,NA,NA,NA,NA,10,0,10,0,2,2,1,NA,NA,NA,644,4883,45.3
28,423234,484.85166373,1,NA,NA,NA,NA,NA,NA,NA,NA,2,2,2,2,6000,1,NA,NA,25,NA,12,2,55,5,2,100,100,NA,NA,NA,NA,NA,NA,NA,2,2,NA,1,2,NA,NA,NA,NA,NA,25,2,3,0,2,1,1,3,NA,NA,1739,2514,70.5
28,6736864,84.58932707,1,NA,NA,NA,NA,NA,NA,NA,NA,2,2,2,2,98000,1,NA,NA,800,NA,12,1,80,100,1,100,30,2,2,1,2,2,2,2,2,2,NA,1,NA,NA,NA,5,NA,NA,75,40,8,5,2,1,1,10,1,6,4514,721,68.7
28,2514306,503.86330813,1,NA,NA,NA,NA,NA,NA,NA,NA,2,2,2,2,41000,1,NA,NA,350,NA,10,2,45,20,1,100,100,2,2,1,2,2,2,2,2,2,NA,1,1,2,NA,2,1,1,100,20,20,0,1,1,1,20,2,2,1246,2974,61.3
28,2008628,242.08690218,1,NA,NA,NA,NA,NA,NA,NA,NA,2,2,2,2,44500,1,NA,NA,450,NA,9,2,45,55,1,100,15,2,2,1,2,1,1,2,2,2,NA,1,NA,2,NA,NA,1,NA,158,2,18,0,2,1,1,1,1,4,3655,1943,45.1
28,579979,2293.5899096,1,NA,NA,NA,NA,NA,NA,NA,NA,2,2,2,2,12000,1,NA,NA,125,NA,12,2,40,9,2,100,100,NA,NA,NA,NA,NA,NA,NA,2,2,NA,NA,NA,NA,NA,NA,NA,NA,40,0,4,0,2,2,1,NA,NA,NA,162,4619,48.3
28,1570216,212.42624205,1,NA,NA,NA,NA,NA,NA,NA,NA,2,2,2,2,42500,3,1,NA,600,NA,10,2,80,50,2,100,100,NA,NA,NA,NA,NA,NA,NA,2,2,NA,NA,NA,NA,NA,NA,NA,NA,200,2,40,2,2,2,2,13,NA,4,1022,1436,36.9
28,10628866,84.055763395,1,NA,NA,NA,NA,NA,NA,NA,NA,2,2,2,2,142000,2,1,NA,1250,NA,12,1,60,100,1,100,100,2,2,1,2,2,2,2,2,2,NA,1,24,2,NA,3,12,NA,350,100,50,5,1,1,1,60,NA,6,2882,2256,74.9
29,6775178,125.65044,1,NA,NA,NA,NA,NA,NA,NA,NA,2,2,2,2,150000,3,1,NA,300,NA,12,2,50,100,1,100,50,2,2,2,1,2,2,2,2,2,NA,2,NA,2,NA,NA,NA,NA,95,20,4,0,2,1,1,9,1,3,7063,776,45.2
28,3967908,239.38538189,1,NA,NA,NA,NA,NA,NA,NA,NA,2,2,2,2,73000,2,1,NA,500,NA,12,2,40,50,1,85,20,2,2,1,1,2,2,2,2,2,NA,1,2,2,NA,NA,1,NA,30,100,5,1,1,1,1,22,1,2,5643,882,54.4
29,83331,751.72654486,1,NA,NA,NA,NA,NA,NA,NA,NA,2,2,2,2,6600,1,NA,NA,100,NA,12,1,96,6,2,100,100,NA,NA,NA,NA,NA,NA,NA,2,2,NA,NA,NA,NA,NA,NA,NA,NA,50,4,3,0,2,1,2,1,NA,NA,1181,1091,12.6
28,6315927,207.13166685,1,NA,NA,NA,NA,NA,NA,NA,NA,2,2,2,2,67000,1,NA,NA,350,NA,12,1,60,40,1,100,100,2,2,1,2,2,2,2,2,2,NA,1,4,2,NA,NA,3,2,50,25,10,1,2,1,1,2,NA,2,5436,944,94.3
28,6585772,356.19828827,1,NA,NA,NA,NA,NA,NA,NA,NA,2,2,2,2,100000,3,1,NA,450,NA,12,2,40,35,1,90,90,2,2,1,2,1,1,2,2,2,NA,1,12,2,3,2,3,1,120,85,10,0,1,1,1,10,1,3,3452,2124,65.9
28,523652,1667.7551609,1,NA,NA,NA,NA,NA,NA,NA,NA,2,2,2,2,4800,2,NA,NA,45,NA,12,2,40,7,2,100,NA,NA,NA,NA,NA,NA,NA,NA,2,2,NA,2,1,NA,NA,NA,NA,NA,1,10,1,1,2,1,2,1,NA,1,10383,14,109.1
28,7021098,171.86695171,1,NA,NA,NA,NA,NA,NA,NA,NA,2,2,2,2,200001,4,4,NA,1000,NA,12,2,40,100,1,100,100,1,2,1,2,2,1,2,2,2,NA,1,30,2,NA,NA,3,2,350,30,250,5,1,1,1,20,2,6,3195,2310,35.1
29,1556137,207.13166685,1,NA,NA,NA,NA,NA,NA,NA,NA,2,2,2,2,23000,3,1,NA,225,NA,10,2,40,12,1,100,100,2,2,1,2,2,1,2,2,2,NA,1,2,NA,NA,2,NA,NA,55,12,7,1,2,1,1,15,1,3,5457,733,67.7
28,6834607,160.42583102,1,NA,NA,NA,NA,NA,NA,2,1,2,2,2,2,138000,1,NA,NA,800,NA,12,2,50,86,1,100,35,1,2,1,1,1,1,2,1,2,NA,1,10,2,NA,1,3,NA,290,5,40,3,2,1,1,2,1,3,7120,390,49.5
29,10843279,239.38538189,1,NA,NA,NA,NA,NA,NA,NA,NA,2,2,2,2,200000,2,NA,NA,1750,NA,12,2,50,50,1,100,100,1,2,1,1,2,2,2,2,2,NA,1,NA,1,NA,NA,3,2,414,6,4,0,1,2,2,NA,3,NA,2202,2151,54.2
28,8022162,179.59592524,1,NA,NA,NA,NA,NA,NA,NA,NA,2,2,2,2,126000,1,NA,NA,700,NA,12,1,100,85,1,90,90,1,2,1,2,2,2,2,2,2,NA,1,20,2,NA,6,3,2,250,60,45,3,1,1,1,NA,NA,6,4060,1420,63.7
28,6053449,139.16995492,1,NA,NA,NA,NA,NA,NA,NA,NA,2,2,2,2,80000,5,NA,NA,300,NA,8,2,55,64,1,100,10,2,2,1,2,2,2,2,2,2,NA,2,NA,NA,NA,5,2,NA,65,2,3,1,2,1,1,6,NA,3,4216,1135,75.7
28,1931331,360.21806967,1,NA,NA,NA,NA,NA,NA,NA,NA,2,2,2,2,37500,2,NA,NA,300,NA,12,1,50,23,1,100,90,2,2,1,2,2,1,2,2,2,NA,1,NA,NA,NA,1,NA,1,22,15,4,2,1,2,1,3,NA,2,4440,1774,51.5
28,7009345,242.08690218,1,NA,NA,NA,NA,NA,NA,NA,NA,2,2,2,2,138000,1,NA,NA,700,NA,12,2,60,121,1,100,100,2,2,1,1,2,1,2,2,2,NA,1,10,2,1,2,3,1,209,436,20,1,1,1,1,25,2,10,3502,1572,50.8
28,2001448,239.38538189,1,NA,NA,NA,NA,NA,NA,NA,NA,2,2,2,2,38500,1,NA,NA,450,NA,12,1,90,65,2,85,100,NA,NA,NA,NA,NA,NA,NA,2,2,NA,1,3,NA,NA,NA,1,NA,50,150,25,1,2,2,1,1,NA,2,6923,839,52
28,5139260,171.86695171,1,NA,NA,NA,NA,NA,NA,NA,NA,2,2,2,2,82000,1,NA,NA,900,NA,12,1,70,79,1,95,100,2,2,1,1,2,2,2,2,2,NA,2,NA,2,NA,NA,2,1,32,10,3,1,1,2,1,11,1,6,564,4030,62.7
29,20725675,84.055763395,1,NA,NA,NA,NA,NA,NA,NA,NA,2,2,2,2,260000,3,2,NA,1500,NA,10,1,60,132,1,100,100,1,2,1,1,2,1,2,1,1,1,2,NA,2,NA,4,6,NA,1000,200,75,2,2,1,1,200,6,10,3584,2106,79.7
28,2845417,207.13166685,1,NA,NA,NA,NA,NA,NA,NA,NA,2,2,2,2,55000,3,1,NA,600,NA,12,2,40,40,2,100,80,NA,NA,NA,NA,NA,NA,NA,2,2,NA,2,NA,NA,NA,2,NA,NA,200,150,10,3,2,1,1,3,1,4,3273,2114,51.7
28,2405819,239.38538189,1,NA,NA,NA,NA,NA,NA,NA,NA,2,2,2,2,215000,1,NA,NA,1000,NA,12,2,50,100,1,85,80,2,2,1,1,2,1,2,2,2,NA,1,6,3,NA,4,13,2,250,600,25,10,1,1,1,50,5,8,4946,1230,11.2
28,4886186,139.16995492,1,NA,NA,NA,NA,NA,NA,NA,NA,2,2,2,2,65000,2,1,NA,400,NA,12,2,50,30,1,100,25,1,2,1,2,2,2,2,2,2,NA,1,NA,NA,NA,NA,3,NA,100,10,5,1,2,1,1,5,1,NA,5163,1023,75.2
29,29637659,160.42583102,1,NA,NA,NA,NA,NA,NA,NA,NA,2,2,2,2,405000,3,2,NA,2250,NA,12,1,104,150,1,100,90,1,2,1,1,1,1,2,2,1,1,1,5,2,2,16,6,NA,300,150,30,35,2,1,1,10,6,4,5828,1163,73.2
28,3904799,207.13166685,1,NA,NA,NA,NA,NA,NA,NA,NA,2,2,2,2,60000,1,NA,NA,800,NA,12,2,80,40,1,100,100,2,2,2,1,1,2,2,2,2,NA,2,NA,2,NA,1,2,1,10,200,10,3,1,2,1,3,NA,4,5555,1145,65.1
29,10233558,16.829059837,1,NA,NA,NA,NA,NA,NA,NA,NA,2,2,2,2,120000,2,1,NA,1000,NA,9,2,65,45,1,100,10,1,2,1,1,2,1,2,2,2,NA,1,NA,1,NA,NA,2,1,60,0,20,2,2,1,2,45,2,3,5224,1129,85.3
28,871360,751.72654486,1,NA,NA,NA,NA,NA,NA,NA,NA,2,2,2,2,26000,2,NA,NA,250,NA,12,2,55,22,2,100,100,NA,NA,NA,NA,NA,NA,NA,2,2,NA,1,NA,NA,NA,NA,NA,NA,35,8,4,2,1,2,2,2,NA,NA,3420,2094,33.5
28,10523644,139.16995492,1,NA,NA,NA,NA,NA,NA,NA,NA,2,2,2,2,180000,4,1,NA,800,NA,12,2,30,80,1,86,2,2,2,1,2,2,2,2,2,2,NA,1,5,1,NA,NA,2,1,153,2,12,1,2,1,1,10,2,4,5925,647,58.5
28,2711226,209.09996186,1,NA,NA,NA,NA,NA,NA,NA,NA,2,2,2,2,81000,1,NA,NA,450,NA,10,2,40,40,2,100,100,NA,NA,NA,NA,NA,NA,NA,2,2,NA,1,NA,NA,NA,NA,2,NA,145,50,6,0,2,1,1,4,NA,2,3055,1467,33.5
28,1993689,242.08690218,1,NA,NA,NA,NA,NA,NA,NA,NA,2,2,2,2,62000,1,NA,NA,450,NA,11,2,40,43,1,100,NA,2,2,2,1,2,2,2,2,2,NA,1,10,2,NA,2,2,1,65,93,3,1,1,1,2,6,NA,3,7718,468,32.2
28,8193344,207.13166685,1,NA,NA,NA,NA,NA,NA,NA,NA,2,2,2,2,65000,2,1,NA,400,NA,12,2,60,43,1,100,100,2,2,1,1,2,2,2,2,2,NA,1,1,2,2,NA,7,1,250,33,27,2,2,1,1,10,NA,4,4071,1803,126.1
29,899115,484.85166373,1,NA,NA,NA,NA,NA,NA,NA,NA,2,2,2,2,16750,1,NA,NA,90,NA,9,2,40,3,2,100,70,NA,NA,NA,NA,NA,NA,NA,2,2,NA,NA,NA,NA,NA,NA,NA,NA,3,0,2,0,NA,NA,2,3,NA,NA,2454,2701,53.7
28,3045174,133.33774762,1,NA,NA,NA,NA,NA,NA,NA,NA,2,2,2,2,45500,1,NA,NA,250,NA,12,2,40,25,1,100,100,2,2,1,2,2,2,2,2,2,NA,2,NA,NA,3,NA,1,1,200,2,2,4,2,2,1,NA,NA,NA,2835,2101,66.9
28,902589,653.05875273,1,NA,NA,NA,NA,NA,NA,NA,NA,2,2,2,2,36500,2,NA,NA,225,NA,12,2,70,14,1,100,40,2,2,2,2,1,1,2,2,2,NA,1,NA,NA,NA,1,NA,NA,50,3,6,1,2,1,1,NA,NA,1,5907,1091,24.7
28,3144203,360.21806967,1,NA,NA,NA,NA,NA,NA,NA,NA,2,2,2,2,38500,1,NA,NA,200,NA,12,2,50,38,1,100,15,2,2,1,2,1,1,2,2,2,NA,2,NA,NA,NA,4,2,NA,75,10,12,1,2,1,1,25,1,3,2870,2389,81.7
28,9541185,239.38538189,1,NA,NA,NA,NA,NA,NA,NA,NA,2,2,2,2,69000,1,NA,NA,900,NA,10,2,80,70,1,100,33,2,2,2,1,2,2,2,2,2,NA,1,NA,1,NA,NA,2,NA,140,85,20,1,2,2,1,1,2,5,5579,921,138.3
28,1833129,313.28621931,1,NA,NA,NA,NA,NA,NA,2,1,2,2,2,2,47000,3,1,NA,250,NA,12,1,75,32,1,100,NA,2,2,1,2,2,1,2,2,2,NA,1,NA,1,NA,NA,NA,NA,4,200,8,2,2,2,1,2,NA,2,5287,454,39
28,3804215,239.38538189,1,NA,NA,NA,NA,NA,NA,1,1,2,2,2,2,74000,2,1,NA,450,NA,11,2,60,45,1,100,80,2,2,1,2,1,1,2,2,2,NA,1,NA,1,NA,NA,1,NA,85,6,10,2,1,1,1,13,NA,4,7538,756,51.4
28,3745165,242.08690218,1,NA,NA,NA,NA,NA,NA,NA,NA,2,2,2,2,73000,1,NA,NA,600,NA,12,1,35,75,1,100,100,2,2,1,2,2,2,2,2,2,NA,1,2,1,NA,NA,1,1,131,230,51,1,2,2,1,42,1,6,4546,1130,51.3
28,14467211,84.055763395,1,NA,NA,NA,NA,NA,NA,NA,NA,2,2,2,2,225000,2,1,NA,1250,NA,12,2,50,60,1,100,75,1,2,2,1,1,1,2,2,1,1,1,12,4,2,4,2,1,120,100,4,3,1,1,1,20,2,NA,7283,611,64.3
28,15432306,84.055763395,1,NA,NA,NA,NA,NA,NA,NA,NA,2,2,2,2,240000,2,1,NA,2500,NA,10,2,45,168,1,100,100,2,2,1,1,2,1,2,2,2,NA,2,NA,2,NA,10,4,NA,200,50,3,1,2,1,1,6,NA,3,5610,1279,64.3
28,1696748,360.21806967,1,NA,NA,NA,NA,NA,NA,NA,NA,2,2,2,2,31500,1,NA,NA,350,NA,9,2,45,51,1,100,5,2,2,2,2,1,2,2,2,2,NA,2,NA,NA,NA,1,NA,NA,112,66,21,2,2,1,1,23,1,2,6834,544,53.9
28,812208,138.56608864,1,NA,NA,NA,NA,NA,NA,NA,NA,2,2,2,2,26000,1,NA,NA,400,NA,11,1,48,32,1,90,90,1,2,2,1,2,1,2,1,2,NA,1,4,1,4,NA,NA,1,51,16,18,0,1,1,1,2,NA,2,3251,161,31.2
29,12582725,84.055763395,1,NA,NA,NA,NA,NA,NA,NA,NA,2,2,2,2,215000,2,1,NA,1500,NA,10,1,40,150,1,100,70,2,2,1,1,2,1,2,2,1,1,2,12,2,NA,6,4,1,400,180,49,4,2,1,1,25,3,2,5013,1387,58.5
29,1538370,356.19828827,1,NA,NA,NA,NA,NA,NA,NA,NA,2,2,2,2,67000,1,NA,NA,600,NA,12,2,85,40,2,100,100,NA,NA,NA,NA,NA,NA,NA,1,2,NA,1,1,NA,NA,NA,NA,NA,100,40,30,1,2,1,2,30,NA,2,5955,814,23
28,813080,316.26326145,1,NA,NA,NA,NA,NA,NA,NA,NA,2,2,2,2,20000,1,NA,NA,300,NA,12,2,50,15,2,100,100,NA,NA,NA,NA,NA,NA,NA,2,2,NA,NA,NA,NA,NA,NA,NA,NA,25,11,2,0,2,2,1,11,NA,1,1364,1347,40.7
29,33648486,139.16995492,1,NA,NA,NA,NA,NA,NA,NA,NA,2,2,2,2,330000,4,3,NA,1750,NA,12,1,86,225,1,100,95,1,2,1,1,2,1,1,1,1,1,1,5,2,1,5,7,5,275,104,125,20,1,1,1,10,4,8,6835,952,102
28,7070920,84.055763395,1,NA,NA,NA,NA,NA,NA,NA,NA,2,2,2,2,200000,5,1,NA,2250,NA,10,2,45,200,1,100,75,2,2,1,2,1,2,2,1,2,NA,1,6,1,4,5,6,NA,200,75,3,2,1,2,1,3,NA,3,3945,1515,35.4
28,4617877,139.16995492,1,NA,NA,NA,NA,NA,NA,NA,NA,2,2,2,2,80000,2,1,NA,800,NA,9,1,70,50,1,100,80,2,2,1,2,1,1,2,2,2,NA,1,5,NA,3,NA,1,2,126,25,32,0,1,1,1,25,3,5,5626,658,57.7
28,1133756,503.86330813,1,NA,NA,NA,NA,NA,NA,NA,NA,2,2,2,2,24250,1,NA,NA,150,NA,9,2,40,35,2,100,100,NA,NA,NA,NA,NA,NA,NA,2,2,NA,NA,NA,NA,NA,NA,NA,NA,10,0,0,0,2,2,2,NA,NA,NA,983,3516,46.8
29,5235000,362.06989684,1,NA,NA,NA,NA,NA,NA,NA,NA,2,2,2,2,100000,1,NA,NA,800,NA,12,2,50,35,1,100,100,1,2,1,1,2,1,2,2,2,NA,1,NA,2,NA,NA,NA,1,185,5,3,0,1,2,1,NA,2,1,2755,1768,52.4
28,3654537,242.08690218,1,NA,NA,NA,NA,NA,NA,NA,NA,2,2,2,2,77000,1,NA,NA,700,NA,12,1,60,82,1,100,100,2,2,1,2,2,1,2,2,2,NA,1,NA,2,NA,2,1,1,50,10,50,2,1,1,1,10,1,2,4015,1545,47.5
28,2004989,139.16995492,1,NA,NA,NA,NA,NA,NA,NA,NA,2,2,2,2,34000,1,NA,NA,400,NA,12,2,60,50,1,100,100,2,2,1,2,2,1,2,2,2,NA,1,12,NA,NA,NA,NA,NA,65,150,20,1,1,1,1,NA,1,2,5056,1017,59
29,9898844,403.26234933,1,NA,NA,NA,NA,NA,NA,NA,NA,2,2,2,2,52000,1,NA,NA,350,NA,10,2,44,40,2,100,100,NA,NA,NA,NA,NA,NA,NA,2,2,NA,1,NA,NA,NA,NA,2,NA,6,1,15,3,2,2,1,12,NA,2,4112,978,190.4
29,25384681,84.055763395,1,NA,NA,NA,NA,NA,NA,NA,NA,2,2,2,2,180000,7,4,NA,1500,NA,12,2,50,80,1,100,20,2,2,1,2,1,2,2,2,2,NA,1,NA,3,NA,NA,5,2,300,150,20,0,2,2,1,NA,NA,10,3621,1740,141
29,15671097,179.59592524,1,NA,NA,NA,NA,NA,NA,NA,NA,2,2,2,2,198000,3,1,NA,2250,NA,12,1,55,125,1,100,100,1,2,1,1,1,1,2,1,2,NA,1,2,2,NA,NA,7,2,75,80,0,1,1,1,1,85,6,6,6227,966,79.1
28,8947019,94.697333741,1,NA,NA,NA,NA,NA,NA,NA,NA,2,2,2,2,275000,2,1,NA,900,NA,12,2,70,112,1,100,10,1,2,1,1,2,1,2,1,2,NA,1,4,3,NA,2,3,1,250,200,84,15,1,1,1,30,5,10,5731,699,32.5
29,2897728,139.16995492,1,NA,NA,NA,NA,NA,NA,NA,NA,2,2,2,2,198000,2,1,NA,2500,NA,12,1,96,150,1,100,100,2,2,1,2,2,2,2,2,2,NA,1,4,2,5,3,7,1,174,151,57,1,2,2,2,30,2,7,1166,1167,14.6
28,1836989,209.09996186,1,NA,NA,NA,NA,NA,NA,NA,NA,2,2,2,2,73000,1,NA,NA,700,NA,10,2,45,53,1,100,94,2,2,1,1,2,1,2,2,2,NA,1,NA,2,2,4,2,2,56,117,8,7,1,1,1,3,3,3,2942,2023,25.2
28,902868,360.21806967,1,NA,NA,NA,NA,NA,NA,NA,NA,2,2,2,2,33000,1,NA,NA,250,NA,10,2,50,23,2,85,70,NA,NA,NA,NA,NA,NA,NA,2,2,NA,1,NA,NA,NA,1,NA,NA,6,5,4,0,2,2,1,1,NA,1,4571,1745,27.4
29,15499859,207.13166685,1,NA,NA,NA,NA,NA,NA,1,1,2,2,2,2,240000,2,2,NA,2000,NA,12,1,85,140,1,100,80,1,2,1,1,1,1,2,1,2,NA,1,20,2,NA,4,10,4,350,300,120,1,1,1,1,70,4,4,5206,1148,64.6
28,6185250,139.16995492,1,NA,NA,NA,NA,NA,NA,NA,NA,2,2,2,2,80000,4,NA,NA,600,NA,12,1,65,90,1,100,15,2,2,1,2,1,2,2,2,2,NA,1,6,NA,NA,10,1,NA,40,30,10,1,2,1,1,NA,NA,3,4192,1145,77.3
28,6698785,133.33774762,1,NA,NA,NA,NA,NA,NA,NA,NA,2,2,2,2,95000,2,NA,NA,400,NA,12,1,50,35,2,100,100,NA,NA,NA,NA,NA,NA,NA,2,2,NA,1,20,NA,NA,NA,NA,2,300,40,5,5,1,2,1,12,1,4,4855,1595,70.5
28,6127335,532.96366558,1,NA,NA,NA,NA,NA,NA,NA,NA,2,2,2,2,63000,1,NA,NA,500,NA,12,2,60,30,1,100,100,2,2,1,2,1,2,2,2,2,NA,1,12,2,NA,NA,NA,1,88,50,24,2,2,1,1,20,1,3,3200,1389,97.3
28,5084922,84.055763395,1,NA,NA,NA,NA,NA,NA,NA,NA,2,2,2,2,114000,4,NA,NA,1000,NA,10,2,40,100,1,100,99,2,2,2,1,2,2,2,2,2,NA,2,NA,NA,NA,14,NA,NA,52,24,52,1,2,2,1,NA,NA,7,4356,1415,44.6
28,3098855,356.19828827,1,NA,NA,NA,NA,NA,NA,NA,NA,2,2,2,2,48000,3,NA,NA,600,NA,12,2,40,40,2,100,2,NA,NA,NA,NA,NA,NA,NA,2,2,NA,1,NA,NA,NA,NA,1,NA,6,20,13,0,2,1,1,NA,NA,1,6379,887,64.6
28,4718277,356.19828827,1,NA,NA,NA,NA,NA,NA,NA,NA,2,2,2,2,71000,2,1,NA,450,NA,12,2,50,45,1,100,100,2,2,1,2,1,1,2,2,2,NA,2,NA,NA,NA,5,2,NA,55,15,15,1,2,1,1,25,1,3,2956,2038,66.5
28,4206010,239.38538189,1,NA,NA,NA,NA,NA,NA,NA,NA,2,2,2,2,68000,3,NA,NA,700,NA,12,2,40,85,2,100,2,NA,NA,NA,NA,NA,NA,NA,2,2,NA,1,20,NA,NA,NA,1,NA,6,90,0,5,1,1,1,3,NA,4,6018,707,61.9
28,28013392,139.16995492,1,NA,NA,NA,NA,NA,NA,NA,NA,2,2,2,2,380000,3,2,NA,1750,NA,12,1,80,235,1,90,40,2,2,1,1,2,2,2,2,2,NA,1,25,2,NA,NA,4,NA,200,50,200,6,1,1,1,20,4,12,4466,1013,73.7
29,10457090,84.055763395,1,NA,NA,NA,NA,NA,NA,NA,NA,2,2,2,2,255000,3,1,NA,2250,NA,12,2,40,100,1,100,90,2,2,1,1,2,1,2,2,2,NA,2,NA,1,6,6,3,1,20,200,20,1,2,1,1,NA,10,3,3438,1632,41
29,46878698,15.945623796,1,NA,NA,NA,NA,NA,NA,NA,NA,2,2,2,2,500000,3,2,NA,1250,NA,12,1,75,135,1,90,30,1,2,1,1,1,1,2,2,1,1,1,25,4,3,5,4,2,100,50,3,15,1,1,1,15,3,3,5082,927,93.8
28,2246814,239.38538189,1,NA,NA,NA,NA,NA,NA,NA,NA,2,2,2,2,42500,2,1,NA,500,NA,12,2,45,26,1,100,25,2,2,1,1,2,1,2,2,2,NA,2,NA,2,NA,4,NA,NA,85,40,10,0,2,1,1,5,1,3,5466,964,52.9
29,12849047,138.56608864,1,NA,NA,NA,NA,NA,NA,NA,NA,2,2,2,2,184000,1,NA,NA,1500,NA,12,2,40,120,1,100,100,2,2,1,1,2,1,2,2,2,NA,1,30,2,NA,NA,4,1,300,200,150,3,1,1,1,75,4,3,2301,2639,69.8
28,3675498,20.205734119,1,NA,NA,NA,NA,NA,NA,NA,NA,2,2,2,2,136000,1,NA,NA,700,NA,12,2,35,54,1,100,100,2,2,1,1,2,1,2,2,2,NA,1,NA,4,1,NA,NA,1,122,37,5,10,1,1,1,35,2,4,2369,1697,27
29,16003081,15.945623796,1,NA,NA,NA,NA,NA,NA,NA,NA,2,2,2,2,265000,3,1,NA,2000,NA,12,2,47,193,1,100,85,1,2,1,1,1,2,2,2,2,NA,1,12,4,4,3,15,3,450,40,190,3,1,1,1,70,4,10,3496,1393,60.4
28,8407237,84.055763395,1,NA,NA,NA,NA,NA,NA,NA,NA,2,2,2,2,152000,1,NA,NA,1250,NA,12,2,50,84,1,100,90,2,2,1,1,2,1,2,2,2,NA,1,24,2,4,3,2,NA,81,309,51,4,1,1,2,42,2,5,6469,770,55.3
28,9253896,143.94634909,1,NA,NA,NA,NA,NA,NA,NA,NA,2,2,2,2,138000,2,1,NA,1000,NA,12,1,95,150,1,100,100,1,2,1,1,2,2,2,1,2,NA,1,NA,1,NA,2,3,1,100,10,25,6,1,1,1,5,NA,7,3789,1620,67.1
28,2935831,366.15594072,1,NA,NA,NA,NA,NA,NA,NA,NA,2,2,2,2,78000,1,NA,NA,800,NA,12,2,50,81,1,100,100,2,2,1,1,2,1,2,2,2,NA,1,1,2,NA,NA,2,1,52,50,13,2,1,1,1,NA,2,1,2457,1722,37.6
28,3742002,209.09996186,1,NA,NA,NA,NA,NA,NA,NA,NA,2,2,2,2,106000,1,NA,NA,900,NA,9,2,45,35,1,100,100,1,2,1,1,2,1,2,2,2,NA,2,NA,2,NA,NA,4,2,167,126,129,2,1,1,1,71,3,NA,803,3676,35.3
29,12701395,171.86695171,1,NA,NA,NA,NA,NA,NA,NA,NA,2,2,2,2,305000,6,2,NA,1500,NA,12,1,35,130,1,100,100,2,2,1,1,1,1,2,1,2,NA,1,NA,2,NA,2,6,2,500,60,50,20,1,1,2,12,NA,9,712,3700,41.6
28,1566816,503.86330813,1,NA,NA,NA,NA,NA,NA,NA,NA,2,2,2,2,24250,1,NA,NA,200,NA,12,2,35,37,1,100,100,2,2,1,2,2,1,2,2,2,NA,1,NA,NA,NA,3,1,NA,50,20,20,0,2,1,1,NA,1,2,2478,2568,64.6
28,3142225,160.42583102,1,NA,NA,NA,NA,NA,NA,NA,NA,2,2,2,2,104000,1,NA,NA,700,NA,9,2,45,80,1,100,98,2,2,1,2,2,1,2,2,2,NA,1,NA,2,NA,4,1,1,100,20,75,2,1,1,1,65,4,5,1959,2070,30.2
28,1708300,751.72654486,1,NA,NA,NA,NA,NA,NA,NA,NA,2,2,2,2,47500,3,NA,NA,450,NA,12,2,62,65,1,50,50,1,2,2,1,2,1,2,2,2,NA,1,1,2,NA,NA,NA,NA,183,12,20,1,2,1,1,2,NA,5,1080,1365,36
28,1378512,385.90781293,1,NA,NA,NA,NA,NA,NA,NA,NA,2,2,2,2,18000,3,1,NA,200,NA,12,1,66,30,2,75,75,NA,NA,NA,NA,NA,NA,NA,2,2,NA,1,NA,NA,NA,NA,1,NA,7,200,16,6,2,1,1,3,NA,4,767,3840,76.6
28,4299954,360.21806967,1,NA,NA,NA,NA,NA,NA,NA,NA,2,2,2,2,88000,1,NA,NA,800,NA,12,2,40,81,1,100,95,1,2,1,1,2,2,2,2,2,NA,1,8,3,NA,NA,6,3,200,10,80,2,2,1,1,80,2,5,4421,1252,48.9
28,2001209,499.1203535,1,NA,NA,NA,NA,NA,NA,NA,NA,2,2,2,2,27000,3,NA,NA,250,NA,12,2,40,33,1,80,60,2,2,1,1,2,2,2,2,2,NA,1,10,NA,NA,NA,1,NA,10,125,30,2,2,2,1,15,NA,2,5731,701,74.1
28,5679198,139.16995492,1,NA,NA,NA,NA,NA,NA,NA,NA,2,2,2,2,92000,2,1,NA,700,NA,12,2,40,50,1,100,90,2,2,1,1,2,1,2,2,2,NA,2,NA,1,3,3,2,1,12,75,15,1,2,1,1,NA,3,2,4268,1372,61.7
28,472698,1849.1849629,1,NA,NA,NA,NA,NA,NA,NA,NA,2,2,2,2,7500,1,NA,NA,125,NA,12,2,60,7,1,100,100,1,2,2,2,2,2,2,2,2,NA,1,NA,NA,NA,NA,NA,NA,35,0,3,1,2,1,2,2,NA,1,1144,2932,63
28,1203460,583.35116997,1,NA,NA,NA,NA,NA,NA,NA,NA,2,2,2,2,22500,1,NA,NA,350,NA,9,2,35,18,2,100,100,NA,NA,NA,NA,NA,NA,NA,2,2,NA,2,8,NA,NA,NA,1,NA,65,0,13,15,2,1,2,NA,NA,2,2704,1898,53.5
28,1641431,311.1344891,1,NA,NA,NA,NA,NA,NA,NA,NA,2,2,2,2,84000,1,NA,NA,400,NA,10,2,40,51,1,100,95,1,2,1,1,2,1,2,2,2,NA,1,NA,1,NA,NA,3,NA,143,17,29,0,1,1,1,NA,2,4,6253,173,19.5
29,11870552,84.055763395,1,NA,NA,NA,NA,NA,NA,NA,NA,2,2,2,2,126000,2,1,NA,1250,NA,12,2,40,72,1,100,100,1,2,1,1,2,1,2,2,2,NA,2,NA,1,NA,1,NA,2,6,8,6,3,1,1,1,20,2,6,5057,1216,94.2
28,6055410,139.16995492,1,NA,NA,NA,NA,NA,NA,NA,NA,2,2,2,2,84000,3,1,NA,200,NA,12,1,50,30,1,100,100,2,2,1,2,2,2,2,2,2,NA,2,NA,1,NA,NA,NA,NA,35,20,5,0,2,1,1,2,NA,2,2265,1830,72.1
29,10307682,139.16995492,1,NA,NA,NA,NA,NA,NA,NA,NA,2,2,2,2,118000,3,2,NA,600,NA,10,1,40,120,1,100,50,2,2,1,1,2,1,1,1,2,NA,1,4,2,1,4,3,1,100,50,6,4,1,1,1,35,2,4,5669,809,87.4
28,822549,499.1203535,1,NA,NA,NA,NA,NA,NA,NA,NA,2,2,2,2,10750,2,NA,NA,125,NA,12,2,40,20,2,100,NA,NA,NA,NA,NA,NA,NA,NA,2,2,NA,1,NA,NA,NA,NA,NA,NA,2,12,1,0,2,2,1,6,NA,1,5669,1094,76.5
29,25018878,125.65044,1,NA,NA,NA,NA,NA,NA,NA,NA,2,2,2,2,235000,3,3,NA,1000,NA,12,1,70,120,1,100,100,2,2,1,1,2,1,2,2,1,1,2,NA,2,NA,8,6,1,600,75,50,27,1,1,1,80,3,3,5643,1144,106.5
29,18972597,125.65044,1,NA,NA,NA,NA,NA,NA,NA,NA,2,2,2,2,215000,2,1,NA,1000,NA,12,2,40,75,1,100,100,2,2,2,1,2,2,2,2,2,NA,1,NA,1,NA,NA,4,2,150,25,50,2,2,1,1,50,2,3,6894,748,88.2
29,20720101,84.055763395,1,NA,NA,NA,NA,NA,NA,NA,NA,2,2,2,2,176000,2,1,NA,400,NA,12,1,70,79,1,100,40,2,2,1,1,2,2,2,2,2,NA,1,6,2,NA,NA,6,NA,219,48,12,8,1,1,1,30,4,12,5085,1129,117.7
28,7521716,356.19828827,1,NA,NA,NA,NA,NA,NA,NA,NA,2,2,2,2,108000,3,1,NA,600,NA,12,2,40,62,1,100,95,1,2,1,1,2,2,2,2,2,NA,1,3,2,NA,NA,4,1,212,83,59,0,2,1,1,50,2,4,3210,1149,69.6
28,6680105,84.055763395,1,NA,NA,NA,NA,NA,NA,NA,NA,2,2,2,2,142000,4,1,NA,1250,NA,12,1,85,65,1,100,99,2,2,1,1,2,1,2,2,2,NA,1,4,2,3,6,4,2,320,120,72,15,1,1,1,6,3,1,3257,1815,47
29,3979422,158.29956057,2,14,17,NA,33,67,NA,NA,NA,2,2,2,2,27000,3,2,NA,150,NA,12,1,96,15,1,100,100,1,2,1,2,2,2,2,2,2,NA,2,NA,1,NA,NA,3,NA,8,9,4,0,2,1,2,4,2,NA,5812,552,147.4
28,3328167,177.34464265,2,13,17,18,20,60,10,NA,NA,2,2,2,2,73000,4,1,NA,500,NA,12,2,40,45,1,100,15,2,2,1,2,2,1,2,2,2,NA,1,1,NA,NA,4,NA,NA,36,4,6,1,2,2,1,3,NA,2,5745,729,45.6
28,2465697,120.94951517,2,17,18,NA,55,45,NA,NA,NA,2,2,2,2,80000,3,NA,NA,400,NA,12,1,72,30,1,100,95,2,2,2,1,2,2,2,1,2,NA,2,NA,1,NA,5,NA,1,80,4,10,1,1,1,1,5,NA,2,4622,1578,30.8
28,9488656,52.146233763,2,17,18,NA,55,45,NA,1,2,2,2,2,2,215000,2,1,NA,1000,NA,12,1,110,140,1,100,100,1,2,1,2,2,1,2,2,2,NA,1,2,1,NA,6,7,2,218,30,25,19,1,2,1,30,2,NA,5043,1013,44.1
