"SqFt","OpenHours","WorkersCnt","ComputersCnt","IsBank","CooledPercent","CDD65","SOURCE_EUI","SourceEnergy","FINALWT","SourceEnergyLog"
-66462.98,5.7,-209.33,-302.04,"No",9.64,1227.92,187.32,7024363.5,653.84,15.76
496037.02,9.7,1265.67,1395.96,"No",9.64,72.92,257.53,154516125.89,23.25,18.86
-32962.98,-2.3,-110.33,-125.04,"No",1.64,-519.08,131.16,9312410.82,360.22,16.05
291037.02,3.7,865.67,1084.96,"No",9.64,323.92,229.62,90699590.61,48.84,18.32
46037.02,-2.3,-34.33,-64.04,"No",4.64,231.92,237.86,35679153.12,24.43,17.39
-87462.98,-17.3,-222.33,-306.04,"No",9.64,-81.08,314.87,5195395.1,1117.74,15.46
896037.02,105.7,3265.67,4181.96,"No",9.64,-412.08,269.44,269439803.4,15.95,19.41
696037.02,-2.3,2139.67,3429.96,"No",9.64,188.92,162.31,129849378.4,25.32,18.68
191037.02,27.7,965.67,791.96,"Yes",-5.36,-657.08,129.29,38140115.73,86.87,17.46
-93712.98,-22.3,-220.33,-309.04,"No",-10.36,-741.08,215.84,2212380.97,1155.43,14.61
-94062.98,-22.3,-217.33,-313.04,"No",9.64,-705.08,80.86,800482.9,1559.83,13.59
-102762.98,-22.3,-231.33,-327.04,"No",-10.36,167.92,149.25,179100.25,1667.76,12.1
-99012.98,-18.3,-228.33,-322.04,"No",9.64,-1227.08,63.11,312379.9,1868.4,12.65
-100862.98,105.7,-231.33,-325.04,"No",9.64,-949.08,87.92,272554.74,1868.4,12.52
-83962.98,-22.3,-214.33,-302.04,"No",-50.36,465.92,36.71,734197.1,692.22,13.51
56037.02,-22.3,315.67,669.96,"No",9.64,-1392.08,1044.59,167134595.3,52.66,18.93
376037.02,0.7,1265.67,786.96,"Yes",-5.36,-572.08,271.54,130341493.55,16.67,18.69
-62962.98,-2.3,-134.33,-197.04,"No",9.64,2353.92,188.45,7726446,74.84,15.86
2037.02,-12.3,40.67,99.96,"No",9.64,-646.08,131.77,13968016.65,181.07,16.45
-101662.98,-7.3,-228.33,-316.04,"Yes",9.64,-830.08,230.81,530866,1851.67,13.18
-97962.98,18.7,-227.33,-319.04,"No",-15.36,-200.08,145.91,875481.6,1807.46,13.68
-88962.98,-22.3,-214.33,-297.04,"No",-60.36,127.92,404.03,6060468.4,1807.46,15.62
151037.02,-8.3,119.67,228.96,"No",-58.36,173.92,48.7,12418980.89,48.84,16.33
-102762.98,-3.3,-233.33,-328.04,"No",-60.36,492.92,20.32,24379.6,1451.62,10.1
496037.02,-2.3,1265.67,2119.96,"No",4.64,-1481.08,144.51,86704648.43,23.72,18.28
-96462.98,-26.3,-231.33,-322.04,"No",-24.36,-365.08,19.28,144607.4,1729.17,11.88
18037.02,105.7,415.67,994.96,"Yes",9.64,1397.92,553.35,67508780.37,183.79,18.03
68037.02,-2.3,285.67,266.96,"No",9.64,-1045.08,187.62,32271029.35,53.72,17.29
-89962.98,-22.3,-169.33,-198.04,"No",9.64,-334.08,512.96,7181507.2,1117.74,15.79
54037.02,-7.3,330.67,694.96,"No",9.64,299.92,135.28,21374915.68,50.32,16.88
-23962.98,-12.3,-184.33,-299.04,"No",9.64,-719.08,33.12,2649803.1,312.37,14.79
-13962.98,-12.3,15.67,-6.04,"No",9.64,-215.08,257.33,23159661.28,158.3,16.96
-88962.98,21.7,-204.33,-276.04,"No",9.64,1990.92,284.04,4260629.8,624.95,15.26
-61962.98,-7.3,-143.33,-184.04,"No",7.64,982.92,286.99,12053461,385.91,16.3
-100312.98,-7.3,-227.33,-322.04,"No",9.64,107.92,123.91,452273.5,1828.05,13.02
86037.02,105.7,365.67,169.96,"No",-30.36,-1338.08,367.81,69883542.93,50.32,18.06
-73962.98,-12.3,-184.33,-155.04,"No",9.64,2481.92,179.49,5384610,48.84,15.5
286037.02,-2.3,965.67,1670.96,"No",9.64,1908.92,163.74,63858671.1,48.84,17.97
-78962.98,-18.3,-184.33,-259.04,"No",9.64,-615.08,128.2,3204948.25,908.28,14.98
-101362.98,-22.3,-227.33,-322.04,"No",9.64,-405.08,113.69,295601.6,1667.76,12.6
-95762.98,-2.3,-226.33,-318.04,"No",-40.36,-1047.08,54.02,442976.1,1868.4,13
-27962.98,-2.3,-159.33,-238.04,"No",9.64,-925.08,156.66,11906000.4,126.27,16.29
-101762.98,-17.3,-227.33,-321.04,"No",4.64,-396.08,106.77,234901.8,1667.76,12.37
18037.02,-3.3,265.67,373.96,"No",9.64,27.92,250.12,30514820,148.3,17.23
22037.02,3.7,115.67,279.96,"No",9.64,119.92,258.74,32601153.2,64.48,17.3
211037.02,105.7,865.67,2509.96,"No",9.64,-733.08,85.82,27033388.75,52.15,17.11
-100662.98,-18.3,-233.33,-329.04,"No",-57.36,-1119.08,65.04,214624.2,1559.83,12.28
-83962.98,-22.3,-169.33,-307.04,"No",9.64,1402.92,118.87,2377311.65,657.71,14.68
4037.02,105.7,-59.33,-136.04,"No",-0.36,-17.08,327.71,35392965.65,148.3,17.38
-100162.98,-22.3,-226.33,-320.04,"No",-5.36,493.92,109.11,414603,1162.26,12.94
386037.02,-7.3,515.67,729.96,"No",-15.36,784.92,124.84,61170124.4,48.84,17.93
62037.02,-16.3,52.67,-82.04,"Yes",-0.36,-1631.08,235.51,39095100.96,77.39,17.48
82037.02,-12.3,103.67,44.96,"No",4.64,463.92,213.83,39771869.2,50.32,17.5
-102961.98,-14.3,-226.33,-326.04,"No",9.64,2453.92,163.5,163667.7,48.84,12.01
-32962.98,-22.3,-202.33,-297.04,"No",9.64,-314.08,184.85,13124206.2,9.29,16.39
-38962.98,105.7,-224.33,-317.04,"No",-5.36,-435.08,47.38,3079830.81,356.2,14.94
-102362.98,-18.3,-227.33,-326.04,"No",9.64,111.92,207.87,332598.87,1729.17,12.71
28037.02,-17.3,-9.33,-50.04,"No",-0.36,-441.08,197.64,26088364.58,53.72,17.08
-102862.98,-24.3,-232.33,-327.04,"No",9.64,862.92,517.79,569567.6,23.72,13.25
-69462.98,-12.3,-152.33,-228.04,"No",7.64,-836.08,142.9,4930016.7,1031.35,15.41
82037.02,17.7,-34.33,-128.04,"Yes",-18.36,282.92,86.64,16114812,161.87,16.6
196037.02,7.7,565.67,259.96,"No",-40.36,-732.08,282.29,84687451.45,52.15,18.25
-101812.98,-17.3,-229.33,-320.04,"No",9.64,174.92,130.18,279888,1868.4,12.54
-97662.98,-2.3,-229.33,-321.04,"Yes",9.64,1923.92,297.95,1877111.6,1162.26,14.45
-97962.98,-22.3,-232.33,-317.04,"No",9.64,-35.08,92.72,556343.2,1849.18,13.23
-99962.98,-17.3,-228.33,-314.04,"No",9.64,-600.08,189.11,756425.95,1879.46,13.54
596037.02,105.7,1265.67,3839.96,"No",9.64,273.92,446.73,312711398.74,2.19,19.56
-99962.98,-13.3,-228.33,-322.04,"Yes",9.64,-228.08,217.96,871826.9,1807.46,13.68
-96962.98,17.7,-219.33,-303.04,"No",9.64,2468.92,386.65,2706560.85,624.95,14.81
596037.02,2.7,965.67,894.96,"No",4.64,-280.08,211.14,147800229.5,25.32,18.81
-85462.98,-2.3,-209.33,-238.04,"No",-24.36,-745.08,65.96,1220321.55,1145.08,14.01
-13962.98,-7.3,-194.33,-269.04,"No",-10.36,-475.08,70.86,6377847.35,190.59,15.67
106037.02,-2.3,115.67,-55.04,"No",9.64,-646.08,159.49,33493455,9.09,17.33
-3961.98,-8.3,-174.33,-260.04,"No",-0.36,2478.92,140.01,14001125.6,50.32,16.45
301037.02,25.7,190.67,494.96,"No",9.64,-520.08,169.85,68787646.37,52.15,18.05
-100962.98,-22.3,-230.33,-322.04,"No",9.64,1995.92,49.63,148892.8,1879.46,11.91
-102562.98,-14.3,-229.33,-325.04,"No",9.64,363.92,82.7,115780,1667.76,11.66
-100662.98,7.7,-229.33,-324.04,"Yes",9.64,2132.92,320.36,1057201.6,1879.46,13.87
121037.02,2.7,165.67,490.96,"No",-0.36,3021.92,128.59,28932683.7,55.97,17.18
-102362.98,-2.3,-232.33,-323.04,"No",-40.36,-1289.08,52.72,84351.54,1461.86,11.34
186037.02,-2.3,115.67,174.96,"No",-5.36,75.92,240.06,69616650.45,48.84,18.06
-25962.98,-17.3,-106.33,-125.04,"No",-5.36,-472.08,103.79,8095777.9,19.69,15.91
-43962.98,-22.3,-149.33,-229.04,"No",9.64,-182.08,27.31,1638719.6,1117.74,14.31
-102912.98,-22.3,-232.33,-327.04,"No",-40.36,-233.08,175.33,184091.6,1868.4,12.12
-45962.98,105.7,-114.33,-190.04,"No",9.64,-247.08,155.6,9025059.6,665.41,16.02
-30962.98,9.7,165.67,-105.04,"No",4.64,1721.92,143.09,10445542.8,48.84,16.16
-94662.98,-22.3,-204.33,-294.04,"No",-20.36,249.92,75.28,700106.4,1031.35,13.46
56037.02,-12.3,65.67,-1.04,"No",-5.36,94.92,99.89,15981693.31,139.17,16.59
-99062.98,35.7,-219.33,-320.04,"No",9.64,-554.08,92.91,455253.05,1145.08,13.03
-101962.98,-22.3,-230.33,-327.04,"No",-40.36,386.92,81.93,163859.5,1069.33,12.01
16037.02,-22.3,-64.33,54.96,"No",9.64,-656.08,137.81,16536908.85,53.72,16.62
-102462.98,-22.3,-232.33,-328.04,"No",-10.36,-50.08,64.91,97370,1807.46,11.49
-93962.98,-1.3,-212.33,-315.04,"No",9.64,789.92,164.39,1643878.6,1879.46,14.31
-56962.98,-2.3,-34.33,-105.04,"No",9.64,-849.08,85.67,4026394.4,249.44,15.21
-76462.98,-12.3,-184.33,-266.04,"Yes",9.64,1424.92,196.34,5399284.8,653.84,15.5
36037.02,-2.3,65.67,1.96,"No",-5.36,-631.08,160.14,22419743.85,64.02,16.93
-1962.98,-12.3,65.67,24.96,"No",9.64,-715.08,172.3,17575102.68,148.3,16.68
-87962.98,105.7,-210.33,-291.04,"No",9.64,-418.08,89.69,1434967.1,1155.43,14.18
496037.02,4.7,565.67,1019.96,"No",-7.36,145.92,141.98,85189623.45,23.72,18.26
-99462.98,7.7,-221.33,-307.04,"No",9.64,536.92,138.5,623228.9,1868.4,13.34
-99462.98,35.7,-228.33,-324.04,"No",9.64,371.92,219.91,989609.6,23.72,13.81
-98362.98,-6.3,-218.33,-306.04,"No",9.64,-1131.08,24.92,139577.2,1851.67,11.85
-97962.98,-22.3,-212.33,-306.04,"No",9.64,-242.08,149.73,898402.4,1831.78,13.71
-59462.98,-2.3,-199.33,-229.04,"No",9.64,-1144.08,234.23,10423377.6,445.92,16.16
-38962.98,-2.3,-134.33,-10.04,"No",1.64,-832.08,252.06,16384195.52,52.15,16.61
-98962.98,-17.3,-225.33,-316.04,"No",-0.36,-17.08,88.51,442531.6,1807.46,13
-98762.98,-17.3,-229.33,-326.04,"No",-60.36,-949.08,39.02,202895.35,1879.46,12.22
-97662.98,-12.3,-228.33,-325.04,"No",-50.36,-603.08,41.56,261847.25,789.94,12.48
-99162.98,-17.3,-221.33,-315.04,"Yes",-20.36,-201.08,101.81,488684.35,1484.52,13.1
-98962.98,-6.3,-222.33,-320.04,"Yes",9.64,-1153.08,297.71,1488532.15,1667.76,14.21
-100962.98,-6.3,-221.33,-323.04,"No",9.64,1281.92,204.32,612962,23.72,13.33
-93961.98,-2.3,-214.33,-301.04,"No",-15.36,-449.08,188.3,1883174.65,52.15,14.45
261037.02,-16.3,115.67,94.96,"No",9.64,2574.92,245.14,89475420.67,63.07,18.31
-98062.98,-12.3,-227.33,-315.04,"No",9.64,-459.08,238.51,1407208.6,281.11,14.16
84037.02,105.7,415.67,409.96,"No",9.64,-379.08,231.1,43446399.6,53.72,17.59
56037.02,-17.3,-59.33,-44.04,"No",-5.36,-1118.08,96.35,15416195.9,125.65,16.55
-81962.98,-2.3,-168.33,-250.04,"No",9.64,-1273.08,119.45,2628010,751.73,14.78
216037.02,-7.3,515.67,521.96,"No",9.64,-313.08,180.48,57755012.14,23.72,17.87
-86962.98,2.7,-194.33,-269.04,"No",9.64,-51.08,173.11,2942902.9,657.71,14.89
-96962.98,-22.3,-227.33,-329.04,"No",-50.36,1859.92,92.77,649376,1162.26,13.38
-94962.98,-22.3,-220.33,-311.04,"No",-38.36,-1279.08,69.82,628348.88,1461.86,13.35
-23962.98,105.7,-139.33,-230.04,"No",9.64,-211.08,177.07,14165546.97,61.09,16.47
-60962.98,-12.3,-34.33,-123.04,"No",-40.36,-560.08,254.12,10927151.9,281.11,16.21
48037.02,-7.3,206.67,362.96,"No",9.64,1532.92,105.57,16046364.88,50.32,16.59
-100362.98,-22.3,-219.33,-311.04,"No",-60.36,-926.08,79.34,285625.2,1667.76,12.56
-14962.98,-6.3,-34.33,-148.04,"No",9.64,-330.08,205.38,18278897.7,48.84,16.72
4037.02,-6.3,165.67,20.96,"No",9.64,-334.08,200.4,21642744.9,181.07,16.89
-86962.98,-12.3,-226.33,-320.04,"No",-40.36,-288.08,38.73,658447.65,1807.46,13.4
-97962.98,-22.3,-215.33,-311.04,"No",4.64,-985.08,106.03,636177.15,1868.4,13.36
-102162.98,-17.3,-231.33,-325.04,"No",-15.36,-660.08,140.62,253119.3,1484.52,12.44
-102112.98,-22.3,-233.33,-329.04,"No",9.64,-208.08,91.62,169489.6,1667.76,12.04
-102412.98,-12.3,-228.33,-323.04,"No",9.64,-160.08,244.92,379622.95,941.82,12.85
156037.02,-22.3,85.67,143.96,"No",-24.36,-729.08,192.79,50125504.1,52.15,17.73
37.02,-12.3,-9.33,-40.04,"No",4.64,1149.92,181.98,18926187.97,50.32,16.76
-91962.98,-22.3,-215.33,-317.04,"No",-24.36,-751.08,63.5,761974.15,1130.47,13.54
-83962.98,-22.3,-212.33,-232.04,"No",9.64,2632.92,124.05,2480954,657.71,14.72
-93962.98,-22.3,-229.33,-308.04,"No",-40.36,1276.92,268.89,2688885.85,281.11,14.8
-102362.98,-17.3,-231.33,-329.04,"No",-24.36,-663.08,105.21,168328.65,1879.46,12.03
-101162.98,-22.3,-222.33,-326.04,"No",9.64,-843.08,110.04,308115.5,1851.67,12.64
316037.02,-8.3,665.67,689.96,"No",9.64,-7.08,195.27,82012432.22,23.72,18.22
-97962.98,-17.3,-226.33,-318.04,"No",-40.36,-44.08,135.01,810042.8,1130.47,13.6
-3962.98,-12.3,115.67,44.96,"No",9.64,2899.92,191.16,19116381.2,48.84,16.77
-42962.98,2.7,-34.33,-30.04,"No",-0.36,2102.92,182.37,11124736,281.11,16.22
-60962.98,-7.3,-86.33,-173.04,"No",-45.36,-1589.08,132.24,5686425.15,249.44,15.55
-69962.98,9.7,-134.33,-309.04,"No",9.64,-772.08,339.22,11533589.9,52.15,16.26
-93212.98,27.7,-184.33,-257.04,"No",9.64,294.92,321.04,3451182,1130.47,15.05
-102562.98,-12.3,-231.33,-326.04,"Yes",9.64,-319.08,209.91,293878.9,1791.31,12.59
-102862.98,13.7,-231.33,-324.04,"No",9.64,1162.92,282.58,310836.4,1791.31,12.65
-71462.98,-22.3,-181.33,-272.04,"No",9.64,-1045.08,119.43,3881468.15,499.12,15.17
-102762.98,-17.3,-229.33,-326.04,"No",9.64,-228.08,177.94,213522.4,1390.87,12.27
-30962.98,7.7,-149.33,-205.04,"No",9.64,-590.08,147.07,10736345.2,276.95,16.19
-55962.98,-12.3,-79.33,-127.04,"No",9.64,113.92,115.17,5528280.8,632.52,15.53
-92712.98,-22.3,-184.33,-257.04,"No",9.64,1330.92,192.9,2170177.8,904.02,14.59
-102862.98,-22.3,-229.33,-322.04,"No",9.64,129.92,106.99,117692.4,1807.46,11.68
-13962.98,-22.3,-59.33,-156.04,"No",9.64,-615.08,243.15,21883391.15,647.99,16.9
-63962.98,5.7,-159.33,-222.04,"No",9.64,-182.08,197.08,7883106,579.25,15.88
-29962.98,-9.3,-14.33,-192.04,"No",9.64,-1027.08,273.55,20242871.95,55.97,16.82
-41962.98,-2.3,15.67,-75.04,"No",9.64,-754.08,80.27,4977005.95,158.3,15.42
-97062.98,-2.3,-214.33,-313.04,"No",9.64,-31.08,201.27,1388780.4,143.95,14.14
12037.02,105.7,65.67,184.96,"No",9.64,1733.92,132.23,15339240,17.71,16.55
-100462.98,-12.3,-226.33,-319.04,"No",9.64,456.92,158.3,554043,1791.31,13.22
-33962.98,-17.3,-154.33,-226.04,"No",-10.36,582.92,176.91,12383940.8,653.84,16.33
-7962.98,-2.3,-34.33,-61.04,"No",-5.36,-705.08,172.48,16557977.21,276.95,16.62
-102062.98,7.7,-227.33,-322.04,"No",9.64,2356.92,564.65,1072827.7,1879.46,13.89
201037.02,-2.3,715.67,749.96,"No",9.64,-472.08,307.99,93936302.76,52.15,18.36
-97062.98,-22.3,-222.33,-306.04,"No",9.64,520.92,116.42,803313,519.5,13.6
-99712.98,-22.3,-222.33,-318.04,"No",-15.36,214.92,74.98,318670.8,1868.4,12.67
-101212.98,-2.3,-224.33,-310.04,"No",9.64,2644.92,205.99,566470.8,1162.26,13.25
-100912.98,-18.3,-225.33,-321.04,"No",9.64,-166.08,126.08,384556.2,336.4,12.86
-38962.98,63.7,-222.33,-316.04,"No",9.64,-763.08,80.11,5207399.4,73.7,15.47
34037.02,12.7,365.67,587.96,"No",9.64,-1509.08,211.18,29142781.15,163.09,17.19
-99812.98,-22.3,-226.33,-320.04,"No",9.64,318.92,75.2,312090.1,751.73,12.65
46037.02,-12.3,665.67,183.96,"No",9.64,-994.08,113.28,16992032.4,53.72,16.65
696037.02,-7.3,1339.67,1714.96,"No",-20.36,-94.08,127.52,102018143.15,10.86,18.44
-101562.98,-22.3,-226.33,-312.04,"No",9.64,54.92,50.02,120050,1807.46,11.7
596037.02,12.7,1865.67,2092.96,"No",3.64,-404.08,253.21,177247044.38,62.14,18.99
-101462.98,-14.3,-228.33,-319.04,"Yes",9.64,-1181.08,273.9,684742.8,1851.67,13.44
-100762.98,-22.3,-232.33,-328.04,"No",9.64,369.92,55.97,179102.7,1868.4,12.1
-63462.98,-2.3,-109.33,-173.04,"No",9.64,-927.08,123.28,4992970.5,177.34,15.42
-101962.98,-12.3,-225.33,-317.04,"Yes",9.64,-327.08,28.15,56308,1655.24,10.94
-100362.98,-17.3,-230.33,-325.04,"No",9.64,-126.08,47.65,171551.45,1387.08,12.05
496037.02,9.7,1865.67,2203.96,"No",9.64,-700.08,286.76,172055083.43,25.32,18.96
-100562.98,-2.3,-231.33,-324.04,"No",9.64,2136.92,65.84,223840.4,1834.97,12.32
-102712.98,-12.3,-229.33,-325.04,"No",9.64,949.92,137.75,172183.2,1461.86,12.06
-101762.98,22.7,-231.33,-327.04,"No",-65.36,1197.92,252.73,556010,1807.46,13.23
-100462.98,-22.3,-229.33,-321.04,"No",-65.36,-811.08,142.41,498425.2,148.06,13.12
-98762.98,7.7,-229.33,-319.04,"No",9.64,-27.08,118.97,618651.6,961.78,13.34
-101362.98,-22.3,-233.33,-323.04,"No",9.64,2903.92,73.11,190089.2,2140.91,12.16
-44962.98,12.7,-84.33,-223.04,"No",-40.36,-240.08,94.2,5557515.25,52.15,15.53
-99712.98,-17.3,-232.33,-324.04,"No",-0.36,-958.08,39.39,167398,1559.83,12.03
-53962.98,-12.3,-114.33,-209.04,"No",-0.36,228.92,128.31,6415466.75,48.84,15.67
-98962.98,-2.3,-223.33,-317.04,"No",9.64,162.92,153.49,767440.8,1069.33,13.55
-100012.98,-22.3,-224.33,-322.04,"No",9.64,104.92,69.42,274218,920.12,12.52
-100462.98,-12.3,-225.33,-318.04,"No",9.64,1267.92,165.02,577581.2,1451.62,13.27
-63962.98,-17.3,-34.33,-185.04,"No",-10.36,-337.08,232.9,9315819.1,1655.24,16.05
311037.02,-12.3,-14.33,-130.04,"No",9.64,-442.08,196.14,81398139.86,25.32,18.21
-15962.98,2.7,-84.33,-90.04,"No",9.64,1187.92,207.81,18287168.55,48.84,16.72
146037.02,-0.3,265.67,407.96,"No",-20.36,2104.92,210.89,52721742.56,48.84,17.78
341037.02,3.7,65.67,189.96,"No",-30.36,2685.92,77.09,34304361.3,48.84,17.35
-96462.98,-22.3,-215.33,-313.04,"No",9.64,1352.92,153.6,1151984.4,1276.54,13.96
-98962.98,-22.3,-232.33,-326.04,"No",-57.36,-162.08,56.17,280857.5,1807.46,12.55
101037.02,22.7,190.67,134.96,"No",9.64,-944.08,137.32,28150522.4,52.15,17.15
-99362.98,-18.3,-224.33,-315.04,"No",-29.36,-915.08,66.13,304208.45,1851.67,12.63
-51962.98,27.7,-134.33,-247.04,"No",9.64,308.92,393.4,20456995.3,177.34,16.83
-18962.98,105.7,-84.33,44.96,"No",9.64,-239.08,24.9,2116873.85,365.06,14.57
-78962.98,-12.3,-209.33,-278.04,"No",-30.36,-1087.08,148.43,3710789.25,48.84,15.13
396038.02,-2.3,365.67,483.96,"No",-0.36,2972.92,183.18,91590801.24,55.97,18.33
-102462.98,-17.3,-230.33,-321.04,"No",-15.36,-1420.08,112.9,169349.95,1667.76,12.04
496037.02,105.7,1265.67,1849.96,"Yes",4.64,-398.08,400.63,240377126.51,62.14,19.3
-98562.98,-7.3,-216.33,-304.04,"Yes",9.64,-281.08,236.41,1276591.4,1274.26,14.06
-87712.98,-2.3,-215.33,-325.04,"No",9.64,-235.08,51.65,839291.6,1828.05,13.64
-86962.98,-17.3,-164.33,-246.04,"Yes",9.64,-432.08,159.59,2712976.35,918.03,14.81
396038.02,105.7,65.67,274.96,"No",9.64,-135.08,128.39,64195808.89,23.72,17.98
-102462.98,-12.3,-231.33,-324.04,"No",9.64,-881.08,99.34,149004.45,1484.52,11.91
396038.02,105.7,965.67,1169.96,"Yes",-0.36,-493.08,85.86,42928373.92,25.32,17.58
176037.02,-12.3,285.67,-20.04,"No",4.64,-616.08,358.4,100350756.48,177.34,18.42
-98162.98,-2.3,-213.33,-305.04,"No",9.64,-1005.08,153.69,891388.4,1667.76,13.7
-100462.98,-14.3,-229.33,-322.04,"Yes",-10.36,0.92,122.67,429339.05,918.03,12.97
-71962.98,105.7,-184.33,-273.04,"No",-15.36,-886.08,124.45,3982258.7,308.21,15.2
-98262.98,-22.3,-224.33,-318.04,"No",9.64,-949.08,43.92,250348.35,1484.52,12.43
-43962.98,-22.3,-154.33,-234.04,"No",9.64,2871.92,271.99,16319277.93,19.69,16.61
-99862.98,-22.3,-229.33,-323.04,"No",9.64,802.92,66.35,272048,1484.52,12.51
96037.02,-22.3,-196.33,-284.04,"No",-0.36,-1037.08,249.79,49958723.24,64.6,17.73
296037.02,-12.3,115.67,234.96,"No",9.64,-858.08,103.9,41560807.46,9.09,17.54
106037.02,-2.3,65.67,269.96,"No",4.64,162.92,243.74,51185475.05,48.84,17.75
-98962.98,-22.3,-232.33,-326.04,"No",9.64,1725.92,291.94,1459676.4,23.72,14.19
896037.02,7.7,3515.67,4756.96,"No",-25.36,2155.92,156.77,156771966.14,23.72,18.87
-102162.98,-17.3,-222.33,-308.04,"No",9.64,-1033.08,290.95,523717.6,1828.05,13.17
-101562.98,-17.3,-226.33,-319.04,"Yes",9.64,262.92,357.32,857577,1522.98,13.66
106037.02,-12.3,365.67,1919.96,"No",-0.36,392.92,184.6,38766709.62,3.31,17.47
-101612.98,37.7,-229.33,-318.04,"No",9.64,660.92,138.17,324688.7,3782.18,12.69
-99962.98,-15.3,-228.33,-321.04,"No",9.64,-143.08,75.33,301301,1807.46,12.62
-98762.98,-22.3,-218.33,-314.04,"No",-40.36,389.92,73.79,383712,1828.05,12.86
-43962.98,105.7,-84.33,224.96,"No",9.64,-372.08,426.05,25562987.1,249.44,17.06
-89462.98,105.7,-194.33,-295.04,"No",9.64,-722.08,122.73,1779558.55,1031.35,14.39
-101462.98,-14.3,-231.33,-326.04,"No",9.64,1345.92,405.05,1012625.6,48.84,13.83
-101562.98,-6.3,-230.33,-316.04,"No",9.64,279.92,128.26,307826.4,2140.91,12.64
-94062.98,-12.3,-222.33,-316.04,"No",-15.36,-1154.08,128.68,1273896.4,1451.62,14.06
-99462.98,-9.3,-228.33,-325.04,"No",9.64,1570.92,279.73,1258806.5,48.84,14.05
-58962.98,-7.3,-159.33,76.96,"No",9.64,246.92,247.43,11134376.4,279.46,16.23
-98762.98,-17.3,-218.33,-310.04,"No",9.64,2545.92,144.65,752155.6,1007.01,13.53
181037.02,-22.3,369.67,2433.96,"No",9.64,1030.92,211.29,60217739.33,48.84,17.91
-98362.98,-22.3,-232.33,-327.04,"No",9.64,310.92,105.53,590976.4,48.84,13.29
-77962.98,-22.3,-209.33,-294.04,"No",-10.36,-934.08,98.49,2560756.8,308.21,14.76
-12962.98,2.7,-59.33,377.96,"No",9.64,-535.08,238.98,21747284.63,157.11,16.89
-3961.98,37.7,-159.33,-258.04,"No",9.64,-64.08,187.13,18713086,1868.77,16.74
-63962.98,-12.3,-169.33,-220.04,"No",9.64,-226.08,206.56,8262422,226.83,15.93
37.02,-2.3,303.67,244.96,"No",9.64,-997.08,327.99,34110786.15,53.72,17.35
-96962.98,-12.3,-222.33,-311.04,"No",-24.36,167.92,68.58,480043.55,499.12,13.08
-102762.98,-22.3,-233.33,-324.04,"No",9.64,1022.92,57.2,68642,1667.76,11.14
166037.02,105.7,165.67,819.96,"No",9.64,168.92,121.33,32760390.31,23.72,17.3
-23962.98,3.7,-64.33,-130.04,"No",-5.36,-372.08,148.07,11845358.35,19.69,16.29
72037.02,-12.3,15.67,79.96,"No",9.64,-672.08,131.13,23078640.55,53.72,16.95
-94962.98,-22.3,-226.33,-316.04,"No",-20.36,-608.08,163.88,1474914.7,308.21,14.2
196037.02,9.7,615.67,549.96,"No",9.64,2466.92,168.42,50525748.25,48.84,17.74
-78462.98,-12.3,-214.33,-264.04,"No",-30.36,98.92,53.35,1360520,1130.47,14.12
221037.02,-2.3,465.67,836.96,"No",9.64,-449.08,250.82,81517287.6,25.32,18.22
52037.02,2.7,215.67,319.96,"No",9.64,568.92,167.95,26199900.27,64.87,17.08
-87462.98,-2.3,-211.33,-299.04,"Yes",9.64,-727.08,148.05,2442904.1,1667.76,14.71
-34962.98,-17.3,-169.33,-250.04,"No",-35.36,603.92,102.29,7057968.05,48.84,15.77
-43962.98,-12.3,45.67,-27.04,"No",4.64,157.92,141.69,8501660.5,222.04,15.96
-102062.98,-22.3,-231.33,-328.04,"No",9.64,1123.92,63.96,121522.8,1879.46,11.71
20037.02,2.7,115.67,45.96,"No",9.64,-1158.08,168.95,20950197.67,57.66,16.86
-102612.98,-2.3,-230.33,-326.04,"No",9.64,-728.08,88.61,119621.6,1559.83,11.69
-96062.98,-2.3,-225.33,-312.04,"No",9.64,-852.08,228.08,1801856,1849.18,14.4
396038.02,105.7,2265.67,2664.96,"No",7.64,-620.08,372.62,186310455.18,25.32,19.04
-100462.98,-2.3,-224.33,-311.04,"Yes",9.64,1800.92,300.77,1052682.4,1451.62,13.87
-81962.98,-22.3,-159.33,-264.04,"No",-0.36,-741.08,136.7,3007389.35,1145.08,14.92
161037.02,2.7,215.67,384.96,"No",9.64,-575.08,124.67,33036874.33,25.32,17.31
-28962.98,-16.3,-84.33,-145.04,"Yes",9.64,-844.08,250.79,18809152.07,233.3,16.75
-102362.98,-22.3,-231.33,-325.04,"No",-40.36,-712.08,87.95,140721,1522.98,11.85
-94062.98,-8.3,-222.33,-313.04,"No",9.64,-65.08,69.7,690029.2,1117.74,13.44
-100962.98,-12.3,-229.33,-325.04,"No",4.64,2112.92,79.19,237568.8,976.42,12.38
-96162.98,-12.3,-220.33,-312.04,"No",-15.36,108.92,138.63,1081276,1791.31,13.89
-70962.98,7.7,-163.33,-245.04,"No",9.64,1378.92,133.93,4419601.2,1134.75,15.3
246037.02,2.7,265.67,84.96,"No",0.64,2203.92,123.43,43201074,48.84,17.58
-98562.98,-14.3,-230.33,-317.04,"No",9.64,-75.08,87.34,471616.25,1828.05,13.06
171037.02,-2.3,315.67,154.96,"No",-15.36,-367.08,203.75,56031192.48,19.69,17.84
236037.02,-2.3,955.67,1558.96,"No",9.64,-9.08,351.4,119476181.3,23.72,18.6
-101262.98,-6.3,-230.33,-324.04,"No",9.64,51.92,165.61,447137.6,1729.17,13.01
-98762.98,-9.3,-228.33,-325.04,"No",9.64,2011.92,122.43,636652.8,74.84,13.36
-101062.98,-16.3,-231.33,-320.04,"No",-30.36,-283.08,96.32,279328,2249.14,12.54
136037.02,-22.3,665.67,674.96,"No",-0.36,1021.92,291.05,69851450.67,23.72,18.06
-45962.98,-22.3,-154.33,-306.04,"No",9.64,-192.08,131.01,7598432.45,265,15.84
111037.02,2.7,165.67,79.96,"No",-4.36,-732.08,139.8,30056491.64,52.15,17.22
251037.02,-2.3,649.67,1132.96,"No",-0.36,3140.92,166.49,59105266.37,23.72,17.89
-70962.98,-12.3,-144.33,-194.04,"No",4.64,27.92,84.7,2795037.35,632.52,14.84
-67962.98,105.7,-184.33,-293.04,"No",-15.36,-457.08,241.1,8679434.4,653.84,15.98
-90962.98,-12.3,-209.33,-282.04,"No",4.64,-413.08,181.15,2354931.95,751.73,14.67
496037.02,-2.3,1065.67,748.96,"Yes",-0.36,-431.08,285.73,171438839.3,25.32,18.96
-102062.98,-22.3,-232.33,-327.04,"No",-40.36,254.92,138.83,263774,1729.17,12.48
-98962.98,-12.3,-230.33,-325.04,"No",9.64,1818.92,23.07,115368.4,23.72,11.66
-100962.98,-22.3,-233.33,-325.04,"No",9.64,-725.08,227.67,683002.25,1831.78,13.43
-101862.98,-18.3,-228.33,-322.04,"No",-24.36,667.92,128.21,269234,1274.26,12.5
-95762.98,-7.3,-225.33,-316.04,"No",9.64,-540.08,137.78,1129788.8,1559.83,13.94
-100162.98,-7.3,-231.33,-323.04,"No",9.64,883.92,239.25,909160,1461.86,13.72
-101462.98,-22.3,-231.33,-324.04,"No",9.64,94.92,92.23,230566,1117.74,12.35
341037.02,2.7,265.67,469.96,"No",-0.36,169.92,187.76,83553851.07,23.72,18.24
-102162.98,-8.3,-232.33,-324.04,"No",9.64,-37.08,209.71,377477.8,1868.4,12.84
-97162.98,-0.3,-224.33,-321.04,"No",9.64,1674.92,148.65,1010836.4,23.72,13.83
-100862.98,-17.3,-231.33,-323.04,"No",9.64,-748.08,222.47,689642.45,1145.08,13.44
206037.02,-12.3,485.67,-125.04,"No",9.64,-269.08,132.57,41096674.69,143.95,17.53
-57962.98,-2.3,-148.33,-178.04,"No",9.64,-842.08,184.88,8504606.95,79.95,15.96
-72962.98,-22.3,-104.33,-174.04,"No",9.64,1050.92,280.46,8694287.35,657.71,15.98
38037.02,-2.3,-134.33,-168.04,"No",9.64,-653.08,233.99,33227149.09,64.98,17.32
496037.02,-7.3,1765.67,3119.96,"No",-0.36,270.92,174.67,104803992.53,10.86,18.47
-46962.98,-22.3,-130.33,-208.04,"No",9.64,-665.08,157.53,8979191.38,276.95,16.01
-99562.98,27.7,-227.33,-322.04,"No",-40.36,1940.92,77.08,339133.2,657.71,12.73
-98462.98,-22.3,-224.33,-317.04,"No",9.64,167.92,193.56,1064585.2,1522.98,13.88
2037.02,-7.3,36.67,-44.04,"No",-0.36,34.92,134.48,14254592.16,233.69,16.47
-97962.98,17.7,-221.33,-315.04,"No",9.64,-860.08,141.09,846563.55,233.3,13.65
-37962.98,-2.3,20.67,75.96,"No",9.64,-583.08,172.28,11370657.2,365.06,16.25
-32962.98,-12.3,11.67,-1.04,"No",9.64,1992.92,184.86,13125280,48.84,16.39
-100362.98,-17.3,-230.33,-318.04,"No",9.64,-289.08,52.23,188020.7,1779.41,12.14
-102062.98,-22.3,-228.33,-323.04,"No",-57.36,-1016.08,81.07,154026.53,1851.67,11.94
-66962.98,-2.3,-34.33,-181.04,"No",9.64,-297.08,178.31,6597419.75,276.95,15.7
-94062.98,51.7,-225.33,-321.04,"No",9.64,-196.08,167,1653268.4,23.72,14.32
-52962.98,-12.3,-104.33,-234.04,"No",9.64,-1368.08,62.23,3173976.3,532.96,14.97
-51962.98,-12.3,-134.33,-190.04,"No",9.64,-445.08,227.97,11854251.15,583.63,16.29
70037.02,-2.3,365.67,675.96,"No",9.64,935.92,270.87,47131672,20.29,17.67
-76962.98,-22.3,-194.33,-274.04,"No",9.64,816.92,208.04,5617206.46,1791.31,15.54
96038.02,-2.3,615.67,-165.04,"No",9.64,1726.92,278.82,55764481.4,48.84,17.84
-75962.98,-17.3,-164.33,-234.04,"No",-65.36,-591.08,169.9,4757119.5,657.71,15.38
-35962.98,-8.3,-74.33,-144.04,"No",9.64,-59.08,215.71,14668537.01,175.76,16.5
-100462.98,-10.3,-219.33,-312.04,"Yes",9.64,-238.08,237.73,832062,1851.67,13.63
46037.02,105.7,215.67,425.96,"No",4.64,-332.08,762.93,114439581.84,53.72,18.56
-102262.98,-2.3,-230.33,-324.04,"No",9.64,-642.08,103.35,175703.15,1559.83,12.08
-96962.98,-22.3,-224.33,-315.04,"No",9.64,-1110.08,136.52,955645.25,1484.52,13.77
32037.02,-22.3,-84.33,-24.04,"No",9.64,1343.92,236.13,32113069.1,50.32,17.28
-97962.98,105.7,-230.33,-321.04,"No",9.64,-71.08,667.53,4005157.45,23.72,15.2
596037.02,2.7,765.67,1181.96,"No",-10.36,1762.92,139.12,97383801.17,23.72,18.39
-100462.98,-22.3,-224.33,-317.04,"No",9.64,307.92,4.78,16746.8,920.12,9.73
-97962.98,-17.3,-229.33,-322.04,"No",-15.36,54.92,115.7,694220.8,1130.47,13.45
56037.02,-22.3,-34.33,-125.04,"No",8.64,2294.92,189.17,30267650,64.98,17.23
-85962.98,-12.3,-204.33,-279.04,"No",9.64,-160.08,39.96,719320,1807.46,13.49
116037.02,-2.3,265.67,19.96,"No",9.64,-727.08,257.98,56754584.25,452.42,17.85
-100962.98,-2.3,-227.33,-323.04,"No",9.64,1736.92,427.14,1281425.95,48.84,14.06
-98962.98,-22.3,-229.33,-322.04,"No",9.64,175.92,77.07,385372.4,4637.85,12.86
131037.02,105.7,565.67,884.96,"No",9.64,-13.08,278.7,65495211.6,62.96,18
-91712.98,-17.3,-220.33,-311.04,"No",-20.36,-1226.08,38.73,474384.05,1381.42,13.07
-93212.98,-2.3,-184.33,-294.04,"No",9.64,365.92,366.84,3943564.8,1023.61,15.19
-92962.98,-17.3,-174.33,-269.04,"No",9.64,396.92,161.24,1773615.2,1849.18,14.39
94037.02,-4.3,565.67,539.96,"No",9.64,-789.08,144.21,28554117.2,50.32,17.17
-100862.98,-17.3,-232.33,-325.04,"No",9.64,-263.08,119.74,371184.8,1667.76,12.82
-93962.98,-12.3,-194.33,-255.04,"No",9.64,-683.08,279.72,2797216.45,1868.4,14.84
-99962.98,-2.3,-214.33,-321.04,"No",9.64,-964.08,331.33,1325334.85,1522.98,14.1
-15962.98,-2.3,222.67,-29.04,"No",9.64,-1459.08,261.09,22976080.75,158.3,16.95
66037.02,2.7,165.67,138.96,"No",9.64,-808.08,189.73,32253598.31,53.72,17.29
-102462.98,-22.3,-231.33,-326.04,"No",-10.36,226.92,66.28,99417.15,1807.46,11.51
40037.02,105.7,185.67,84.96,"No",-28.36,-631.08,208.67,30048347.6,26.09,17.22
-93712.98,17.7,-219.33,-296.04,"No",9.64,2798.92,144.9,1485260,1197.39,14.21
-101462.98,-12.3,-230.33,-324.04,"No",9.64,-31.08,224.94,562352.35,316.26,13.24
276037.02,-2.3,1665.67,2294.96,"No",9.64,-770.08,195.7,74365570.19,25.32,18.12
696037.02,-2.3,1465.67,1669.96,"No",9.64,-1528.08,103.19,82552187.38,23.72,18.23
-97562.98,-12.3,-229.33,-321.04,"Yes",9.64,-564.08,111.04,710675,1879.46,13.47
-102961.98,-27.3,-232.33,-327.04,"No",-10.36,-352.08,275.73,276003.7,1879.46,12.53
-61462.98,-12.3,-204.33,-293.04,"No",-10.36,-326.08,46.75,1986833.1,249.44,14.5
256037.02,5.7,865.67,779.96,"No",9.64,377.92,72.39,26061339.43,23.72,17.08
-43962.98,-2.3,-79.33,-123.04,"No",9.64,-859.08,218.58,13114951.85,276.95,16.39
-89962.98,-2.3,-217.33,-314.04,"No",9.64,2357.92,131.28,1837924.2,270.64,14.42
496037.02,-7.3,1365.67,2696.96,"Yes",4.64,-540.08,147.21,88323912.51,25.32,18.3
-97062.98,-12.3,-211.33,-294.04,"No",9.64,-723.08,351.51,2425404.07,1197.39,14.7
-86962.98,-17.3,-227.33,-307.04,"No",9.64,-418.08,110.62,1880585,1667.76,14.45
74037.02,-17.3,-84.33,-205.04,"No",-10.36,-126.08,107.05,19054988.2,24.43,16.76
896037.02,-2.3,1865.67,1289.96,"No",-40.36,-284.08,53.08,53083717,19.69,17.79
231037.02,-7.3,665.67,366.96,"No",9.64,-369.08,157.12,52634863.3,48.84,17.78
-59462.98,-22.3,-150.33,-80.04,"No",9.64,-142.08,144.29,6420950.2,158.3,15.68
-73462.98,105.7,-134.33,-250.04,"No",9.64,-802.08,331.58,10113311.47,1879.46,16.13
-3961.98,105.7,-149.33,-132.04,"No",9.64,-1213.08,292.92,29292470.2,234.69,17.19
-51962.98,2.7,-174.33,-263.04,"No",9.64,-211.08,95.75,4978792,336.4,15.42
-39962.98,-12.3,-182.33,-293.04,"Yes",9.64,584.92,117.97,7550394.95,226.83,15.84
131037.02,-17.3,-134.33,-127.04,"No",4.64,426.92,91.02,21389980.15,19.69,16.88
-99462.98,-14.3,-229.33,-318.04,"Yes",9.64,-143.08,218.25,982119.6,1807.46,13.8
-100762.98,105.7,-229.33,-329.04,"No",-70.36,-148.08,38.38,122802.4,1868.4,11.72
-66962.98,-12.3,-204.33,-253.04,"No",9.64,-537.08,26.35,974820,19.69,13.79
-101962.98,-2.3,-229.33,-323.04,"No",-30.36,-385.08,77.73,155452.85,1851.67,11.95
-97662.98,-22.3,-222.33,-316.04,"No",-0.36,-22.08,134.31,846168.4,2140.91,13.65
-98662.98,-17.3,-222.33,-321.04,"No",9.64,414.92,202.22,1071750.4,1807.46,13.88
-83712.98,-22.3,-214.33,-295.04,"No",9.64,-1538.08,119.48,2419422.25,583.63,14.7
-66962.98,17.7,-214.33,-284.04,"No",9.64,-86.08,162.01,5994472.4,308.21,15.61
-97062.98,-12.3,-217.33,-284.04,"No",-50.36,154.92,128.34,885571.22,1130.47,13.69
-98362.98,-6.3,-231.33,-324.04,"No",9.64,1590.92,152.48,853902,48.84,13.66
-98962.98,17.7,-222.33,-308.04,"No",-15.36,-1488.08,137.81,689029.95,1667.76,13.44
-101962.98,-22.3,-226.33,-324.04,"No",9.64,-96.08,141.22,282436.37,1849.18,12.55
10037.02,-2.3,-34.33,81.96,"No",9.64,-1361.08,254.1,28967801.1,77.11,17.18
-101562.98,-24.3,-230.33,-324.04,"No",9.64,173.92,113.79,273101.85,1667.76,12.52
82037.02,-17.3,-34.33,-123.04,"No",9.64,1698.92,126.36,23502830.4,50.32,16.97
-77962.98,-17.3,-214.33,-284.04,"No",9.64,-826.08,192.76,5011722.8,48.84,15.43
101037.02,-22.3,260.67,232.96,"No",-15.36,-1470.08,93.71,19211010,48.84,16.77
126037.02,2.7,235.67,1178.96,"No",9.64,-152.08,179.97,41391973.11,15.24,17.54
-28962.98,3.7,5.67,-0.04,"No",9.64,14.92,204.37,15327418.4,48.84,16.55
-89212.98,105.7,-221.33,-311.04,"No",-30.36,322.92,111.08,1638393.05,583.35,14.31
-94962.98,12.7,-222.33,-319.04,"No",-0.36,-204.08,140.23,1262097.2,1655.24,14.05
-71462.98,105.7,-217.33,-320.04,"No",9.64,-117.08,69.9,2271654,482.29,14.64
-92212.98,9.7,-219.33,-281.04,"Yes",9.64,-849.08,198.73,2335083.1,1834.97,14.66
116037.02,-2.3,165.67,144.96,"No",9.64,-869.08,116.81,25697441.77,52.15,17.06
-100912.98,-12.3,-229.33,-321.04,"No",9.64,384.92,95.53,291376.4,788,12.58
-89962.98,7.7,-209.33,-283.04,"No",9.64,585.92,104.77,1466792.25,1155.43,14.2
-59962.98,22.7,-127.33,-244.04,"No",9.64,228.92,240.55,10584022.75,639.72,16.17
-67462.98,-12.3,-116.33,-135.04,"No",9.64,257.92,175.78,6416015.2,190.59,15.67
-99962.98,-22.3,-226.33,-322.04,"No",9.64,-117.08,218.31,873236,1807.46,13.68
266037.02,3.7,492.67,1032.96,"No",9.64,2023.92,246.59,91239469.91,23.72,18.33
-97262.98,-22.3,-222.33,-304.04,"No",-10.36,-769.08,198.06,1326992.45,751.73,14.1
-90462.98,105.7,-184.33,-240.04,"No",9.64,-949.08,1115.67,15061500.23,55.97,16.53
-101262.98,-9.3,-232.33,-319.04,"Yes",9.64,-166.08,104.97,283427.2,1807.46,12.55
221037.02,-2.3,365.67,381.96,"No",-10.36,-753.08,147.23,47851066.3,25.32,17.68
-102762.98,56.7,-231.33,-326.04,"No",9.64,2505.92,373.74,448484.4,23.72,13.01
-89962.98,-17.3,-219.33,-316.04,"Yes",9.64,95.92,153.2,2144809.8,918.03,14.58
-100962.98,-22.3,-226.33,-321.04,"Yes",-24.36,747.92,312.35,937038.9,1807.46,13.75
-101262.98,-12.3,-221.33,-314.04,"Yes",9.64,-1540.08,158.73,428573.6,1461.86,12.97
-101462.98,-22.3,-232.33,-323.04,"No",-10.36,1747.92,538.11,1345271.2,1879.46,14.11
-71962.98,-2.3,-129.33,-204.04,"No",9.64,-647.08,161.3,5161566.39,276.95,15.46
-5962.98,-12.3,-84.33,-130.04,"No",9.64,-164.08,279.88,27428396.2,170.03,17.13
-35962.98,-16.3,-84.33,-181.04,"No",9.64,-760.08,139.82,9507608.78,1851.67,16.07
-58962.98,-12.3,-134.33,-202.04,"No",-10.36,-942.08,193.03,8686486.55,545.86,15.98
-95962.98,-22.3,-211.33,-306.04,"Yes",-20.36,-708.08,87.36,698848.15,1791.31,13.46
-102712.98,7.7,-233.33,-326.04,"No",-55.36,-322.08,913.81,1142267.35,639.72,13.95
-72962.98,21.7,-169.33,-246.04,"No",9.64,-228.08,70.84,2195903.85,657.71,14.6
-78962.98,105.7,-144.33,-194.04,"No",9.64,858.92,454.19,11354649.95,657.71,16.25
28037.02,-12.3,115.67,0.96,"No",9.64,-651.08,182.92,24145885.75,50.32,17
-100862.98,-22.3,-231.33,-325.04,"No",-40.36,696.92,140.7,436179.8,1868.4,12.99
-95762.98,-17.3,-226.33,-318.04,"No",9.64,1486.92,45.93,376602.8,1197.39,12.84
12037.02,-22.3,65.67,-99.04,"No",9.64,1676.92,169.46,19657844.85,90.62,16.79
-45962.98,-17.3,-19.33,-114.04,"No",9.64,-1016.08,102.25,5930434.8,126.65,15.6
-97362.98,7.7,-194.33,-283.04,"No",9.64,444.92,607.58,4010047.3,1667.76,15.2
-5962.98,12.7,88.67,62.96,"No",-5.36,-820.08,129.07,12648864.2,55.97,16.35
-98862.98,-14.3,-230.33,-325.04,"No",9.64,-461.08,63.2,322295.05,1851.67,12.68
-98962.98,-22.3,-214.33,-320.04,"Yes",9.64,385.92,275.48,1377418,1868.4,14.14
-93462.98,105.7,-224.33,-300.04,"No",9.64,-1170.08,288.91,3033519.65,484.85,14.93
-97662.98,-22.3,-233.33,-327.04,"No",9.64,523.92,77.62,489011.6,48.84,13.1
-87212.98,7.7,-162.33,-260.04,"No",9.64,-695.08,132.29,2215846.5,1162.26,14.61
-101362.98,-22.3,-226.33,-311.04,"No",-15.36,-1125.08,101.09,262827.22,3231.29,12.48
-101062.98,-17.3,-232.33,-324.04,"No",9.64,-796.08,58.7,170234.4,1729.17,12.04
-99912.98,-22.3,-223.33,-302.04,"Yes",9.64,-1183.08,236.63,958342,1484.52,13.77
-99112.98,-2.3,-228.33,-325.04,"Yes",9.64,-700.08,128.73,624363.25,1667.76,13.34
-50962.98,-2.3,15.67,-49.04,"No",9.64,-361.08,197.19,10451142.8,158.3,16.16
-54962.98,-17.3,-150.33,-231.04,"No",9.64,-163.08,248.42,12172361.03,356.2,16.31
96037.02,-12.3,-34.33,119.96,"No",-5.36,-240.08,331.93,66385967.94,50.32,18.01
346037.02,12.7,765.67,1489.96,"No",9.64,257.92,236.14,106261234.8,28.66,18.48
-47962.98,17.7,115.67,28.96,"No",-30.36,-718.08,181.28,10151485.05,48.84,16.13
-28962.98,-17.3,-109.33,-153.04,"No",9.64,-54.08,154.78,11608606.8,44.15,16.27
-101962.98,-27.3,-233.33,-327.04,"No",9.64,-359.08,4.74,9486.4,1117.74,9.16
-83212.98,-22.3,-187.33,-272.04,"No",9.64,-639.08,127.91,2654062.95,1155.43,14.79
121037.02,-12.3,965.67,1074.96,"No",9.64,-622.08,172.11,38725264.55,19.69,17.47
-59962.98,2.7,-84.33,-272.04,"No",-20.36,2981.92,141.48,6225079,249.44,15.64
-98562.98,-22.3,-229.33,-324.04,"No",-5.36,-567.08,56.34,304228.05,1879.46,12.63
-99462.98,-17.3,-226.33,-317.04,"No",9.64,1486.92,362.1,1629462.8,1879.46,14.3
396038.02,-17.3,417.67,626.96,"No",7.64,-575.08,139.82,69911284.93,48.84,18.06
-100462.98,0.7,-229.33,-326.04,"No",9.64,2465.92,281.28,984472.65,75.27,13.8
-102062.98,-6.3,-232.33,-325.04,"No",-40.36,-1089.08,181.12,344123.92,316.08,12.75
-101112.98,-22.3,-230.33,-320.04,"Yes",9.64,585.92,131.16,373818.2,1451.62,12.83
-51962.98,-2.3,-130.33,-48.04,"No",7.64,-589.08,174.19,9057899.9,315.52,16.02
296037.02,3.7,764.67,-145.04,"No",-30.36,1688.92,78.67,31466269.21,23.72,17.26
-71462.98,9.7,-134.33,-262.04,"No",-40.36,-700.08,155.91,5066968.2,55.97,15.44
-38962.98,-22.3,15.67,23.96,"No",9.64,-193.08,178.23,11585219.32,212.43,16.27
-101362.98,-27.3,-231.33,-325.04,"No",9.64,2139.92,171.48,445846.8,1879.46,13.01
-100962.98,-22.3,-224.33,-321.04,"No",-15.36,-797.08,108.36,325071.6,583.35,12.69
-92962.98,-2.3,-212.33,-298.04,"No",9.64,-140.08,154.21,1696318.4,1023.61,14.34
-101762.98,-22.3,-229.33,-324.04,"No",9.64,-106.08,134.9,296783.2,1807.46,12.6
-83962.98,-2.3,-184.33,-257.04,"No",9.64,898.92,261.58,5231629.2,1162.26,15.47
-74962.98,-25.3,-198.33,-199.04,"No",9.64,-203.08,177.4,5144471.85,632.52,15.45
-87962.98,-17.3,-179.33,-245.04,"No",9.64,-1121.08,349.24,5587831.9,356.2,15.54
-75962.98,-14.3,-34.33,-158.04,"No",9.64,130.92,177.49,4969799.63,19.69,15.42
161037.02,-22.3,215.67,450.96,"No",9.64,-53.08,205.23,54387082.65,52.15,17.81
-99262.98,-5.3,-225.33,-319.04,"No",9.64,1815.92,299.15,1406022.8,23.72,14.16
-43962.98,-22.3,11.67,59.96,"No",9.64,-699.08,366,21960173.2,48.84,16.9
-73962.98,-2.3,-174.33,-251.04,"No",4.64,-898.08,237.26,7117832.05,647.99,15.78
596037.02,-2.3,1015.67,2119.96,"No",9.64,105.92,212.99,149091087.06,23.72,18.82
196037.02,-2.3,183.67,341.96,"No",9.64,-280.08,95.55,28664036.88,48.84,17.17
496037.02,2.7,690.67,919.96,"No",9.64,2933.92,210.98,126587071.67,23.72,18.66
26037.02,-7.3,165.67,199.96,"No",9.64,-386.08,208.18,27063375.2,53.72,17.11
-37962.98,105.7,193.67,49.96,"No",9.64,-1485.08,266.25,17572462.6,249.44,16.68
-101462.98,-7.3,-231.33,-328.04,"No",9.64,404.92,104.2,260498,23.72,12.47
-73962.98,105.7,-134.33,-210.04,"No",9.64,1568.92,84.08,2522265.2,281.11,14.74
22037.02,105.7,133.67,147.96,"No",9.64,-598.08,182.09,22943104.45,26.09,16.95
56037.02,-12.3,9.67,45.96,"No",9.64,184.92,110.52,17683387.34,148.3,16.69
52037.02,105.7,40.67,-30.04,"No",-15.36,-512.08,106.37,16594051.09,53.72,16.62
-98962.98,-22.3,-231.33,-327.04,"No",-24.36,90.92,39.04,195210.05,1807.46,12.18
-88212.98,-22.3,-229.33,-316.04,"No",-15.36,-716.08,87.19,1373320.55,1130.47,14.13
-99962.98,-24.3,-231.33,-322.04,"Yes",9.64,127.92,175.01,700029.4,1807.46,13.46
-98062.98,-2.3,-229.33,-321.04,"No",-25.36,-928.08,158.67,936152.7,1791.31,13.75
-98662.98,-8.3,-213.33,-301.04,"Yes",-24.36,-624.08,317.48,1682630.95,964.6,14.34
96038.02,105.7,115.67,229.96,"No",9.64,106.92,163.74,32749036.23,48.84,17.3
-85712.98,-22.3,-206.33,-300.04,"No",9.64,-55.08,114.17,2083611.6,1155.43,14.55
206037.02,-12.3,115.67,222.96,"No",-15.36,-141.08,111.04,34421934.63,25.32,17.35
186037.02,-12.3,165.67,119.96,"No",9.64,-1340.08,142.46,41312764.01,51.11,17.54
-99412.98,-2.3,-231.33,-324.04,"No",-57.36,-949.08,137.56,625917.6,1559.83,13.35
316037.02,-17.3,1284.67,946.96,"No",-0.36,-494.08,145.66,61178134.53,52.15,17.93
-92962.98,-17.3,-184.33,-266.04,"No",-10.36,-249.08,190.87,2099529.25,1130.47,14.56
696037.02,105.7,1765.67,1272.96,"No",-0.36,-504.08,61.94,49548918.49,25.32,17.72
28037.02,-17.3,-104.33,-180.04,"No",-46.36,2990.92,101.55,13404962.2,50.32,16.41
-89962.98,-12.3,-214.33,-309.04,"No",-50.36,5.92,76.71,1073996,1807.46,13.89
-97662.98,105.7,-221.33,-316.04,"No",9.64,424.92,372.15,2344529.6,48.84,14.67
-99362.98,-17.3,-222.33,-317.04,"No",9.64,2142.92,179.56,825966.4,1162.26,13.62
116037.02,-2.3,119.67,209.96,"No",4.64,-666.08,167.89,36936328.8,48.84,17.42
-100512.98,-22.3,-226.33,-314.04,"No",9.64,304.92,104.46,360396.05,1807.46,12.79
-97262.98,-2.3,-207.33,-294.04,"No",-5.36,395.92,145.93,977723.6,1828.05,13.79
-102662.98,-14.3,-231.33,-328.04,"Yes",9.64,3427.92,263.41,342428.8,1197.39,12.74
-98762.98,-22.3,-217.33,-310.04,"No",9.64,-324.08,421.61,2192390.9,1522.98,14.6
-8962.98,-12.3,-184.33,-260.04,"No",9.64,-497.08,56.95,5410300,79.35,15.5
28037.02,-7.3,365.67,261.96,"No",9.64,1543.92,186.48,24615230.43,183.79,17.02
80037.02,3.7,465.67,669.96,"No",9.64,-224.08,242.81,44677644.11,53.72,17.61
396037.02,-2.3,765.67,922.96,"No",9.64,-296.08,216.94,108468897.6,25.32,18.5
-99762.98,-22.3,-231.33,-319.04,"No",-10.36,173.92,137.09,575796.55,23.72,13.26
196037.02,-12.3,65.67,49.96,"No",-0.36,-1150.08,83.65,25096207.13,23.25,17.04
-79962.98,-4.3,-220.33,-300.04,"Yes",9.64,2086.92,124.77,2994590.9,281.11,14.91
206037.02,-22.3,190.67,256.96,"No",-30.36,-213.08,203.61,63120563,25.32,17.96
-102462.98,-2.3,-230.33,-325.04,"No",-40.36,-600.08,112.26,168392.7,1155.43,12.03
-101212.98,-21.3,-224.33,-313.04,"Yes",9.64,-218.08,328.31,902854.4,1522.98,13.71
196037.02,-12.3,415.67,669.96,"No",9.64,-395.08,141.53,42459917.85,25.32,17.56
-101962.98,-1.3,-228.33,-323.04,"No",9.64,1220.92,455.16,910324.8,23.72,13.72
-70462.98,17.7,-34.33,-155.04,"No",9.64,510.92,114.02,3819824.4,583.63,15.16
-59962.98,-12.3,-79.33,-266.04,"No",-15.36,-506.08,171.59,7550137,48.84,15.84
-83962.98,-2.3,-169.33,-263.04,"Yes",4.64,971.92,254.95,5098917.6,281.11,15.44
-102762.98,-12.3,-230.33,-327.04,"No",9.64,-1062.08,156.28,187537.14,1451.62,12.14
-99962.98,-27.3,-232.33,-322.04,"No",9.64,835.92,95.72,382880.75,1879.46,12.86
226037.02,7.7,69.67,-28.04,"No",9.64,-619.08,504.13,166362462.56,25.32,18.93
28037.02,-2.3,315.67,82.96,"No",9.64,385.92,79.38,10478731.2,148.3,16.16
-51962.98,-12.3,-19.33,-70.04,"No",4.64,-563.08,229.58,11938309.6,545.86,16.3
-100962.98,-17.3,-231.33,-327.04,"No",-10.36,-349.08,38.76,116270,1387.08,11.66
-101962.98,7.7,-230.33,-320.04,"No",9.64,-753.08,282.81,565614,1879.46,13.25
-95062.98,-18.3,-203.33,-287.04,"No",9.64,-2.08,154.78,1377532.1,1098.79,14.14
-93962.98,81.7,-214.33,-295.04,"No",9.64,407.92,508.92,5089184.8,1130.47,15.44
696037.02,5.7,2265.67,4739.96,"No",-15.36,457.92,193.27,154619970.46,16.67,18.86
-101762.98,-2.3,-233.33,-326.04,"No",9.64,-853.08,71.5,157291.05,1868.4,11.97
-100762.98,-17.3,-230.33,-324.04,"Yes",-40.36,-1176.08,111.69,357409.85,1274.26,12.79
161037.02,-12.3,190.67,1039.96,"No",9.64,401.92,157.48,41731328.8,74.84,17.55
-101462.98,7.7,-226.33,-313.04,"No",9.64,-323.08,86.08,215194,23.25,12.28
361037.02,-3.3,136.67,84.96,"No",-0.36,-421.08,110.82,51530918.31,15.95,17.76
-3962.98,-22.3,-204.33,-284.04,"No",-40.36,-423.08,65.14,6513693.91,787.08,15.69
-100162.98,-17.3,-226.33,-318.04,"No",9.64,-469.08,95.38,362437.25,1851.67,12.8
-86212.98,14.7,-162.33,-278.04,"No",9.64,156.92,201.94,3584410.2,1023.61,15.09
496037.02,-2.3,1765.67,3093.96,"No",9.64,-447.08,150.29,90172430.55,25.32,18.32
181037.02,-17.3,689.67,3209.96,"No",9.64,-1415.08,133.09,37931573.45,23.72,17.45
696037.02,-7.3,215.67,128.96,"No",-5.36,454.92,126.02,100815667.57,6.62,18.43
171037.02,5.7,665.67,769.96,"No",9.64,977.92,261.67,71959536.07,48.84,18.09
-7962.98,-2.3,50.67,789.96,"No",9.64,-496.08,359.19,34481809.25,177.34,17.36
-18962.98,-22.3,-74.33,-21.04,"No",9.64,384.92,139.91,11892297.55,316.08,16.29
-100762.98,-17.3,-230.33,-324.04,"No",-0.36,74.92,111.05,355345.2,1069.33,12.78
266037.02,-22.3,265.67,343.96,"No",-10.36,-572.08,75.11,27791875.02,52.15,17.14
296037.02,7.7,765.67,5294.96,"No",-0.36,-394.08,91.5,36601652.9,52.15,17.42
196037.02,105.7,1265.67,2104.96,"No",-15.36,-338.08,101.12,30335352.6,52.15,17.23
-86462.98,-24.3,-164.33,-253.04,"No",9.64,-312.08,409.5,7166166.35,1117.74,15.78
-62962.98,-22.3,-184.33,-323.04,"No",-10.36,-243.08,74.73,3064083.75,440.05,14.94
-101262.98,-27.3,-231.33,-323.04,"No",9.64,-281.08,144.74,390797.05,2249.14,12.88
-88712.98,105.7,-231.33,-327.04,"No",-80.36,-353.08,27.31,416488.8,1031.35,12.94
276037.02,34.7,965.67,2679.96,"No",8.64,-998.08,139.93,53171519.01,19.69,17.79
-99812.98,-17.3,-227.33,-321.04,"No",9.64,-669.08,88.21,366058.7,21.56,12.81
-23962.98,-12.3,-228.33,-310.04,"No",-30.36,-1528.08,74.07,5925824.1,157.11,15.59
-100662.98,-14.3,-230.33,-322.04,"Yes",-15.36,-726.08,482.46,1592125.5,1879.46,14.28
-62462.98,9.7,-194.33,-256.04,"No",-47.36,-1534.08,65.69,2726110.1,249.44,14.82
-54462.98,10.7,-34.33,324.96,"No",4.64,-701.08,293.03,14505134.35,42.76,16.49
-94962.98,105.7,-224.33,-323.04,"No",9.64,-683.08,50.83,457458.05,1729.17,13.03
696037.02,-7.3,25.67,-72.04,"No",-10.36,-610.08,277.2,221756822.1,6.62,19.22
251037.02,13.7,350.67,159.96,"No",9.64,506.92,148.63,52764268.55,23.25,17.78
-101762.98,21.7,-229.33,-323.04,"No",-5.36,-21.08,386.21,849660,1117.74,13.65
86037.02,-2.3,265.67,451.96,"No",9.64,-1348.08,174.2,33098207.1,148.93,17.31
-93462.98,-2.3,-223.33,-295.04,"No",-40.36,-879.08,327.99,3443850.55,1145.08,15.05
-98962.98,7.7,-227.33,-322.04,"No",9.64,-435.08,154.6,773021.2,810.4,13.56
46037.02,-6.3,65.67,235.96,"Yes",-0.36,1831.92,279.78,41967272.1,183.79,17.55
-99512.98,-22.3,-228.33,-323.04,"No",-59.36,-706.08,54.11,240806.05,1851.67,12.39
-99262.98,-20.3,-225.33,-312.04,"No",9.64,510.92,126.43,594244,961.78,13.3
-44962.98,-12.3,-159.33,-230.04,"No",9.64,-421.08,194.85,11496340.8,63.07,16.26
40037.02,-7.3,315.67,419.96,"No",9.64,467.92,308.27,44390308.97,50.32,17.61
-99812.98,-22.3,-227.33,-321.04,"Yes",9.64,2192.92,252.44,1047639.6,1879.46,13.86
-85962.98,-12.3,-219.33,-314.04,"No",9.64,1213.92,41.31,743604.4,657.71,13.52
18037.02,-2.3,85.67,28.96,"No",9.64,-1189.08,147.57,18003013,50.32,16.71
-100762.98,-17.3,-227.33,-315.04,"No",-30.36,-796.08,328.88,1052413.6,1031.35,13.87
-68462.98,105.7,-182.33,-264.04,"No",9.64,1333.92,262.92,9333668.02,657.71,16.05
-101962.98,-22.3,-232.33,-327.04,"No",9.64,287.92,50.2,100399.6,1807.46,11.52
-89962.98,-22.3,-194.33,-255.04,"No",-30.36,-111.08,234.38,3281280.8,583.63,15
-41962.98,-2.3,-59.33,-160.04,"No",4.64,-1038.08,142.76,8851031.35,217.12,16
70037.02,-7.3,-174.33,-262.04,"No",9.64,-786.08,152.1,26465035.7,150.44,17.09
-96862.98,-12.3,-224.33,-312.04,"No",-10.36,-960.08,87.96,624505,1851.67,13.34
-25962.98,-12.3,-164.33,-290.04,"No",-30.36,-870.08,70.52,5500708.05,62.7,15.52
-100362.98,-9.3,-229.33,-325.04,"No",9.64,2526.92,136.74,492270.45,48.84,13.11
201037.02,-22.3,765.67,883.96,"No",9.64,84.92,452.37,137973870.88,62.14,18.74
-99162.98,-18.3,-230.33,-323.04,"Yes",-44.36,-1265.08,179.52,861673.54,1461.86,13.67
-5962.98,-2.3,50.67,29.96,"No",9.64,1233.92,262.48,25723494.73,178.39,17.06
-61962.98,-12.3,-84.33,-168.04,"No",9.64,1570.92,200.16,8406738.9,657.71,15.94
-99462.98,-22.3,-227.33,-320.04,"No",9.64,378.92,37.78,170031.4,1807.46,12.04
-101462.98,-22.3,-231.33,-325.04,"No",9.64,-1325.08,53.29,133218.05,1655.24,11.8
-88962.98,-22.3,-229.33,-321.04,"Yes",9.64,-777.08,99.26,1488853.8,1879.46,14.21
-72462.98,105.7,-164.33,-220.04,"No",9.64,-972.08,254.43,8014529.14,52.15,15.9
146037.02,-17.3,165.67,369.96,"No",9.64,-567.08,194.19,48547391.2,62.14,17.7
696037.02,-12.3,1965.67,4444.96,"No",-10.36,-1586.08,113.81,91047273.8,23.72,18.33
-67962.98,21.7,-204.33,-303.04,"No",9.64,179.92,156.59,5637329.6,632.52,15.54
-100062.98,9.7,-222.33,-324.04,"No",9.64,-543.08,109.93,428738.45,1667.76,12.97
-98962.98,-22.3,-233.33,-329.04,"No",9.64,-557.08,112.39,561960,953.19,13.24
-77962.98,-12.3,-174.33,-264.04,"No",-32.36,467.92,40.4,1050442.4,1868.4,13.86
-94962.98,-2.3,-215.33,-290.04,"No",9.64,191.92,188.35,1695193.5,1130.47,14.34
186037.02,-2.3,640.67,297.96,"Yes",9.64,2985.92,138.38,40128998,48.84,17.51
-64462.98,-22.3,-199.33,-284.04,"No",9.64,-1146.08,54.35,2146702.95,639.72,14.58
-101162.98,-17.3,-223.33,-314.04,"Yes",-25.36,-1065.08,263.89,738904.04,1851.67,13.51
596037.02,105.7,2165.67,3513.96,"No",-10.36,262.92,201.21,140849119.85,23.72,18.76
-99962.98,-12.3,-212.33,-299.04,"Yes",9.64,-616.08,353.78,1415109.86,1107.75,14.16
-98562.98,-12.3,-227.33,-312.04,"No",9.64,-485.08,173.83,938673.1,31.36,13.75
46037.02,-12.3,-154.33,-208.04,"No",-60.36,-171.08,173.44,26016454.45,16.67,17.07
-13962.98,-2.3,-134.33,-188.04,"No",9.64,-906.08,198.77,17889074.94,84.06,16.7
-41962.98,-7.3,-34.33,-65.04,"No",9.64,-836.08,95.48,5920041.4,276.95,15.59
-102462.98,-20.3,-231.33,-323.04,"Yes",9.64,384.92,372.13,558188.4,1107.75,13.23
-98562.98,-12.3,-228.33,-320.04,"No",-5.36,118.92,53.77,290334.8,1828.05,12.58
-96362.98,-12.3,-194.33,-267.04,"No",9.64,210.92,68.9,523614,1117.74,13.17
-59962.98,-17.3,-125.33,-214.04,"No",9.64,-774.08,48.12,2117325.31,532.96,14.57
-102762.98,-12.3,-231.33,-318.04,"No",-0.36,1731.92,135.72,162859.2,1868.4,12
-96062.98,-22.3,-212.33,-302.04,"No",9.64,2213.92,86.67,684670.35,1868.4,13.44
32037.02,-17.3,-34.33,-30.04,"No",-20.36,-887.08,265.45,36100604.05,321.82,17.4
-63962.98,-14.3,-189.33,-254.04,"Yes",9.64,-699.08,211.31,8452288.95,1162.26,15.95
-98462.98,-12.3,-215.33,-305.04,"No",9.64,-826.08,108.57,597123.1,1461.86,13.3
-93961.98,-9.3,-199.33,-289.04,"No",9.64,-732.08,77.57,775748.75,1145.08,13.56
8037.02,-2.3,-74.33,-169.04,"No",9.64,-1175.08,136.71,15311228.45,57.66,16.54
-94062.98,-12.3,-229.33,-320.04,"No",9.64,-796.08,31.08,307650,2396.73,12.64
-97262.98,-12.3,-222.33,-294.04,"No",9.64,90.92,88.84,595246.4,1828.05,13.3
-98962.98,-19.3,-225.33,-320.04,"No",9.64,-984.08,150.11,750540,1667.76,13.53
-97962.98,-27.3,-233.33,-329.04,"No",-70.36,214.92,35.83,214999.75,1807.46,12.28
-92962.98,-12.3,-185.33,-240.04,"No",9.64,-1180.08,669.75,7367200.33,1667.76,15.81
-97262.98,-22.3,-221.33,-304.04,"No",-15.36,564.92,99.98,669875.15,1879.46,13.41
24037.02,-12.3,15.67,44.96,"No",9.64,-708.08,124.12,15887554.9,16.43,16.58
111037.02,5.7,565.67,556.96,"No",-10.36,-750.08,209.02,44939683.22,52.15,17.62
126037.02,-1.3,365.67,744.96,"No",-0.36,-41.08,208.3,47908562.48,23.72,17.68
-99962.98,-2.3,-224.33,-315.04,"No",9.64,446.92,61.81,247248.4,1729.17,12.42
-96962.98,-22.3,-224.33,-314.04,"No",-30.36,-1426.08,90.6,634225.2,48.84,13.36
-66462.98,-12.3,-84.33,-105.04,"No",9.64,2199.92,146.45,5491934,19.69,15.52
-89962.98,-12.3,-214.33,-305.04,"No",9.64,1470.92,84.43,1182008.8,1162.26,13.98
-97362.98,-12.3,-229.33,-319.04,"No",-57.36,-999.08,71.6,472592.4,575.39,13.07
-101462.98,-2.3,-226.33,-318.04,"No",9.64,-986.08,77.29,193230.8,1851.67,12.17
-98762.98,17.7,-225.33,-320.04,"No",-75.36,1539.92,103.11,536166.4,1879.46,13.19
-96862.98,-17.3,-211.33,-312.04,"No",9.64,426.92,99.51,706546.4,1117.74,13.47
16037.02,1.7,77.67,257.96,"No",8.64,-222.08,226.87,27223994.35,64.48,17.12
-98962.98,-2.3,-231.33,-314.04,"No",9.64,2194.92,347.83,1739152.05,23.72,14.37
-57462.98,12.7,-159.33,-247.04,"No",9.64,-506.08,336.76,15659254.1,247.57,16.57
-4962.98,-2.3,15.67,-75.04,"No",9.64,-603.08,184.88,18303208,52.15,16.72
111037.02,-7.3,390.67,639.96,"No",-0.36,-1009.08,160.92,34596899.86,48.84,17.36
316037.02,-2.3,190.67,211.96,"No",9.64,-1021.08,152.24,63938938.93,25.32,17.97
-77962.98,-12.3,-158.33,-307.04,"No",-15.36,1035.92,699.46,18185857.9,196.32,16.72
2037.02,-12.3,65.67,169.96,"No",9.64,196.92,504.92,53521360.67,50.32,17.8
96037.02,-22.3,290.67,402.96,"No",9.64,-1175.08,261.66,52331644.49,57.66,17.77
6037.02,1.7,-59.33,-155.04,"No",4.64,409.92,131.16,14427504,50.32,16.48
16037.02,-22.3,185.67,-55.04,"No",9.64,-1526.08,261.15,31337681.2,20.29,17.26
-102262.98,-14.3,-230.33,-326.04,"No",9.64,-1420.08,122.51,208263.65,1667.76,12.25
696037.02,-0.3,1299.67,1322.96,"No",9.64,1837.92,171.24,136989459.35,23.72,18.74
-86212.98,105.7,-214.33,-230.04,"No",-10.36,191.92,39.24,696422.3,1031.35,13.45
-86962.98,-22.3,-201.33,-295.04,"No",9.64,465.92,95.33,1620626,1069.33,14.3
-6962.98,-7.3,-84.33,-166.04,"No",9.64,-411.08,65.99,6401113.6,239.38,15.67
-101462.98,-13.3,-224.33,-317.04,"No",9.64,1372.92,241.91,604768.15,1879.46,13.31
-102162.98,-10.3,-230.33,-325.04,"No",9.64,39.92,522.96,941319.05,48.84,13.76
-99962.98,-22.3,-225.33,-320.04,"No",9.64,-1091.08,84.18,336715.75,1868.4,12.73
126037.02,-22.3,215.67,1194.96,"No",-0.36,-1180.08,96.04,22088382.4,62.14,16.91
-78961.98,37.7,-184.33,-225.04,"No",9.64,-577.08,514.31,12858205.15,145.5,16.37
-102762.98,-22.3,-232.33,-327.04,"No",9.64,-43.08,92.85,111419.7,1729.17,11.62
82037.02,105.7,77.67,574.96,"No",9.64,55.92,110.63,20577457.05,64.02,16.84
-95762.98,-20.3,-214.33,-309.04,"Yes",9.64,-819.08,110.97,909971.3,1461.86,13.72
-8962.98,-7.3,-59.33,379.96,"No",9.64,-302.08,349.14,33167996.4,62.14,17.32
-86212.98,-17.3,-179.33,-240.04,"No",9.64,122.92,199.3,3537607.5,1117.74,15.08
-101462.98,-12.3,-228.33,-327.04,"No",9.64,1051.92,264.34,660850.4,19.69,13.4
-98762.98,-17.3,-226.33,-319.04,"No",9.64,103.92,89.99,467972.75,1451.62,13.06
-38962.98,-22.3,-174.33,-319.04,"No",-15.36,-598.08,126.66,8233208.04,179.6,15.92
-97262.98,33.7,-218.33,-304.04,"No",-10.36,347.92,161.67,1083160.4,1828.05,13.9
-37962.98,-12.3,-59.33,-20.04,"No",-5.36,-363.08,177.33,11703952.8,139.17,16.28
-96462.98,-12.3,-214.33,-305.04,"No",-15.36,-1005.08,95.77,718257.81,1868.4,13.48
-101462.98,-12.3,-227.33,-315.04,"No",9.64,-458.08,123.13,307824.3,4458.21,12.64
-60462.98,105.7,-214.33,-270.04,"No",9.64,30.92,361.16,15710479.29,321.29,16.57
346037.02,105.7,1265.67,2019.96,"No",-5.36,439.92,199.46,89757275.84,23.25,18.31
196037.02,-7.3,315.67,521.96,"No",9.64,-48.08,201.49,60446165.15,86.87,17.92
221037.02,35.7,190.67,55.96,"No",9.64,1110.92,159.04,51687758.15,23.25,17.76
-62462.98,-2.3,-154.33,-234.04,"No",9.64,-504.08,46.6,1934051.35,55.97,14.48
-100962.98,105.7,-231.33,-327.04,"No",9.64,2164.92,209.12,627353.65,48.84,13.35
-93212.98,-12.3,-223.33,-311.04,"No",9.64,-831.08,96.73,1039829,964.6,13.85
396038.02,-7.3,165.67,331.96,"No",1.64,430.92,160.98,80491685.75,14.6,18.2
-101462.98,-11.3,-231.33,-325.04,"No",9.64,278.92,383.6,958991.6,23.72,13.77
266037.02,9.7,565.67,990.96,"No",-0.36,1701.92,234.66,86823364.87,23.72,18.28
-102412.98,-12.3,-230.33,-324.04,"No",9.64,-228.08,147.94,229309.5,1655.24,12.34
-89462.98,-22.3,-215.33,-319.04,"No",-40.36,-364.08,185.76,2693532.8,639.72,14.81
60037.02,-2.3,267.67,216.96,"No",4.64,-1211.08,154.96,25414018.82,26.09,17.05
-87962.98,-22.3,-203.33,-291.04,"No",9.64,-928.08,160.89,2574255.6,1031.35,14.76
-102562.98,21.7,-227.33,-318.04,"No",9.64,-882.08,60.32,84445.2,1559.83,11.34
-60462.98,-22.3,-84.33,-177.04,"No",7.64,1714.92,140.21,6098979.6,259.35,15.62
-97662.98,-27.3,-228.33,-326.04,"No",9.64,-737.08,55.52,349775.65,1197.39,12.77
-102362.98,-12.3,-230.33,-324.04,"No",9.64,-47.08,204.3,326882.15,1522.98,12.7
-27962.98,27.7,-174.33,-290.04,"No",-15.36,-833.08,270.33,20545327.6,942.56,16.84
-70462.98,-2.3,-217.33,-309.04,"No",9.64,-432.08,548.34,18369538.6,62.7,16.73
-98962.98,-22.3,-230.33,-323.04,"No",9.64,1812.92,350.62,1753105.2,23.72,14.38
8037.02,105.7,465.67,517.96,"No",9.64,1828.92,225.91,25301533.6,50.32,17.05
-97662.98,-25.3,-228.33,-314.04,"No",9.64,-163.08,51.15,322252,961.78,12.68
-102212.98,-22.3,-231.33,-324.04,"No",-15.36,245.92,191.14,334490.8,1484.52,12.72
-7962.98,-17.3,265.67,579.96,"No",9.64,-1530.08,899.47,86348711.86,55.97,18.27
-99462.98,-22.3,-227.33,-315.04,"No",9.64,265.92,129.63,583334.15,1868.4,13.28
146037.02,-7.3,15.67,619.96,"No",7.64,-403.08,156.85,39211266.67,19.69,17.48
496037.02,105.7,-114.33,-158.04,"No",-0.36,652.92,106.21,63728295.4,62.59,17.97
-102862.98,-11.3,-231.33,-326.04,"No",9.64,350.92,279.76,307739.95,19.69,12.64
-99462.98,7.7,-228.33,-326.04,"No",9.64,-23.08,124.16,558723.2,23.72,13.23
-3961.98,-2.3,365.67,434.96,"No",9.64,-1140.08,221.97,22197508.9,57.66,16.92
-100962.98,-13.3,-226.33,-322.04,"Yes",9.64,617.92,154.59,463766.8,1451.62,13.05
-102362.98,-20.3,-228.33,-321.04,"No",9.64,926.92,122.2,195515.6,1461.86,12.18
596037.02,2.7,2765.67,4214.96,"No",-10.36,-345.08,210.71,147495346.85,25.32,18.81
-101962.98,-5.3,-230.33,-326.04,"No",9.64,609.92,394.3,788592,23.72,13.58
-92962.98,-22.3,-217.33,-309.04,"No",9.64,-1181.08,99.01,1089149.6,751.73,13.9
-78962.98,-22.3,-134.33,-204.04,"No",-15.36,-50.08,158.58,3964530.15,639.72,15.19
-91962.98,-12.3,-194.33,-231.04,"No",-15.36,-266.08,108.28,1299404.4,632.52,14.08
596037.02,-22.3,1865.67,941.96,"No",9.64,-411.08,1245.06,871540355.35,23.72,20.59
-28962.98,4.7,-134.33,-97.04,"No",-0.36,2233.92,234.59,17594178,48.84,16.68
56037.02,-22.3,-59.33,-198.04,"No",9.64,-1636.08,211.44,33830090.98,84.06,17.34
596037.02,2.7,1965.67,2119.96,"No",7.64,-332.08,274.2,191939670.99,25.32,19.07
-101212.98,-12.3,-231.33,-323.04,"Yes",9.64,-1506.08,266.05,731636.5,1655.24,13.5
-102262.98,-22.3,-231.33,-327.04,"No",9.64,-748.08,69.3,117808.6,1559.83,11.68
-98962.98,-22.3,-214.33,-287.04,"No",9.64,502.92,281.05,1405230.4,1807.46,14.16
-99462.98,-17.3,-229.33,-328.04,"No",9.64,-506.08,158.61,713741.35,1197.39,13.48
496037.02,4.7,690.67,678.96,"No",9.64,-439.08,130.21,78125700.8,25.32,18.17
46037.02,105.7,265.67,119.96,"No",8.64,-660.08,162.13,24319122.15,50.32,17.01
-102462.98,-27.3,-233.33,-327.04,"No",9.64,-11.08,54.44,81664.8,1791.31,11.31
-78961.98,-2.3,-174.33,-34.04,"No",9.64,-1121.08,275.05,6876601.9,48.84,15.74
-75962.98,105.7,-34.33,-50.04,"No",9.64,237.92,463.57,12980089.85,1117.74,16.38
-97962.98,-22.3,-217.33,-313.04,"No",-15.36,2269.92,95.22,571314.8,1134.75,13.26
-101562.98,-2.3,-231.33,-325.04,"Yes",-15.36,-935.08,75.3,180725.65,25.32,12.1
596037.02,3.7,265.67,459.96,"No",-15.36,-488.08,129.32,90524734.02,25.32,18.32
-81962.98,-22.3,-210.33,-302.04,"No",9.64,-1596.08,22.77,500886.4,1667.76,13.12
-44962.98,-12.3,-47.33,-115.04,"No",9.64,-1150.08,175.78,10371016.6,7.58,16.15
-101762.98,-10.3,-229.33,-325.04,"No",9.64,1725.92,462.06,1016530.2,48.84,13.83
-1962.98,22.7,-34.33,-85.04,"No",9.64,-629.08,181.73,18535992.3,57.66,16.74
206037.02,13.7,1044.67,1924.96,"No",4.64,19.92,235.68,73060032.37,52.15,18.11
-35962.98,105.7,-84.33,-209.04,"No",9.64,-695.08,378.17,25715344.45,276.95,17.06
-64462.98,-7.3,-159.33,-271.04,"No",4.64,662.92,231.36,9138914.4,48.84,16.03
-97962.98,-2.3,-222.33,-314.04,"No",9.64,996.92,155,929981.5,1807.46,13.74
-97862.98,105.7,-230.33,-322.04,"No",-0.36,2059.92,224.53,1369655.35,23.72,14.13
-63962.98,-17.3,-209.33,-286.04,"No",-10.36,-121.08,103.4,4135881.05,48.84,15.24
-102262.98,-22.3,-232.33,-326.04,"No",9.64,-439.08,128.18,217912.1,738.09,12.29
-91712.98,-12.3,-222.33,-280.04,"Yes",-20.36,607.92,171.85,2105135.2,1031.35,14.56
-98462.98,-15.3,-216.33,-307.04,"No",9.64,-162.08,113.29,623077,1484.52,13.34
-67462.98,-12.3,-174.33,-262.04,"No",-24.36,-896.08,98.71,3602803.05,545.86,15.1
54037.02,-2.3,-104.33,129.96,"No",9.64,-855.08,287.95,45495350.25,3.79,17.63
-79962.98,-2.3,-214.33,-270.04,"Yes",9.64,-355.08,258.16,6195778.05,445.92,15.64
-89962.98,-2.3,-217.33,-315.04,"No",-50.36,1346.92,112.18,1570515.45,1117.74,14.27
-98262.98,-18.3,-208.33,-308.04,"No",9.64,-283.08,92.48,527157.05,1791.31,13.18
-61962.98,-12.3,-204.33,-282.04,"No",-10.36,234.92,173.22,7275360.75,632.52,15.8
-99812.98,-22.3,-232.33,-325.04,"No",-10.36,-336.08,118.4,491358.7,1851.67,13.1
-58962.98,-22.3,-214.33,-220.04,"No",9.64,-1256.08,158.21,7119615.65,63.02,15.78
66037.02,-7.3,145.67,92.96,"No",9.64,2155.92,182.09,30955164.8,50.32,17.25
76037.02,1.7,15.67,225.96,"No",-0.36,-403.08,144.72,26049708.65,163.09,17.08
-100962.98,-8.3,-227.33,-317.04,"Yes",9.64,149.92,230.17,690496.8,1807.46,13.45
96037.02,-7.3,415.67,957.96,"No",9.64,-770.08,161.03,32205973.8,53.72,17.29
-48962.98,-17.3,-59.33,-152.04,"No",-5.36,-997.08,223.39,12286459.5,281.11,16.32
-99962.98,-8.3,-233.33,-328.04,"No",9.64,-1008.08,467.45,1869801.5,1107.75,14.44
-7962.98,105.7,365.67,669.96,"No",9.64,1547.92,583.86,56050979.6,178.39,17.84
241037.02,-3.3,865.67,1089.96,"No",9.64,1607.92,193.83,66870639.8,23.72,18.02
-76962.98,-12.3,-231.33,-322.04,"No",-57.36,-478.08,58.17,1570465.4,653.84,14.27
-89712.98,-14.3,-207.33,-301.04,"No",9.64,-651.08,114.29,1628679.15,1559.83,14.3
-55462.98,105.7,-134.33,-210.04,"No",9.64,-736.08,872.37,42310099.76,276.95,17.56
-99562.98,-22.3,-222.33,-316.04,"Yes",9.64,-664.08,138.39,608905.85,1851.67,13.32
-58962.98,-22.3,-172.33,-239.04,"No",9.64,-1231.08,115.63,5203391.55,63.02,15.46
-43962.98,22.7,-84.33,-130.04,"No",9.64,-448.08,342.77,20566302.4,213.48,16.84
-45962.98,-12.3,-141.33,-303.04,"No",-20.36,-1519.08,117.61,6821153.5,833.88,15.74
-98962.98,-2.3,-224.33,-322.04,"No",9.64,176.92,264.08,1320405.8,31.85,14.09
-42962.98,-2.3,-59.33,-247.04,"No",9.64,-967.08,112.55,6865337.85,20.78,15.74
-101562.98,-14.3,-231.33,-322.04,"No",-60.36,241.92,139.46,334707.1,1807.46,12.72
-101962.98,-22.3,-231.33,-326.04,"No",9.64,-687.08,109.34,218689.8,1868.4,12.3
-6962.98,-12.3,65.67,69.96,"No",9.64,66.92,271.59,26343966.17,143.95,17.09
-58962.98,-22.3,-194.33,-193.04,"No",-15.36,-463.08,133.99,6029504.95,178.39,15.61
-100762.98,-26.3,-229.33,-322.04,"Yes",9.64,-379.08,133.09,425882.45,1729.17,12.96
-64462.98,-22.3,-194.33,-285.04,"No",9.64,151.92,86.25,3407062.4,48.84,15.04
-99612.98,-12.3,-219.33,-320.04,"No",9.64,2024.92,83.29,362320,1879.46,12.8
-101012.98,-18.3,-232.33,-323.04,"No",9.64,-104.08,60.13,177370.9,1791.31,12.09
-71962.98,-22.3,-164.33,-209.04,"No",9.64,-737.08,235.99,7551780.49,279.46,15.84
-97862.98,-22.3,-231.33,-326.04,"No",-24.36,1960.92,22.23,135584.4,1879.46,11.82
596037.02,17.7,1274.67,1539.96,"No",-0.36,-396.08,187.32,131126109.44,25.32,18.69
12037.02,-22.3,165.67,124.96,"No",9.64,-613.08,143.84,16685611.66,84.06,16.63
-69962.98,-17.3,-186.33,-295.04,"No",9.64,-526.08,169.95,5778406.9,356.2,15.57
121037.02,105.7,865.67,289.96,"No",-0.36,-649.08,196.28,44163087.17,15.95,17.6
-27962.98,-7.3,-57.33,-112.04,"No",9.64,-65.08,196.47,14931505.4,48.84,16.52
276037.02,-12.3,765.67,681.96,"No",9.64,1.92,135.51,51493617.46,143.95,17.76
-85962.98,-17.3,-188.33,-257.04,"Yes",9.64,99.92,27.56,496137.6,579.25,13.11
-8962.98,2.7,-184.33,-116.04,"No",9.64,-594.08,184.97,17571899.76,157.11,16.68
-78462.98,-22.3,-194.33,-288.04,"No",-0.36,-843.08,278.17,7093223.6,223.94,15.77
221037.02,-17.3,234.67,47.96,"No",-0.36,1848.92,189.47,61578309.5,90.62,17.94
82037.02,-12.3,15.67,52.96,"No",9.64,2299.92,175.33,32611930.69,24.43,17.3
-41962.98,-2.3,-34.33,-33.04,"No",9.64,1736.92,309.05,19160888.74,48.84,16.77
-79962.98,21.7,-210.33,-326.04,"No",9.64,-81.08,220.61,5294745.05,1655.24,15.48
-95962.98,-6.3,-229.33,-324.04,"No",9.64,110.92,146.89,1175146.7,48.84,13.98
-102362.98,-12.3,-230.33,-321.04,"No",9.64,-1150.08,117.44,187898.9,1559.83,12.14
-90462.98,-8.3,-193.33,-268.04,"No",-5.36,-1182.08,152.94,2064738.2,583.63,14.54
191037.02,-7.3,65.67,89.96,"No",-0.36,446.92,160.54,47359764.24,48.84,17.67
-102961.98,-25.3,-233.33,-329.04,"No",-10.36,-817.08,17.7,17721.2,1828.05,9.78
-76962.98,-22.3,-113.33,-174.04,"No",9.64,319.92,174.3,4706215.85,519.5,15.36
-87212.98,-22.3,-224.33,-311.04,"No",9.64,132.92,101.92,1707242.25,499.12,14.35
22037.02,-2.3,65.67,-10.04,"No",9.64,-787.08,153.06,19285780.5,53.72,16.77
-36962.98,-12.3,55.67,-1.04,"No",9.64,-1475.08,155.64,10428181.4,249.44,16.16
246037.02,-12.3,665.67,549.96,"No",9.64,3253.92,177.66,62181064.04,17.19,17.95
-79962.98,-14.3,-209.33,-314.04,"No",9.64,-53.08,133.55,3205258.7,632.52,14.98
-102762.98,-22.3,-230.33,-326.04,"No",9.64,550.92,226.24,271482.75,23.72,12.51
-79212.98,-12.3,-200.33,-278.04,"No",-15.36,-538.08,110.4,2732468.55,653.84,14.82
-50962.98,-13.3,-218.33,-308.04,"No",-60.36,-228.08,51.66,2737925.4,74.84,14.82
-53962.98,105.7,-134.33,-230.04,"No",9.64,140.92,369.73,18486599.95,626.87,16.73
-96462.98,-2.3,-219.33,-312.04,"No",4.64,11.92,102.27,767050.9,1274.26,13.55
696037.02,-7.3,298.67,564.96,"No",9.64,-533.08,53.94,43151385.2,52.15,17.58
-94762.98,-12.3,-225.33,-308.04,"No",9.64,-426.08,347.34,3195507.35,1484.52,14.98
-80962.98,-12.3,-154.33,-302.04,"No",-10.36,230.92,283.48,6519969.2,632.52,15.69
396037.02,-2.3,765.67,691.96,"No",9.64,-580.08,141.39,70695435.98,62.14,18.07
-99062.98,-12.3,-227.33,-323.04,"Yes",9.64,-795.08,183.15,897424.15,1484.52,13.71
64037.02,17.7,-184.33,-269.04,"No",-50.36,-577.08,315.22,52957325.05,228.76,17.78
-94962.98,-2.3,-233.33,-310.04,"No",9.64,-909.08,223.28,2009550.2,1145.08,14.51
276037.02,-7.3,386.67,502.96,"No",-12.36,-61.08,149.87,56950636.62,48.84,17.86
-98062.98,-12.3,-219.33,-305.04,"Yes",-0.36,-756.08,195.54,1153672.1,1851.67,13.96
-101112.98,-22.3,-230.33,-309.04,"No",9.64,-85.08,93.57,266680.4,1807.46,12.49
-59462.98,-2.3,-204.33,-292.04,"No",9.64,1986.92,136.3,6065466.4,61.58,15.62
46037.02,-7.3,-84.33,-71.04,"No",-60.36,-349.08,160.74,24111564.81,89.5,17
-1962.98,17.7,125.67,319.96,"Yes",9.64,174.92,286.68,29240988.03,53.72,17.19
201037.02,-2.3,190.67,163.96,"No",9.64,-675.08,161.72,49325810.8,61.58,17.71
-101462.98,-22.3,-231.33,-327.04,"No",9.64,1266.92,52.84,132106.8,1879.46,11.79
106037.02,-2.3,665.67,915.96,"No",9.64,-583.08,265.01,55652089.52,52.15,17.83
-77962.98,105.7,-169.33,-135.04,"No",-0.36,-409.08,691.76,17985710.05,62.14,16.71
-97462.98,-17.3,-226.33,-319.04,"No",9.64,138.92,161.42,1049232.8,2140.91,13.86
-100762.98,37.7,-231.33,-326.04,"No",9.64,-1452.08,16.12,51570.4,2249.14,10.85
496037.02,-7.3,665.67,164.96,"No",-10.36,-437.08,147.81,88684911.35,6.2,18.3
166037.02,2.7,183.67,185.96,"No",9.64,-160.08,241.87,65304598.21,48.84,17.99
-102762.98,-7.3,-230.33,-323.04,"No",-30.36,588.92,138.78,166538.4,1522.98,12.02
-90462.98,-22.3,-193.33,-239.04,"No",-0.36,-341.08,51.48,695029.3,639.72,13.45
-97962.98,7.7,-228.33,-312.04,"No",-24.36,-689.08,127.12,762692,1851.67,13.54
-78962.98,105.7,-154.33,-284.04,"No",-40.36,-430.08,75,1874922,74.84,14.44
366037.02,-7.3,965.67,889.96,"No",9.64,227.92,175.05,82271813.98,23.72,18.23
-101762.98,-14.3,-231.33,-325.04,"No",9.64,2204.92,85.7,188549.2,48.84,12.15
-101962.98,-22.3,-229.33,-318.04,"No",9.64,83.92,164.9,329800.8,4637.85,12.71
-92962.98,-14.3,-202.33,-299.04,"No",-15.36,-831.08,179.79,1977739.05,1667.76,14.5
-97962.98,-6.3,-230.33,-325.04,"No",9.64,1992.92,187.63,1125786.9,23.72,13.93
-100962.98,-17.3,-220.33,-310.04,"No",9.64,1288.92,108.31,324931.25,1879.46,12.69
-66962.98,-8.3,-143.33,-222.04,"No",9.64,-449.08,169.16,6259024.45,657.71,15.65
-30962.98,-2.3,-34.33,-21.04,"No",9.64,1420.92,290.23,21187104.4,274.45,16.87
-97962.98,-22.3,-229.33,-322.04,"No",9.64,-732.08,72.07,432406.45,1559.83,12.98
-52962.98,105.7,-59.33,-80.04,"No",9.64,-239.08,332.59,16962051.1,160.43,16.65
-97962.98,-18.3,-220.33,-310.04,"No",9.64,628.92,434.21,2605239,880.78,14.77
-97662.98,-2.3,-224.33,-321.04,"No",9.64,1416.92,402.55,2536088.45,17.19,14.75
-90462.98,-22.3,-214.33,-306.04,"No",-5.36,1186.92,68.52,925075.2,657.71,13.74
-101862.98,-27.3,-232.33,-327.04,"No",9.64,382.92,73.58,154515.2,1451.62,11.95
596037.02,-2.3,1265.67,2019.96,"No",-5.36,-1597.08,99.62,69731677,23.72,18.06
-63962.98,-19.3,-184.33,-279.04,"Yes",-15.36,376.92,368.59,14743569.05,226.83,16.51
-93462.98,-12.3,-209.33,-300.04,"No",-15.36,234.92,649.22,6816810.35,692.22,15.73
-95662.98,-2.3,-207.33,-295.04,"No",9.64,-117.08,122.72,1018586.8,48.84,13.83
-60962.98,-22.3,-184.33,-271.04,"No",9.64,-1437.08,94.78,4075445.28,499.12,15.22
-39962.98,-7.3,-134.33,-239.04,"No",9.64,-29.08,77.98,4990579.97,212.43,15.42
-95062.98,-17.3,-229.33,-324.04,"No",9.64,-731.08,108.47,965393.45,964.6,13.78
52037.02,42.7,565.67,799.96,"No",-9.36,-1119.08,149.62,23340582.63,64.6,16.97
-33962.98,-2.3,15.67,-157.04,"No",-10.36,-810.08,155.32,10872615.6,233.3,16.2
-99112.98,-22.3,-225.33,-318.04,"No",9.64,54.92,75.37,365531.6,1807.46,12.81
-29962.98,-1.3,-6.33,-129.04,"No",9.64,3247.92,132.19,9782157.87,48.84,16.1
-102462.98,-22.3,-230.33,-323.04,"No",9.64,393.92,170.9,256343.85,1117.74,12.45
-95962.98,-22.3,-214.33,-309.04,"No",9.64,-941.08,64.69,517531,1390.87,13.16
186037.02,-2.3,640.67,845.96,"No",9.64,2674.92,150.43,43625674.4,23.72,17.59
-88712.98,-22.3,-230.33,-320.04,"No",9.64,333.92,59.51,907525.5,365.06,13.72
-79212.98,-12.3,-199.33,-305.04,"No",-20.36,357.92,154.92,3834375.65,23.72,15.16
-97462.98,-8.3,-228.33,-318.04,"Yes",9.64,-921.08,212.12,1378775.65,1868.4,14.14
-97962.98,-18.3,-230.33,-321.04,"No",9.64,-13.08,24.01,144068.4,1791.31,11.88
-99362.98,105.7,-231.33,-321.04,"No",9.64,-1221.08,97.45,448255.5,1667.76,13.01
-56962.98,-14.3,-34.33,-105.04,"No",9.64,-137.08,144.6,6796269.2,639.72,15.73
-102961.98,-22.3,-232.33,-326.04,"Yes",9.64,77.92,515.7,516210.8,1807.46,13.15
596037.02,-2.3,1265.67,1119.96,"No",-70.36,-1589.08,104.16,72915317.44,10.86,18.1
-95962.98,27.7,-226.33,-321.04,"No",9.64,1619.92,311.95,2495594.15,48.84,14.73
-97262.98,-22.3,-219.33,-314.04,"No",9.64,-186.08,66.6,446219.2,365.06,13.01
96037.02,-22.3,365.67,584.96,"No",-10.36,-217.08,189.56,37912970.9,17.18,17.45
-85462.98,9.7,-184.33,-260.04,"No",-15.36,-1183.08,299.11,5533503.85,158.3,15.53
496037.02,105.7,82.67,75.96,"No",-30.36,-241.08,244.57,146739016.4,84.06,18.8
-100762.98,-17.3,-226.33,-315.04,"No",9.64,-871.08,70.64,226047.5,1868.4,12.33
-101962.98,-17.3,-230.33,-324.04,"No",9.64,427.92,197.64,395271.45,1868.4,12.89
-60462.98,-20.3,-204.33,-285.04,"No",-15.36,-232.08,126.24,5491399.2,751.73,15.52
-91962.98,-22.3,-229.33,-314.04,"No",9.64,-91.08,99.93,1199186.8,440.05,14
42037.02,-17.3,315.67,206.96,"No",9.64,1861.92,361.08,52718395.94,64.98,17.78
-100462.98,-17.3,-222.33,-320.04,"No",9.64,-287.08,109.08,381783.5,1807.46,12.85
14037.02,-12.3,165.67,1035.96,"No",-0.36,-620.08,245.56,28976375.5,148.3,17.18
-102462.98,-30.3,-230.33,-325.04,"Yes",9.64,-393.08,189.45,284178.3,1522.98,12.56
80037.02,-7.3,665.67,573.96,"No",9.64,-1489.08,142.83,26281142.01,50.32,17.08
-90962.98,7.7,-199.33,-228.04,"No",9.64,917.92,189.44,2462656.35,1162.26,14.72
