"Unit.Density","Bedrooms.Unit","CDD","HDD","Building.Type..Property.Level.","Source.EUI...using.Total.gross.floor.area.","Total.gross.floor.area","Total.number.of.units","Total.SITE.kBtu","Total.SOURCE.kBtu","Site.EUI..using.Total.gross.floor.area.","Source.EUI...using.Total.gross.floor.area.","Survey.Weights.for.ENERGY.STAR.score.analysis"
1.44,1.3,458,2263,"Low-rise",102.9,13900,20,620098,1429787,44.6,102.9,925.04
1.27,1,148,2939,"Low-rise",73,15710,20,774264,1147266,49.3,73,925.04
1.01,1.4,669,2994,"Low-rise",54.8,19740,20,509444,1082169,25.8,54.8,925.04
1.57,1,2055,3348,"Low-rise",163.3,12730,20,698558,2078417,54.9,163.3,925.04
1,1,456,6104,"Low-rise",103,20908,21,1442340,2153634,69,103,925.04
1.31,1,3089,1730,"Low-rise",126.5,18288,24,736787,2313510,40.3,126.5,925.04
1.53,1.3,391,2339,"Low-rise",88.4,15704,24,798440,1388045,50.8,88.4,925.04
1.13,1.3,356,2340,"Low-rise",67.2,21187,24,779466,1424802,36.8,67.2,925.04
1.63,1,358,2621,"Low-rise",99.7,14687,24,581188,1463930,39.6,99.7,925.04
0.68,2,148,2939,"High-rise",161.7,35253,24,3458779,5699938,98.1,161.7,925.04
1.54,1,2132,3306,"Mid-rise",136.4,15617,24,678542,2130623,43.4,136.4,925.04
1.29,1.8,48,5282,"Low-rise",133.6,18561,24,789609,2479371,42.5,133.6,925.04
0.97,2.8,588,5882,"Low-rise",131.7,24624,24,1032959,3243490,41.9,131.7,925.04
1.28,1,1115,5955,"Low-rise",202.5,18789,24,2275960,3805484,121.1,202.5,925.04
0.45,2.8,1272,4423,"High-rise",217.7,55339,25,6124064,12047915,110.7,217.7,433
0.4,2.9,1272,4423,"High-rise",142.8,67685,27,5880144,9664594,86.9,142.8,433
0.37,1.7,1272,4423,"Mid-rise",155.7,72090,27,4511794,11223685,62.6,155.7,433
1.43,1.9,802,5117,"Low-rise",147.6,20972,30,986032,3096141,47,147.6,925.04
1.57,1,34,3345,"Mid-rise",148,20330,32,2082717,3008704,102.4,148,925.04
0.54,1.6,1272,4423,"High-rise",142.2,59244,32,5168747,8422252,87.2,142.2,433
0.68,1.5,1272,4423,"High-rise",114.8,53297,36,4576754,6119294,85.9,114.8,433
1.16,2.1,256,4715,"Low-rise",107.1,30976,36,1056516,3317459,34.1,107.1,925.04
1.43,1.1,725,5140,"Low-rise",135.5,25200,36,1087108,3413518,43.1,135.5,433
1.19,2.3,30,5269,"Low-rise",99.9,30231,36,962133,3021097,31.8,99.9,925.04
0.63,1.9,1272,4423,"High-rise",98.1,60115,38,4092624,5894903,68.1,98.1,433
0.5,1.8,1165,4570,"Mid-rise",78.1,76595,38,5231029,5979919,68.3,78.1,433
1.26,2,30,5269,"Low-rise",115.8,30212,38,1114309,3498930,36.9,115.8,925.04
1.33,1,1217,5412,"High-rise",195.3,28672,38,3226932,5600982,112.5,195.3,925.04
1.48,1,686,6950,"Low-rise",109.3,25627,38,1435354,2801630,56,109.3,925.04
1.1,1,379,8326,"Low-rise",56.3,34540,38,641559,1943310,18.6,56.3,925.04
1.5,1,2362,2543,"Low-rise",138.1,25992,39,1864399,3589632,71.7,138.1,925.04
1.34,1,3339,927,"High-rise",94.7,29880,40,1020221,2828753,34.1,94.7,925.04
0.97,1,871,1021,"High-rise",140.9,41417,40,2651661,5836531,64,140.9,925.04
1.59,1.3,2676,1987,"Low-rise",144.5,25135,40,1157016,3633031,46,144.5,925.04
1.42,1.5,2676,1987,"Low-rise",127.2,28207,40,1664607,3586618,59,127.2,925.04
1.35,1,2080,2743,"Low-rise",124.7,29647,40,1736829,3696575,58.6,124.7,925.04
1.43,1,2870,3425,"Low-rise",140.6,27971,40,1514203,3931543,54.1,140.6,925.04
1.65,1,1603,3715,"Low-rise",127.9,24300,40,990033,3108704,40.7,127.9,925.04
1.56,1,1551,3954,"Low-rise",108,25636,40,881373,2767512,34.4,108,925.04
0.62,1.5,1272,4423,"High-rise",190.3,64660,40,6167304,12307250,95.4,190.3,433
1.28,1,905,5888,"Low-rise",127.9,31177,40,2097428,3986121,67.3,127.9,925.04
2.25,1,1162,5895,"Low-rise",190.3,17803,40,2459569,3387678,138.2,190.3,925.04
1.14,1,655,7520,"Low-rise",112.3,34968,40,2256459,3928257,64.5,112.3,925.04
1.34,1,467,2274,"High-rise",70.7,30680,41,1001815,2168705,32.7,70.7,925.04
1.7,1,2362,2543,"Low-rise",148.9,24108,41,1864399,3589632,77.3,148.9,925.04
1.17,1,2130,3482,"Low-rise",98.3,35100,41,1099034,3450967,31.3,98.3,925.04
1.13,1,924,5179,"Low-rise",132.5,36330,41,2886192,4814103,79.4,132.5,433
1.71,1,2273,2838,"Low-rise",152.1,24615,42,2125565,3744681,86.4,152.1,925.04
0.52,1,1272,4423,"Mid-rise",101.7,81180,42,4847229,8254033,59.7,101.7,433
1.16,1,250,8032,"Low-rise",104.1,36189,42,2188757,3768065,60.5,104.1,925.04
1.7,1,3112,1849,"Low-rise",182,25866,44,1498994,4706841,58,182,925.04
1.17,1,1835,4855,"Mid-rise",85.8,37584,44,1319404,3225935,35.1,85.8,925.04
1.6,1,924,5221,"Mid-rise",127.8,27554,44,2046119,3521954,74.3,127.8,433
0.63,1.9,1272,4423,"Mid-rise",147.6,72520,46,7826047,10704462,107.9,147.6,433
1.13,1,393,6387,"High-rise",131.9,40822,46,2880372,5383739,70.6,131.9,433
1.02,2,1272,4423,"Mid-rise",158.9,46305,47,4333488,7359629,93.6,158.9,433
1.2,1,3209,2241,"High-rise",118.1,40142,48,1888836,4740732,47.1,118.1,925.04
1.3,1,2837,2369,"Low-rise",205.6,36792,48,4617372,7562707,125.5,205.6,925.04
1.18,1,1522,5227,"Low-rise",113.3,40846,48,1473394,4626456,36.1,113.3,925.04
1.49,1,588,5882,"High-rise",104.6,32158,48,1071234,3363676,33.3,104.6,925.04
0.6,1.4,1070,5456,"Low-rise",101.4,82091,49,5147756,8322947,62.7,101.4,925.04
1.39,1.1,2563,3245,"Low-rise",121,36087,50,1667814,4365271,46.2,121,925.04
0.99,1.2,1165,4570,"Mid-rise",138.6,50463,50,4929679,6993583,97.7,138.6,433
1.52,1,1522,5227,"Low-rise",152.6,32865,50,1918322,5015621,58.4,152.6,925.04
1.09,1,520,5352,"Low-rise",98,46061,50,2331734,4511797,50.6,98,433
1.38,1,783,6008,"Low-rise",125.7,36300,50,2573214,4563169,70.9,125.7,925.04
0.83,1,393,6387,"Low-rise",95.9,60196,50,3036345,5771639,50.4,95.9,433
1.1,1,763,6294,"Low-rise",171.3,46389,51,4671797,7948437,100.7,171.3,925.04
1.55,1,2120,2960,"Low-rise",145.5,34265,53,1587252,4983972,46.3,145.5,925.04
0.28,1.7,1272,4423,"High-rise",167.3,188889,53,15814323,31607252,83.7,167.3,433
1.17,1.3,100,5094,"Mid-rise",106.4,45423,53,2082877,4832295,45.9,106.4,925.04
0.97,1,1055,5180,"Low-rise",112.2,54596,53,2975442,6123699,54.5,112.2,433
0.64,2.1,1272,4423,"Mid-rise",139.3,84102,54,8109095,11717790,96.4,139.3,433
1.29,1,1642,3932,"Mid-rise",147.9,42534,55,3061344,6290240,72,147.9,925.04
1.34,1,1467,4329,"Mid-rise",141.7,41075,55,3742175,5819031,91.1,141.7,433
1.08,1.3,1536,4312,"Mid-rise",118.1,51960,56,4171925,6137789,80.3,118.1,433
1.29,1.1,851,5371,"Low-rise",103.9,43252,56,2671065,4493808,61.8,103.9,433
1.12,1,884,5936,"Mid-rise",128.6,49901,56,3183428,6417851,63.8,128.6,925.04
0.82,1.4,1165,4570,"Mid-rise",155.3,69504,57,7425557,10791097,106.8,155.3,433
1.1,1.5,1165,4570,"Mid-rise",124,51800,57,4303511,6420729,83.1,124,433
1.87,1,34,3345,"Low-rise",272.7,31000,58,5819470,8453866,187.7,272.7,925.04
0.27,1,1272,4423,"High-rise",150.3,221485,59,15742872,33294474,71.1,150.3,433
1.25,1,745,7168,"High-rise",98.9,47375,59,2571153,4685323,54.3,98.9,925.04
1.5,1.1,2920,2281,"Low-rise",123.1,40080,60,2001247,4934284,49.9,123.1,925.04
0.48,2.2,1272,4423,"High-rise",100.6,125300,60,9051062,12601678,72.2,100.6,433
1.37,1,875,5152,"Mid-rise",127.1,43680,60,3371067,5550057,77.2,127.1,433
1.28,1,1155,5770,"Mid-rise",162,46816,60,4543034,7585158,97,162,925.04
1.18,1,905,5888,"Low-rise",174.3,50657,60,5141619,8827612,101.5,174.3,925.04
1.19,1,1162,5895,"Mid-rise",243.2,50440,60,6109533,12266601,121.1,243.2,925.04
1.37,1,946,5977,"High-rise",140.1,43670,60,3440846,6119314,78.8,140.1,925.04
1.29,1,946,5977,"High-rise",190.6,46543,60,5753614,8872080,123.6,190.6,925.04
1.42,1,697,5983,"High-rise",211.4,42180,60,6011571,8915902,142.5,211.4,925.04
0.89,1,523,6194,"High-rise",156.5,67084,60,6930463,10496669,103.3,156.5,433
1.31,1,846,6287,"Low-rise",81,45692,60,1884594,3699912,41.2,81,925.04
1.23,1,861,6331,"Low-rise",89.3,48855,60,2151671,4363041,44,89.3,925.04
1.64,1,924,5221,"Mid-rise",125.1,37879,62,2775017,4739230,73.3,125.1,433
1.27,1,216,4701,"High-rise",103.2,49786,63,1635747,5136246,32.9,103.2,925.04
1.11,1.2,1272,4423,"Mid-rise",157.1,57414,64,6357013,9020434,110.7,157.1,433
1.36,1,4602,1061,"High-rise",157.4,47756,65,2701299,7514619,56.6,157.4,925.04
1.28,1,1217,5412,"High-rise",115.2,50885,65,3334744,5863544,65.5,115.2,925.04
1.2,1,824,2838,"Low-rise",103.9,54954,66,2299962,5712340,41.9,103.9,925.04
1.26,1,1467,4329,"Mid-rise",150.7,52454,66,4861934,7904165,92.7,150.7,433
0.84,1.2,1165,4570,"Mid-rise",101.8,78660,66,6224666,8004818,79.1,101.8,433
0.92,1,946,5977,"Mid-rise",191.5,71948,66,6841233,13780460,95.1,191.5,925.04
1.37,1.1,1536,4312,"Mid-rise",122.5,50400,69,4276086,6173786,84.8,122.5,433
1.21,1.3,1272,4423,"Mid-rise",152.2,57086,69,6209884,8690547,108.8,152.2,433
0.86,1.229,1272,4423,"Mid-rise",140.5,81730,70,8918216,11481921,109.1,140.5,433
2.01,1,1272,4423,"Mid-rise",182.8,34910,70,4118975,6380386,118,182.8,433
1.3,1,1187,5405,"High-rise",175,53922,70,3566019,9437795,66.1,175,925.04
1.32,1,765,5436,"High-rise",167.4,53155,70,3390493,8898880,63.8,167.4,925.04
1.25,1,4602,1061,"High-rise",165,57553,72,3319701,9493394,57.7,165,925.04
0.81,1.3,1536,4312,"Mid-rise",119.7,89026,72,7719221,10656420,86.7,119.7,433
0.88,1.6,1272,4423,"Mid-rise",117.7,82272,72,7128315,9687345,86.6,117.7,433
2,1.1,851,5371,"Low-rise",178.5,36000,72,4376892,6425819,121.6,178.5,433
1.2,1.1,898,6020,"High-rise",164.9,60040,72,6091568,9903558,101.5,164.9,925.04
1.04,2.438,206,7993,"Low-rise",130.3,70196,73,2912407,9144957,41.5,130.3,925.04
2.5,1,100,3289,"Mid-rise",196.1,29554,74,3666828,5794783,124.1,196.1,925.04
0.67,1.7,1272,4423,"Mid-rise",128.3,111000,74,10494477,14239899,94.5,128.3,433
1.38,1,750,1381,"High-rise",74.3,54156,75,1770781,4025824,32.7,74.3,925.04
1.42,1,1067,2468,"Low-rise",74.4,52632,75,1802690,3918224,34.3,74.4,925.04
1.21,1.1,1877,2731,"Low-rise",89.9,62000,75,1774741,5572687,28.6,89.9,925.04
1.69,1,1061,5751,"Low-rise",174.9,44378,75,4657706,7762901,105,174.9,925.04
1.22,1,338,1391,"High-rise",63.2,62318,76,1766261,3937177,28.3,63.2,925.04
1.92,1,3238,1754,"Low-rise",120.2,39640,76,1517831,4765989,38.3,120.2,925.04
1.27,1,944,5414,"Mid-rise",133.7,59971,76,5005668,8016945,83.5,133.7,433
0.77,1,859,5674,"Mid-rise",69.3,99036,76,3725749,6859785,37.6,69.3,433
1.47,1.2,475,6315,"Low-rise",187.2,51556,76,3073683,9651366,59.6,187.2,925.04
0.43,2.3,1272,4423,"High-rise",160.7,178676,77,18219073,28721421,102,160.7,433
0.74,1.4,1272,4423,"High-rise",143.7,103984,77,11257365,14944644,108.3,143.7,433
1.3,1,2416,2838,"Mid-rise",141.6,60079,78,3300126,8506859,54.9,141.6,925.04
0.81,1,761,2845,"Low-rise",82.3,96093,78,3339952,7911154,34.8,82.3,925.04
1.43,1.1,1603,3715,"Low-rise",125.5,54614,78,2183661,6856695,40,125.5,925.04
1.3,1,587,6199,"Mid-rise",120.2,59774,78,4224926,7187817,70.7,120.2,433
1.15,1.5,1165,4570,"Mid-rise",126.9,68796,79,6313424,8729116,91.8,126.9,433
0.83,2.6,938,5404,"Low-rise",128.1,94994,79,8576269,12172964,90.3,128.1,433
1.49,1,3453,960,"High-rise",101.9,53628,80,1861907,5466311,34.7,101.9,925.04
1.4,1,356,2340,"Low-rise",70.9,57750,81,1860575,4092679,32.2,70.9,925.04
1.03,1,2870,3425,"Low-rise",109.4,78482,81,3282117,8584981,41.8,109.4,925.04
1.96,1,475,6315,"Low-rise",221.3,41427,81,2919024,9165734,70.5,221.3,925.04
1.57,1.1,2831,1869,"Low-rise",118.5,52206,82,3038517,6184661,58.2,118.5,925.04
0.72,1.4,1272,4423,"Mid-rise",105.3,114500,82,8751824,12054020,76.4,105.3,433
0.52,1.6,100,5094,"Mid-rise",58.4,156605,82,3907735,9143232,25,58.4,925.04
1.09,1.1,851,5371,"High-rise",164.5,75560,82,8517754,12429050,112.7,164.5,433
1.6,1,905,5888,"High-rise",93.9,51314,82,1559619,4815930,30.4,93.9,925.04
0.89,1.4,1536,4312,"Mid-rise",108.5,92805,83,7267326,10066077,78.3,108.5,433
1.05,1.1,1272,4423,"Mid-rise",126.4,79000,83,7666318,9982630,97,126.4,433
0.83,1.2,1272,4423,"Mid-rise",86.9,100315,83,5296833,8717223,52.8,86.9,433
0.75,1.988,1272,4423,"Mid-rise",118.5,111675,84,9550210,13229781,85.5,118.5,433
0.98,1,1734,4461,"Low-rise",134.9,85475,84,6165627,11527079,72.1,134.9,925.04
0.97,1.1,1217,5412,"High-rise",145.7,86532,84,8371631,12611532,96.7,145.7,925.04
1.07,1.1,1093,4856,"Low-rise",141.6,79805,85,4168394,11296523,52.2,141.6,433
0.84,2.4,1749,4585,"Low-rise",181.3,102454,86,8632120,18579684,84.3,181.3,925.04
2.09,1,34,3345,"Mid-rise",117.9,42180,88,2849906,4971138,67.6,117.9,925.04
0.87,1.6,1272,4423,"Mid-rise",94.6,101200,88,5441935,9571408,53.8,94.6,433
1.4,1,1272,4423,"High-rise",149.7,62920,88,6873546,9417295,109.2,149.7,433
0.6,1.2,1165,4570,"Mid-rise",74.9,146706,88,8269823,10991612,56.4,74.9,433
0.91,2.2,689,5171,"Low-rise",158.5,96845,88,9928079,15351724,102.5,158.5,433
1.77,1,924,5221,"Mid-rise",154,49749,88,4762132,7660819,95.7,154,433
1.17,1.4,979,5346,"Low-rise",139.1,76381,89,7273956,10620829,95.2,139.1,433
1.19,1.2,1272,4423,"High-rise",61,76508,91,1529329,4666605,20,61,433
1.25,1,967,4619,"Mid-rise",132.4,72548,91,3059252,9606051,42.2,132.4,925.04
1.65,1,327,6728,"Low-rise",96,55250,91,1690877,5301986,30.6,96,925.04
1.35,1.3,1536,4312,"High-rise",199.8,68887,93,7862867,13763539,114.1,199.8,433
0.32,2.1,1272,4423,"High-rise",152.8,286159,93,19268820,43722405,67.3,152.8,433
1.52,1,2110,3523,"Low-rise",156.9,61991,94,4923264,9724803,79.4,156.9,925.04
1.06,2.2,1322,3950,"Low-rise",166.7,88949,94,8094143,14828692,91,166.7,925.04
0.99,1.6,1272,4423,"High-rise",156,96420,95,7085697,15044544,73.5,156,433
1.2,1,825,5597,"Low-rise",124.8,79698,96,3167274,9945241,39.7,124.8,433
1.52,1,4114,429,"High-rise",108.1,65951,100,2271440,7132322,34.4,108.1,469.3
1.27,2.1,926,2835,"Low-rise",83.9,78774,100,4573619,6610915,58.1,83.9,469.3
1.54,1,2416,2838,"Low-rise",164.4,64758,100,5766991,10648539,89.1,164.4,469.3
0.91,1,136,3150,"High-rise",93.5,109966,100,6079493,10281191,55.3,93.5,469.3
1.44,1.1,2055,3246,"Mid-rise",230.5,69360,100,6627094,15988087,95.5,230.5,469.3
0.55,3,1272,4423,"High-rise",165.3,182116,100,16183555,30101157,88.9,165.3,79.26
1.12,1.2,1272,4423,"High-rise",223.5,89455,100,10262835,19993603,114.7,223.5,79.26
1.25,1.1,1820,4889,"Low-rise",197.7,80096,100,5839539,15837144,72.9,197.7,469.3
1.34,1,834,5180,"Mid-rise",107.7,74799,100,4191180,8056356,56,107.7,79.26
1.25,1,881,5332,"Mid-rise",135.3,79946,100,3952525,10815649,49.4,135.3,469.3
0.58,2.1,769,5546,"Low-rise",54.6,173700,100,3020659,9484869,17.4,54.6,469.3
1.4,1,924,5179,"Mid-rise",129.5,72338,101,5499400,9369146,76,129.5,79.26
1.09,1,877,5237,"Mid-rise",84.3,92575,101,4007538,7799484,43.3,84.3,79.26
1.11,1,508,5354,"Mid-rise",93.9,90700,101,5068454,8515875,55.9,93.9,79.26
1.16,1,387,6260,"Mid-rise",107.2,86850,101,2963725,9306095,34.1,107.2,79.26
1.29,1,3906,1328,"High-rise",152.8,80020,103,4759495,12228944,59.5,152.8,469.3
1.29,1,998,5400,"High-rise",141.2,80000,103,4096461,11295861,51.2,141.2,79.26
0.68,2,1155,5770,"Low-rise",123.4,150621,103,13474528,18590748,89.5,123.4,469.3
1.18,1,900,6310,"Low-rise",117.2,87500,103,5751481,10252135,65.7,117.2,469.3
1.28,1,3283,1001,"Mid-rise",111.9,81157,104,2891936,9080678,35.6,111.9,469.3
0.99,1.5,1165,4570,"Mid-rise",111.1,105000,104,8262933,11670484,78.7,111.1,79.26
1.67,1.2,475,6315,"Low-rise",219.8,62103,104,4347666,13651673,70,219.8,469.3
0.8,1.2,1272,4423,"Mid-rise",92.1,132000,106,8640938,12157847,65.5,92.1,79.26
1.2,1,1219,5764,"Low-rise",157.5,88407,106,4433125,13920013,50.1,157.5,469.3
1.52,1.4,1536,4312,"Mid-rise",107.3,70458,107,5322243,7562659,75.5,107.3,79.26
1.86,1.4,1536,4312,"Mid-rise",106.4,57600,107,4050697,6128164,70.3,106.4,79.26
1.04,1,713,5856,"Mid-rise",104.2,102824,107,6096466,10717434,59.3,104.2,79.26
1.26,1,585,6702,"Mid-rise",168.6,85960,108,8952303,14491603,104.1,168.6,79.26
0.39,1,1272,4423,"High-rise",146.8,279463,109,20304191,41030645,72.7,146.8,79.26
1.65,1.1,1283,5385,"Mid-rise",150.4,66235,109,3616044,9960291,54.6,150.4,469.3
1.2,1,4125,429,"High-rise",127.2,91508,110,4331004,11641677,47.3,127.2,469.3
1.47,1,1903,4767,"High-rise",123,75350,111,4628138,9269309,61.4,123,469.3
1.39,1,1724,5121,"High-rise",145,80000,111,5310810,11602088,66.4,145,469.3
1.02,1,3222,1001,"High-rise",149.9,110075,112,5954613,16500685,54.1,149.9,469.3
1.55,1,3209,2241,"High-rise",186.9,74413,115,5902168,13906802,79.3,186.9,469.3
2,1.1,1272,4423,"Mid-rise",104.8,57606,115,4362822,6035295,75.7,104.8,79.26
1.22,1,4586,999,"Mid-rise",117.9,95381,116,3580143,11241650,37.5,117.9,469.3
1.39,1.1,1503,3438,"Low-rise",113.6,85503,119,3092402,9710143,36.2,113.6,469.3
0.63,2.1,1272,4423,"High-rise",194.6,188598,119,17510092,36692127,92.8,194.6,79.26
1.42,1,4602,1061,"Low-rise",185.9,84712,120,5916375,15745469,69.8,185.9,469.3
0.89,1,1535,4200,"Low-rise",78.2,134640,120,4948364,10533823,36.8,78.2,469.3
1.33,1.2,1034,6165,"High-rise",251.6,90000,120,11804070,22640031,131.2,251.6,469.3
1.05,1.525,1272,4423,"Mid-rise",114.3,115861,122,9536855,13244569,82.3,114.3,79.26
0.84,1.8,1272,4423,"High-rise",85.3,146638,123,3984834,12512380,27.2,85.3,79.26
0.85,1.5,1272,4423,"Mid-rise",109.2,145359,123,10221307,15874278,70.3,109.2,79.26
0.88,1.9,1272,4423,"High-rise",120,141266,125,11190323,16956615,79.2,120,79.26
0.73,1,1535,4200,"Mid-rise",63.3,172760,126,5728061,10929225,33.2,63.3,79.26
1.13,1.5,1272,4423,"Mid-rise",156.1,111290,126,11092862,17368173,99.7,156.1,79.26
0.95,1.5,1272,4423,"Mid-rise",134.8,132250,126,11753985,17822391,88.9,134.8,79.26
0.82,1.3,1272,4423,"High-rise",62,155646,128,7599704,9643392,48.8,62,79.26
1.01,1.3,1272,4423,"High-rise",118.3,133749,135,7819519,15819595,58.5,118.3,79.26
0.87,1.2,1272,4423,"High-rise",141.5,154506,135,13499834,21857188,87.4,141.5,79.26
0.48,1.9,1272,4423,"High-rise",123.5,283235,136,14525251,34981016,51.3,123.5,79.26
1.54,1.1,1272,4423,"High-rise",133.2,88198,136,7631385,11752350,86.5,133.2,79.26
0.96,1.6,1536,4312,"Mid-rise",93,145446,140,9173304,13528391,63.1,93,79.26
0.91,1.1,1272,4423,"High-rise",91.6,155685,142,9595962,14261591,61.6,91.6,79.26
1.26,1.4,1272,4423,"High-rise",133.2,113128,143,9747433,15072408,86.2,133.2,79.26
1.5,1,2609,1984,"High-rise",180.3,95720,144,6737499,17261505,70.4,180.3,469.3
1.09,1,431,3141,"Low-rise",97.4,133000,145,6556908,12958732,49.3,97.4,469.3
1.13,1.2,1536,4312,"High-rise",196.5,127800,145,17414414,25115283,136.3,196.5,79.26
1.31,1,529,5741,"High-rise",153.1,110566,145,8805153,16922258,79.6,153.1,79.26
1,1.2,1272,4423,"High-rise",94.6,146600,146,9231662,13874253,63,94.6,79.26
0.87,1.1,847,4954,"High-rise",100.4,167734,146,9916409,16848433,59.1,100.4,79.26
1.61,1,1027,5765,"Low-rise",163.5,92345,149,7129572,15093863,77.2,163.5,469.3
1.02,1.9,2979,1650,"Low-rise",141.5,146725,150,6695055,20763476,45.6,141.5,469.3
1.29,1,1061,5751,"High-rise",120.7,116400,150,7940206,14048298,68.2,120.7,469.3
1.31,1,796,5332,"High-rise",129.3,115240,151,5593347,14901495,48.5,129.3,469.3
1.58,1,100,5094,"High-rise",99.4,96500,152,5848950,9593020,60.6,99.4,469.3
1.16,1.1,822,5437,"High-rise",154.9,131417,152,12322440,20360661,93.8,154.9,469.3
0.82,1.4,1165,4570,"Mid-rise",85.4,190159,156,14065696,16246812,74,85.4,79.26
1.2,1.8,1536,4312,"Low-rise",123.8,134673,161,10871464,16668588,80.7,123.8,79.26
1.08,1.2,100,5094,"Mid-rise",103.7,149697,161,6553747,15529183,43.8,103.7,469.3
0.7,1,690,6350,"High-rise",50.4,232767,162,7264553,11723873,31.2,50.4,79.26
1.19,1.1,1272,4423,"Mid-rise",141.4,136944,163,13167239,19367874,96.2,141.4,79.26
0.62,1.9,1535,4200,"Low-rise",31.6,268146,165,7018047,8462247,26.2,31.6,469.3
1.29,1.1,1536,4312,"High-rise",175.5,127800,165,15477774,22428605,121.1,175.5,79.26
1.32,1.4,3036,1849,"Low-rise",159.6,127470,168,8865479,20345859,69.5,159.6,469.3
0.8,1.7,737,6292,"Mid-rise",132.8,210105,168,15428712,27904366,73.4,132.8,79.26
1.13,1,1061,5751,"High-rise",168.2,150000,169,11856572,25229044,79,168.2,469.3
0.73,1,1633,5085,"Low-rise",154.1,234901,172,11525995,36191623,49.1,154.1,469.3
1.09,1.2,100,5094,"Mid-rise",116.7,157827,172,8013923,18411013,50.8,116.7,469.3
1.02,1,1272,4423,"Mid-rise",84.9,169865,174,8332253,14424449,49.1,84.9,79.26
0.56,1.8,1272,4423,"High-rise",95.7,315078,175,19789914,30144870,62.8,95.7,79.26
0.87,1.4,1272,4423,"High-rise",136.9,200675,175,20273750,27474207,101,136.9,79.26
0.52,1.9,1272,4423,"High-rise",226.1,348282,180,56179445,78745906,161.3,226.1,79.26
0.51,1,877,5237,"Low-rise",35.7,356262,180,7596141,12729187,21.3,35.7,79.26
1.03,1.3,1322,3950,"Mid-rise",151.3,179380,185,16804768,27145030,93.7,151.3,469.3
1.15,1,100,3289,"High-rise",96.2,169183,195,7286838,16269471,43.1,96.2,469.3
0.9,1.5,737,6292,"High-rise",116.9,216292,195,13513219,25276996,62.5,116.9,79.26
1.27,1.9,930,4646,"Mid-rise",197.1,156430,198,22360187,30831522,142.9,197.1,79.26
1.33,1.7,2957,1879,"Low-rise",160.1,150232,200,12635084,24046953,84.1,160.1,469.3
1.18,1,511,5299,"Mid-rise",145.6,170124,200,14463718,24777837,85,145.6,79.26
0.97,1.2,136,3150,"Low-rise",67.3,207304,201,7549279,13956840,36.4,67.3,469.3
1.15,1,1961,4225,"Low-rise",138.7,176112,202,7776645,24418667,44.2,138.7,469.3
1.02,1.5,851,5371,"Low-rise",93,199925,204,10788492,18589519,54,93,79.26
1.44,1,1621,4334,"High-rise",159.5,144000,208,11202485,22963909,77.8,159.5,469.3
0.7,1.3,100,5094,"High-rise",94.8,299120,208,13530902,28352845,45.2,94.8,469.3
1.02,1.2,1272,4423,"High-rise",154.6,209672,213,17610809,32412021,84,154.6,79.26
1.29,1.1,1272,4423,"Mid-rise",118.5,165436,214,12935617,19605326,78.2,118.5,79.26
1.68,1,2138,2821,"High-rise",234.1,127625,215,10419430,29880004,81.6,234.1,469.3
0.78,1.5,1272,4423,"High-rise",118.7,277155,216,20912205,32901900,75.5,118.7,79.26
0.98,1.7,1642,3932,"High-rise",148.4,220338,217,20384022,32706412,92.5,148.4,469.3
0.73,1,1535,4200,"High-rise",73.3,304954,224,11275786,22349516,37,73.3,469.3
1.93,1.7,1165,4570,"Mid-rise",159.4,117884,228,15248434,18793082,129.4,159.4,79.26
1.63,1,1338,4697,"High-rise",185.2,140000,228,22405569,25932412,160,185.2,79.26
0.72,1.4,3548,2226,"High-rise",177.6,316769,229,19327924,56269132,61,177.6,469.3
1.02,1.4,1535,4200,"Low-rise",132.3,225400,230,9497148,29821044,42.1,132.3,79.26
0.9,1.3,1272,4423,"High-rise",132.3,256969,230,19658999,34003945,76.5,132.3,79.26
0.73,2.3,1467,4329,"Mid-rise",142.9,322804,236,32818136,46120436,101.7,142.9,79.26
1.02,1.1,1272,4423,"High-rise",93.7,236350,240,16947465,22145382,71.7,93.7,79.26
1.05,1.6,1536,4312,"Mid-rise",28.8,230198,242,3007993,6633211,13.1,28.8,79.26
0.83,1.302,1272,4423,"High-rise",110.7,291205,242,18811387,32222959,64.6,110.7,79.26
0.5,1.9,1272,4423,"High-rise",122.6,495489,249,36024915,60762393,72.7,122.6,79.26
0.7,1.1,1272,4423,"High-rise",120.4,361767,254,26556762,43562655,73.4,120.4,79.26
1.8,1.1,2769,2022,"Low-rise",173.2,142483,256,9665196,24683111,67.8,173.2,469.3
0.91,1.7,1447,4331,"Low-rise",99.3,287520,262,9109590,28539982,31.7,99.3,469.3
1.02,1.1,511,5299,"Mid-rise",115.9,259600,266,17903057,30096370,69,115.9,79.26
0.82,1.6,1272,4423,"High-rise",177.4,333505,274,33114776,59173515,99.3,177.4,79.26
0.95,1.2,1272,4423,"High-rise",96.4,304071,288,11170446,29299741,36.7,96.4,79.26
0.75,1.3,3548,2226,"High-rise",125.1,390068,292,15973005,48798988,40.9,125.1,469.3
1.61,1.1,993,6186,"High-rise",168.5,184206,297,19532418,31047667,106,168.5,469.3
1.05,1.6,924,5221,"Mid-rise",55.5,292566,307,7039813,16229907,24.1,55.5,43.24
1.28,1.1,1272,4423,"High-rise",180.1,242471,311,26356314,43677626,108.7,180.1,43.24
0.91,1.2,1272,4423,"High-rise",145.3,345000,313,29471955,50134877,85.4,145.3,43.24
0.93,1.7,1971,2838,"Low-rise",115,352460,328,12903652,40517469,36.6,115,512.18
0.94,1.7,1940,2826,"Low-rise",73,354675,332,8248781,25901173,23.3,73,512.18
1.17,1.7,1272,4423,"High-rise",204.7,288849,338,27725496,59119355,96,204.7,43.24
0.97,1.7,1272,4423,"Mid-rise",124.7,369450,360,30460565,46082054,82.4,124.7,43.24
0.95,1.2,1272,4423,"High-rise",216.1,389528,371,46965692,84175003,120.6,216.1,43.24
0.41,1.1,1272,4423,"High-rise",58.1,918820,381,34991639,53385578,38.1,58.1,43.24
0.95,1.462,1165,4570,"High-rise",134.3,404149,383,47391105,54275490,117.3,134.3,43.24
0.8,1.2,1805,3789,"High-rise",135.2,496743,396,26613997,67173228,53.6,135.2,512.18
0.87,1.3,1272,4423,"High-rise",142.7,455849,396,38179062,65051008,83.8,142.7,43.24
0.87,1.4,1805,3789,"High-rise",140.4,461420,401,39420801,64765410,85.4,140.4,512.18
1.06,1.2,1272,4423,"High-rise",150.7,390628,415,43876824,58883381,112.3,150.7,43.24
0.92,1.6,1971,2838,"Low-rise",104.6,462107,425,15386870,48314771,33.3,104.6,512.18
0.92,1.4,1805,3789,"High-rise",139.6,461420,426,37846547,64396307,82,139.6,512.18
0.86,1.4,1272,4423,"High-rise",153.7,507825,435,40536453,78038000,79.8,153.7,43.24
0.88,1.2,1272,4423,"High-rise",145.5,499580,440,41497806,72677636,83.1,145.5,43.24
0.64,1.6,3596,2279,"Low-rise",104.7,689004,444,22983156,72167110,33.4,104.7,512.18
0.82,1.2,1272,4423,"High-rise",73.2,559456,461,25036441,40943572,44.8,73.2,43.24
1.16,1.3,1272,4423,"High-rise",161.9,411110,478,35979904,66561343,87.5,161.9,43.24
0.92,1.8,1940,2826,"Low-rise",94,540791,498,16190029,50836691,29.9,94,512.18
0.92,2.2,989,5006,"Mid-rise",111.3,540891,500,42349399,60223451,78.3,111.3,43.24
0.92,1.2,1272,4423,"High-rise",121.4,568117,522,37668614,68978438,66.3,121.4,43.24
1.04,1.3,1535,4200,"High-rise",222.1,505497,525,78732663,112271967,155.8,222.1,43.24
1.14,1.6,1165,4570,"High-rise",177,526987,602,59513299,93286013,112.9,177,43.24
0.81,1.1,1805,3789,"High-rise",139.6,769024,624,67674257,107384737,88,139.6,512.18
0.93,1.3,1165,4570,"High-rise",117.3,689000,640,64121588,80810850,93.1,117.3,43.24
0.95,1.2,1272,4423,"High-rise",107.9,857404,814,39040292,92503412,45.5,107.9,43.24
0.72,1.5,1805,3789,"High-rise",116.5,1258958,912,72692612,146685816,57.7,116.5,512.18
